page_id,candidate_label,statue_id,source_type,source_query,commons_title,commons_page_url,download_url,local_path,sha1,width,height,license,author
14534125,samathi,Emerald Buddha,category,Category:Emerald Buddha,File:Emerald Buddah Bangkok.jpg,https://commons.wikimedia.org/wiki/File:Emerald_Buddah_Bangkok.jpg,https://upload.wikimedia.org/wikipedia/commons/9/9b/Emerald_Buddah_Bangkok.jpg,images/samathi/14534125_Emerald_Buddah_Bangkok.jpg,8e3d18f7add4513a32d0627d609f1456fb268bf8,1247,1149,CC0,Russell Wade
123334815,samathi,Emerald Buddha,category,Category:Emerald Buddha,File:(2022) พระบรมมหาราชวังและวัดพระศรีรัตนศาสดาราม เขตพระนคร กรุงเทพมหานคร (34).jpg,https://commons.wikimedia.org/wiki/File:(2022)_%E0%B8%9E%E0%B8%A3%E0%B8%B0%E0%B8%9A%E0%B8%A3%E0%B8%A1%E0%B8%A1%E0%B8%AB%E0%B8%B2%E0%B8%A3%E0%B8%B2%E0%B8%8A%E0%B8%A7%E0%B8%B1%E0%B8%87%E0%B9%81%E0%B8%A5%E0%B8%B0%E0%B8%A7%E0%B8%B1%E0%B8%94%E0%B8%9E%E0%B8%A3%E0%B8%B0%E0%B8%A8%E0%B8%A3%E0%B8%B5%E0%B8%A3%E0%B8%B1%E0%B8%95%E0%B8%99%E0%B8%A8%E0%B8%B2%E0%B8%AA%E0%B8%94%E0%B8%B2%E0%B8%A3%E0%B8%B2%E0%B8%A1_%E0%B9%80%E0%B8%82%E0%B8%95%E0%B8%9E%E0%B8%A3%E0%B8%B0%E0%B8%99%E0%B8%84%E0%B8%A3_%E0%B8%81%E0%B8%A3%E0%B8%B8%E0%B8%87%E0%B9%80%E0%B8%97%E0%B8%9E%E0%B8%A1%E0%B8%AB%E0%B8%B2%E0%B8%99%E0%B8%84%E0%B8%A3_(34).jpg,https://upload.wikimedia.org/wikipedia/commons/thumb/6/61/%282022%29_%E0%B8%9E%E0%B8%A3%E0%B8%B0%E0%B8%9A%E0%B8%A3%E0%B8%A1%E0%B8%A1%E0%B8%AB%E0%B8%B2%E0%B8%A3%E0%B8%B2%E0%B8%8A%E0%B8%A7%E0%B8%B1%E0%B8%87%E0%B9%81%E0%B8%A5%E0%B8%B0%E0%B8%A7%E0%B8%B1%E0%B8%94%E0%B8%9E%E0%B8%A3%E0%B8%B0%E0%B8%A8%E0%B8%A3%E0%B8%B5%E0%B8%A3%E0%B8%B1%E0%B8%95%E0%B8%99%E0%B8%A8%E0%B8%B2%E0%B8%AA%E0%B8%94%E0%B8%B2%E0%B8%A3%E0%B8%B2%E0%B8%A1_%E0%B9%80%E0%B8%82%E0%B8%95%E0%B8%9E%E0%B8%A3%E0%B8%B0%E0%B8%99%E0%B8%84%E0%B8%A3_%E0%B8%81%E0%B8%A3%E0%B8%B8%E0%B8%87%E0%B9%80%E0%B8%97%E0%B8%9E%E0%B8%A1%E0%B8%AB%E0%B8%B2%E0%B8%99%E0%B8%84%E0%B8%A3_%2834%29.jpg/1920px-thumbnail.jpg,images/samathi/123334815_(2022)_พระบรมมหาราชวังและวัดพระศรีรัตนศาสดาราม_เขตพระนคร_กรุงเทพมหานคร_(34).jpg,8865345f711a5a3c13cc3c7c032087dcc4a3ddfd,4000,6000,CC BY-SA 4.0,กสิณธร ราชโอรส
123334850,samathi,Emerald Buddha,category,Category:Emerald Buddha,File:(2022) พระบรมมหาราชวังและวัดพระศรีรัตนศาสดาราม เขตพระนคร กรุงเทพมหานคร (48).jpg,https://commons.wikimedia.org/wiki/File:(2022)_%E0%B8%9E%E0%B8%A3%E0%B8%B0%E0%B8%9A%E0%B8%A3%E0%B8%A1%E0%B8%A1%E0%B8%AB%E0%B8%B2%E0%B8%A3%E0%B8%B2%E0%B8%8A%E0%B8%A7%E0%B8%B1%E0%B8%87%E0%B9%81%E0%B8%A5%E0%B8%B0%E0%B8%A7%E0%B8%B1%E0%B8%94%E0%B8%9E%E0%B8%A3%E0%B8%B0%E0%B8%A8%E0%B8%A3%E0%B8%B5%E0%B8%A3%E0%B8%B1%E0%B8%95%E0%B8%99%E0%B8%A8%E0%B8%B2%E0%B8%AA%E0%B8%94%E0%B8%B2%E0%B8%A3%E0%B8%B2%E0%B8%A1_%E0%B9%80%E0%B8%82%E0%B8%95%E0%B8%9E%E0%B8%A3%E0%B8%B0%E0%B8%99%E0%B8%84%E0%B8%A3_%E0%B8%81%E0%B8%A3%E0%B8%B8%E0%B8%87%E0%B9%80%E0%B8%97%E0%B8%9E%E0%B8%A1%E0%B8%AB%E0%B8%B2%E0%B8%99%E0%B8%84%E0%B8%A3_(48).jpg,https://upload.wikimedia.org/wikipedia/commons/thumb/1/10/%282022%29_%E0%B8%9E%E0%B8%A3%E0%B8%B0%E0%B8%9A%E0%B8%A3%E0%B8%A1%E0%B8%A1%E0%B8%AB%E0%B8%B2%E0%B8%A3%E0%B8%B2%E0%B8%8A%E0%B8%A7%E0%B8%B1%E0%B8%87%E0%B9%81%E0%B8%A5%E0%B8%B0%E0%B8%A7%E0%B8%B1%E0%B8%94%E0%B8%9E%E0%B8%A3%E0%B8%B0%E0%B8%A8%E0%B8%A3%E0%B8%B5%E0%B8%A3%E0%B8%B1%E0%B8%95%E0%B8%99%E0%B8%A8%E0%B8%B2%E0%B8%AA%E0%B8%94%E0%B8%B2%E0%B8%A3%E0%B8%B2%E0%B8%A1_%E0%B9%80%E0%B8%82%E0%B8%95%E0%B8%9E%E0%B8%A3%E0%B8%B0%E0%B8%99%E0%B8%84%E0%B8%A3_%E0%B8%81%E0%B8%A3%E0%B8%B8%E0%B8%87%E0%B9%80%E0%B8%97%E0%B8%9E%E0%B8%A1%E0%B8%AB%E0%B8%B2%E0%B8%99%E0%B8%84%E0%B8%A3_%2848%29.jpg/1920px-thumbnail.jpg,images/samathi/123334850_(2022)_พระบรมมหาราชวังและวัดพระศรีรัตนศาสดาราม_เขตพระนคร_กรุงเทพมหานคร_(48).jpg,aa277952c0a8c7a8b5abd3caaddf25fe7e233e2d,4592,3448,CC BY-SA 4.0,กสิณธร ราชโอรส
123334874,samathi,Emerald Buddha,category,Category:Emerald Buddha,File:(2022) พระบรมมหาราชวังและวัดพระศรีรัตนศาสดาราม เขตพระนคร กรุงเทพมหานคร (29).jpg,https://commons.wikimedia.org/wiki/File:(2022)_%E0%B8%9E%E0%B8%A3%E0%B8%B0%E0%B8%9A%E0%B8%A3%E0%B8%A1%E0%B8%A1%E0%B8%AB%E0%B8%B2%E0%B8%A3%E0%B8%B2%E0%B8%8A%E0%B8%A7%E0%B8%B1%E0%B8%87%E0%B9%81%E0%B8%A5%E0%B8%B0%E0%B8%A7%E0%B8%B1%E0%B8%94%E0%B8%9E%E0%B8%A3%E0%B8%B0%E0%B8%A8%E0%B8%A3%E0%B8%B5%E0%B8%A3%E0%B8%B1%E0%B8%95%E0%B8%99%E0%B8%A8%E0%B8%B2%E0%B8%AA%E0%B8%94%E0%B8%B2%E0%B8%A3%E0%B8%B2%E0%B8%A1_%E0%B9%80%E0%B8%82%E0%B8%95%E0%B8%9E%E0%B8%A3%E0%B8%B0%E0%B8%99%E0%B8%84%E0%B8%A3_%E0%B8%81%E0%B8%A3%E0%B8%B8%E0%B8%87%E0%B9%80%E0%B8%97%E0%B8%9E%E0%B8%A1%E0%B8%AB%E0%B8%B2%E0%B8%99%E0%B8%84%E0%B8%A3_(29).jpg,https://upload.wikimedia.org/wikipedia/commons/thumb/6/6d/%282022%29_%E0%B8%9E%E0%B8%A3%E0%B8%B0%E0%B8%9A%E0%B8%A3%E0%B8%A1%E0%B8%A1%E0%B8%AB%E0%B8%B2%E0%B8%A3%E0%B8%B2%E0%B8%8A%E0%B8%A7%E0%B8%B1%E0%B8%87%E0%B9%81%E0%B8%A5%E0%B8%B0%E0%B8%A7%E0%B8%B1%E0%B8%94%E0%B8%9E%E0%B8%A3%E0%B8%B0%E0%B8%A8%E0%B8%A3%E0%B8%B5%E0%B8%A3%E0%B8%B1%E0%B8%95%E0%B8%99%E0%B8%A8%E0%B8%B2%E0%B8%AA%E0%B8%94%E0%B8%B2%E0%B8%A3%E0%B8%B2%E0%B8%A1_%E0%B9%80%E0%B8%82%E0%B8%95%E0%B8%9E%E0%B8%A3%E0%B8%B0%E0%B8%99%E0%B8%84%E0%B8%A3_%E0%B8%81%E0%B8%A3%E0%B8%B8%E0%B8%87%E0%B9%80%E0%B8%97%E0%B8%9E%E0%B8%A1%E0%B8%AB%E0%B8%B2%E0%B8%99%E0%B8%84%E0%B8%A3_%2829%29.jpg/1920px-thumbnail.jpg,images/samathi/123334874_(2022)_พระบรมมหาราชวังและวัดพระศรีรัตนศาสดาราม_เขตพระนคร_กรุงเทพมหานคร_(29).jpg,6481b38ae1142a1ae8508743c7a66ae62cef8396,4000,6000,CC BY-SA 4.0,กสิณธร ราชโอรส
131094489,samathi,Emerald Buddha,category,Category:Emerald Buddha,File:Burmese sign at Na Phra Lan Pedestrian Tunnel.jpg,https://commons.wikimedia.org/wiki/File:Burmese_sign_at_Na_Phra_Lan_Pedestrian_Tunnel.jpg,https://upload.wikimedia.org/wikipedia/commons/thumb/1/1e/Burmese_sign_at_Na_Phra_Lan_Pedestrian_Tunnel.jpg/1920px-Burmese_sign_at_Na_Phra_Lan_Pedestrian_Tunnel.jpg,images/samathi/131094489_Burmese_sign_at_Na_Phra_Lan_Pedestrian_Tunnel.jpg,35ac6a0e88bddf025b790b7b151881afd1028f09,3024,4032,CC BY-SA 4.0,Griff88
5802733,samathi,Jade Buddha of Chiang Rai,category,Category:Jade Buddha of Chiang Rai,File:Chiang Rai-Wat Phra Kaeo-001.jpg,https://commons.wikimedia.org/wiki/File:Chiang_Rai-Wat_Phra_Kaeo-001.jpg,https://upload.wikimedia.org/wikipedia/commons/thumb/6/65/Chiang_Rai-Wat_Phra_Kaeo-001.jpg/1920px-Chiang_Rai-Wat_Phra_Kaeo-001.jpg,images/samathi/5802733_Chiang_Rai-Wat_Phra_Kaeo-001.jpg,631ce36ce7b2085b31bb9073f9a05c8c556ee0d1,2491,3737,CC BY-SA 3.0,Ddalbiez
61046397,samathi,Jade Buddha of Chiang Rai,category,Category:Jade Buddha of Chiang Rai,"File:Wat Phra Kaeo, Chiang Rai - 2017-06-27 (054).jpg","https://commons.wikimedia.org/wiki/File:Wat_Phra_Kaeo,_Chiang_Rai_-_2017-06-27_(054).jpg",https://upload.wikimedia.org/wikipedia/commons/thumb/c/c6/Wat_Phra_Kaeo%2C_Chiang_Rai_-_2017-06-27_%28054%29.jpg/1920px-Wat_Phra_Kaeo%2C_Chiang_Rai_-_2017-06-27_%28054%29.jpg,"images/samathi/61046397_Wat_Phra_Kaeo,_Chiang_Rai_-_2017-06-27_(054).jpg",c7d2697d9635effbda91cade1d63da4e02e4b061,4032,3024,CC0,Iudexvivorum
61046398,samathi,Jade Buddha of Chiang Rai,category,Category:Jade Buddha of Chiang Rai,"File:Wat Phra Kaeo, Chiang Rai - 2017-06-27 (055).jpg","https://commons.wikimedia.org/wiki/File:Wat_Phra_Kaeo,_Chiang_Rai_-_2017-06-27_(055).jpg",https://upload.wikimedia.org/wikipedia/commons/thumb/6/62/Wat_Phra_Kaeo%2C_Chiang_Rai_-_2017-06-27_%28055%29.jpg/1920px-Wat_Phra_Kaeo%2C_Chiang_Rai_-_2017-06-27_%28055%29.jpg,"images/samathi/61046398_Wat_Phra_Kaeo,_Chiang_Rai_-_2017-06-27_(055).jpg",9d445683361de64d58525a035e6cc3d662316adc,3024,4032,CC0,Iudexvivorum
61046399,samathi,Jade Buddha of Chiang Rai,category,Category:Jade Buddha of Chiang Rai,"File:Wat Phra Kaeo, Chiang Rai - 2017-06-27 (056).jpg","https://commons.wikimedia.org/wiki/File:Wat_Phra_Kaeo,_Chiang_Rai_-_2017-06-27_(056).jpg",https://upload.wikimedia.org/wikipedia/commons/thumb/f/ff/Wat_Phra_Kaeo%2C_Chiang_Rai_-_2017-06-27_%28056%29.jpg/1920px-Wat_Phra_Kaeo%2C_Chiang_Rai_-_2017-06-27_%28056%29.jpg,"images/samathi/61046399_Wat_Phra_Kaeo,_Chiang_Rai_-_2017-06-27_(056).jpg",f4e6daa77e17115df50f7644caafaea83df90e3d,3024,4032,CC0,Iudexvivorum
61046400,samathi,Jade Buddha of Chiang Rai,category,Category:Jade Buddha of Chiang Rai,"File:Wat Phra Kaeo, Chiang Rai - 2017-06-27 (057).jpg","https://commons.wikimedia.org/wiki/File:Wat_Phra_Kaeo,_Chiang_Rai_-_2017-06-27_(057).jpg",https://upload.wikimedia.org/wikipedia/commons/thumb/6/61/Wat_Phra_Kaeo%2C_Chiang_Rai_-_2017-06-27_%28057%29.jpg/1920px-Wat_Phra_Kaeo%2C_Chiang_Rai_-_2017-06-27_%28057%29.jpg,"images/samathi/61046400_Wat_Phra_Kaeo,_Chiang_Rai_-_2017-06-27_(057).jpg",f54aecfa2b3b6037b0a3f9453fa0967846494373,3024,4032,CC0,Iudexvivorum
51610967,samathi,Phra Phuttha Sihing,category,Category:Phra Phuttha Sihing,File:หอพระสิหิงค์.jpg,https://commons.wikimedia.org/wiki/File:%E0%B8%AB%E0%B8%AD%E0%B8%9E%E0%B8%A3%E0%B8%B0%E0%B8%AA%E0%B8%B4%E0%B8%AB%E0%B8%B4%E0%B8%87%E0%B8%84%E0%B9%8C.jpg,https://upload.wikimedia.org/wikipedia/commons/thumb/5/57/%E0%B8%AB%E0%B8%AD%E0%B8%9E%E0%B8%A3%E0%B8%B0%E0%B8%AA%E0%B8%B4%E0%B8%AB%E0%B8%B4%E0%B8%87%E0%B8%84%E0%B9%8C.jpg/1920px-%E0%B8%AB%E0%B8%AD%E0%B8%9E%E0%B8%A3%E0%B8%B0%E0%B8%AA%E0%B8%B4%E0%B8%AB%E0%B8%B4%E0%B8%87%E0%B8%84%E0%B9%8C.jpg,images/samathi/51610967_หอพระสิหิงค์.jpg,2d5c44a46e0a06a41f145f1b725b073f9d95e374,3456,2304,CC BY-SA 4.0,KOSIN SUKHUM
70165659,samathi,Phra Phuttha Sihing,category,Category:Phra Phuttha Sihing,File:Phra Phuttha Sihing in Wat Ratchapradit.jpg,https://commons.wikimedia.org/wiki/File:Phra_Phuttha_Sihing_in_Wat_Ratchapradit.jpg,https://upload.wikimedia.org/wikipedia/commons/thumb/3/37/Phra_Phuttha_Sihing_in_Wat_Ratchapradit.jpg/1920px-Phra_Phuttha_Sihing_in_Wat_Ratchapradit.jpg,images/samathi/70165659_Phra_Phuttha_Sihing_in_Wat_Ratchapradit.jpg,751f65e8c582bde2ab71289178118b003eac97b9,5144,3674,CC BY 4.0,"This Photo was taken by Supanut Arunoprayote.

Feel free to use any of my images, but please mention me as the author and may send me a message.  (สามารถใช้ภาพได้อิสระ แต่กรุณาใส่เครดิตผู้ถ่ายและอาจส่งข้อความบอกกล่าวด้วย) 



Please do not upload an updated image here without consultation with the Author. The author would like to make corrections only at his own source. This ensures that the changes are preserved.Please if you think that any changes should be required, please inform the author.Otherwise you can upload a new image with a new name. Please use one of the templates derivative or extract."
87654176,samathi,Phra Phuttha Sihing,category,Category:Phra Phuttha Sihing,"File:Phra Phuttha Sihing, Nakhon Si Thammarat (หอพระสิหิงค์).jpg","https://commons.wikimedia.org/wiki/File:Phra_Phuttha_Sihing,_Nakhon_Si_Thammarat_(%E0%B8%AB%E0%B8%AD%E0%B8%9E%E0%B8%A3%E0%B8%B0%E0%B8%AA%E0%B8%B4%E0%B8%AB%E0%B8%B4%E0%B8%87%E0%B8%84%E0%B9%8C).jpg",https://upload.wikimedia.org/wikipedia/commons/8/82/Phra_Phuttha_Sihing%2C_Nakhon_Si_Thammarat_%28%E0%B8%AB%E0%B8%AD%E0%B8%9E%E0%B8%A3%E0%B8%B0%E0%B8%AA%E0%B8%B4%E0%B8%AB%E0%B8%B4%E0%B8%87%E0%B8%84%E0%B9%8C%29.jpg,"images/samathi/87654176_Phra_Phuttha_Sihing,_Nakhon_Si_Thammarat_(หอพระสิหิงค์).jpg",27e9e1751c6708bbb14656291adc5b2a2e4a4f6e,513,330,CC BY-SA 4.0,KOSIN SUKHUM
187695013,samathi,Phra Phuttha Sihing,category,Category:Phra Phuttha Sihing,"File:Phra Phuttha Sihing Replica, Nakhon Si Thammarat.jpg","https://commons.wikimedia.org/wiki/File:Phra_Phuttha_Sihing_Replica,_Nakhon_Si_Thammarat.jpg",https://upload.wikimedia.org/wikipedia/commons/thumb/9/9c/Phra_Phuttha_Sihing_Replica%2C_Nakhon_Si_Thammarat.jpg/1920px-Phra_Phuttha_Sihing_Replica%2C_Nakhon_Si_Thammarat.jpg,"images/samathi/187695013_Phra_Phuttha_Sihing_Replica,_Nakhon_Si_Thammarat.jpg",5906714e5b450683fc41beba3d4b2f9d4fb18126,3060,4080,CC BY 4.0,Wutkh
53215177,prathanphon,Luang Pho Chin Prathan Phon,category,Category:Luang Pho Chin Prathan Phon,"File:Muang Chum, Tha Muang District, Kanchanaburi, Thailand - panoramio (3).jpg","https://commons.wikimedia.org/wiki/File:Muang_Chum,_Tha_Muang_District,_Kanchanaburi,_Thailand_-_panoramio_(3).jpg",https://upload.wikimedia.org/wikipedia/commons/thumb/7/7c/Muang_Chum%2C_Tha_Muang_District%2C_Kanchanaburi%2C_Thailand_-_panoramio_%283%29.jpg/1920px-Muang_Chum%2C_Tha_Muang_District%2C_Kanchanaburi%2C_Thailand_-_panoramio_%283%29.jpg,"images/prathanphon/53215177_Muang_Chum,_Tha_Muang_District,_Kanchanaburi,_Thailand_-_panoramio_(3).jpg",6f531ccaf7385ee6b50e5e19de9bbcff9b53469b,2048,1536,CC BY-SA 3.0,Andreyka Q
83567790,prathanphon,Luang Pho Chin Prathan Phon,category,Category:Luang Pho Chin Prathan Phon,File:Temple (205827271).jpeg,https://commons.wikimedia.org/wiki/File:Temple_(205827271).jpeg,https://upload.wikimedia.org/wikipedia/commons/thumb/4/44/Temple_%28205827271%29.jpeg/1920px-Temple_%28205827271%29.jpeg,images/prathanphon/83567790_Temple_(205827271).jpg,b10275b4e464f31ff35e87c796b58c4f46d0c133,2048,1365,CC0,Kanchana Naoak
83567791,prathanphon,Luang Pho Chin Prathan Phon,category,Category:Luang Pho Chin Prathan Phon,File:Temple (205827189).jpeg,https://commons.wikimedia.org/wiki/File:Temple_(205827189).jpeg,https://upload.wikimedia.org/wikipedia/commons/thumb/f/fc/Temple_%28205827189%29.jpeg/1920px-Temple_%28205827189%29.jpeg,images/prathanphon/83567791_Temple_(205827189).jpg,149c8de75f16a3af54b49ea7df655bcef80e4001,2048,1365,CC0,Kanchana Naoak
83747201,prathanphon,Luang Pho Chin Prathan Phon,category,Category:Luang Pho Chin Prathan Phon,File:Big Buddha Wat Tham Seua.jpg,https://commons.wikimedia.org/wiki/File:Big_Buddha_Wat_Tham_Seua.jpg,https://upload.wikimedia.org/wikipedia/commons/6/6e/Big_Buddha_Wat_Tham_Seua.jpg,images/prathanphon/83747201_Big_Buddha_Wat_Tham_Seua.jpg,b594a643e169bd7f383343af26704700bf932a51,693,908,CC BY-SA 4.0,Chainwit.
148680573,prathanphon,Luang Pho Chin Prathan Phon,category,Category:Luang Pho Chin Prathan Phon,"File:Wat Tham Suea,Kanchanaburi (11).jpg","https://commons.wikimedia.org/wiki/File:Wat_Tham_Suea,Kanchanaburi_(11).jpg",https://upload.wikimedia.org/wikipedia/commons/thumb/9/98/Wat_Tham_Suea%2CKanchanaburi_%2811%29.jpg/1920px-Wat_Tham_Suea%2CKanchanaburi_%2811%29.jpg,"images/prathanphon/148680573_Wat_Tham_Suea,Kanchanaburi_(11).jpg",ed4071d17b8f97a29b24adabb3569e9fa02461d6,3240,4320,CC BY-SA 4.0,กสิณธร ราชโอรส
35362876,samathi,unresolved:samathi:825575b9caf2,text_search,ปางสมาธิ พระพุทธรูป,File:พระมหาพุทธพิมพ์ หรือ หลวงพ่อโต วัดไชโย Phra Maha Buddha Pim or Great Buddha of Wat Chaiyo.jpg,https://commons.wikimedia.org/wiki/File:%E0%B8%9E%E0%B8%A3%E0%B8%B0%E0%B8%A1%E0%B8%AB%E0%B8%B2%E0%B8%9E%E0%B8%B8%E0%B8%97%E0%B8%98%E0%B8%9E%E0%B8%B4%E0%B8%A1%E0%B8%9E%E0%B9%8C_%E0%B8%AB%E0%B8%A3%E0%B8%B7%E0%B8%AD_%E0%B8%AB%E0%B8%A5%E0%B8%A7%E0%B8%87%E0%B8%9E%E0%B9%88%E0%B8%AD%E0%B9%82%E0%B8%95_%E0%B8%A7%E0%B8%B1%E0%B8%94%E0%B9%84%E0%B8%8A%E0%B9%82%E0%B8%A2_Phra_Maha_Buddha_Pim_or_Great_Buddha_of_Wat_Chaiyo.jpg,https://upload.wikimedia.org/wikipedia/commons/2/2e/%E0%B8%9E%E0%B8%A3%E0%B8%B0%E0%B8%A1%E0%B8%AB%E0%B8%B2%E0%B8%9E%E0%B8%B8%E0%B8%97%E0%B8%98%E0%B8%9E%E0%B8%B4%E0%B8%A1%E0%B8%9E%E0%B9%8C_%E0%B8%AB%E0%B8%A3%E0%B8%B7%E0%B8%AD_%E0%B8%AB%E0%B8%A5%E0%B8%A7%E0%B8%87%E0%B8%9E%E0%B9%88%E0%B8%AD%E0%B9%82%E0%B8%95_%E0%B8%A7%E0%B8%B1%E0%B8%94%E0%B9%84%E0%B8%8A%E0%B9%82%E0%B8%A2_Phra_Maha_Buddha_Pim_or_Great_Buddha_of_Wat_Chaiyo.jpg,images/samathi/35362876_พระมหาพุทธพิมพ์_หรือ_หลวงพ่อโต_วัดไชโย_Phra_Maha_Buddha_Pim_or_Great_Buddha_of_Wat_Chaiyo.jpg,19fef52b34bcfdbec716ed12ea29786f4beb121a,720,960,CC BY-SA 3.0,กสิณธร ราชโอรส
35749823,samathi,unresolved:samathi:d66f9ee08392,text_search,ปางสมาธิ พระพุทธรูป,File:วัดพนัญเชิงวรวิหาร 2.JPG,https://commons.wikimedia.org/wiki/File:%E0%B8%A7%E0%B8%B1%E0%B8%94%E0%B8%9E%E0%B8%99%E0%B8%B1%E0%B8%8D%E0%B9%80%E0%B8%8A%E0%B8%B4%E0%B8%87%E0%B8%A7%E0%B8%A3%E0%B8%A7%E0%B8%B4%E0%B8%AB%E0%B8%B2%E0%B8%A3_2.JPG,https://upload.wikimedia.org/wikipedia/commons/thumb/b/ba/%E0%B8%A7%E0%B8%B1%E0%B8%94%E0%B8%9E%E0%B8%99%E0%B8%B1%E0%B8%8D%E0%B9%80%E0%B8%8A%E0%B8%B4%E0%B8%87%E0%B8%A7%E0%B8%A3%E0%B8%A7%E0%B8%B4%E0%B8%AB%E0%B8%B2%E0%B8%A3_2.JPG/1920px-%E0%B8%A7%E0%B8%B1%E0%B8%94%E0%B8%9E%E0%B8%99%E0%B8%B1%E0%B8%8D%E0%B9%80%E0%B8%8A%E0%B8%B4%E0%B8%87%E0%B8%A7%E0%B8%A3%E0%B8%A7%E0%B8%B4%E0%B8%AB%E0%B8%B2%E0%B8%A3_2.JPG,images/samathi/35749823_วัดพนัญเชิงวรวิหาร_2.jpg,85fbfc78c7a2edc99912595014d9356a39fdd426,4752,3168,CC BY-SA 3.0,Yakuzakorat
35749825,samathi,unresolved:samathi:3dfb92fbc29f,text_search,ปางสมาธิ พระพุทธรูป,File:วัดพนัญเชิงวรวิหาร 3.JPG,https://commons.wikimedia.org/wiki/File:%E0%B8%A7%E0%B8%B1%E0%B8%94%E0%B8%9E%E0%B8%99%E0%B8%B1%E0%B8%8D%E0%B9%80%E0%B8%8A%E0%B8%B4%E0%B8%87%E0%B8%A7%E0%B8%A3%E0%B8%A7%E0%B8%B4%E0%B8%AB%E0%B8%B2%E0%B8%A3_3.JPG,https://upload.wikimedia.org/wikipedia/commons/thumb/7/7f/%E0%B8%A7%E0%B8%B1%E0%B8%94%E0%B8%9E%E0%B8%99%E0%B8%B1%E0%B8%8D%E0%B9%80%E0%B8%8A%E0%B8%B4%E0%B8%87%E0%B8%A7%E0%B8%A3%E0%B8%A7%E0%B8%B4%E0%B8%AB%E0%B8%B2%E0%B8%A3_3.JPG/1920px-%E0%B8%A7%E0%B8%B1%E0%B8%94%E0%B8%9E%E0%B8%99%E0%B8%B1%E0%B8%8D%E0%B9%80%E0%B8%8A%E0%B8%B4%E0%B8%87%E0%B8%A7%E0%B8%A3%E0%B8%A7%E0%B8%B4%E0%B8%AB%E0%B8%B2%E0%B8%A3_3.JPG,images/samathi/35749825_วัดพนัญเชิงวรวิหาร_3.jpg,df670a7b4abe8c36553b1c0e5665e393f6c7948f,4752,3168,CC BY-SA 3.0,Yakuzakorat
35749826,samathi,unresolved:samathi:9c9b72e6ff4b,text_search,ปางสมาธิ พระพุทธรูป,File:วัดพนัญเชิงวรวิหาร 1.JPG,https://commons.wikimedia.org/wiki/File:%E0%B8%A7%E0%B8%B1%E0%B8%94%E0%B8%9E%E0%B8%99%E0%B8%B1%E0%B8%8D%E0%B9%80%E0%B8%8A%E0%B8%B4%E0%B8%87%E0%B8%A7%E0%B8%A3%E0%B8%A7%E0%B8%B4%E0%B8%AB%E0%B8%B2%E0%B8%A3_1.JPG,https://upload.wikimedia.org/wikipedia/commons/thumb/b/bd/%E0%B8%A7%E0%B8%B1%E0%B8%94%E0%B8%9E%E0%B8%99%E0%B8%B1%E0%B8%8D%E0%B9%80%E0%B8%8A%E0%B8%B4%E0%B8%87%E0%B8%A7%E0%B8%A3%E0%B8%A7%E0%B8%B4%E0%B8%AB%E0%B8%B2%E0%B8%A3_1.JPG/1920px-%E0%B8%A7%E0%B8%B1%E0%B8%94%E0%B8%9E%E0%B8%99%E0%B8%B1%E0%B8%8D%E0%B9%80%E0%B8%8A%E0%B8%B4%E0%B8%87%E0%B8%A7%E0%B8%A3%E0%B8%A7%E0%B8%B4%E0%B8%AB%E0%B8%B2%E0%B8%A3_1.JPG,images/samathi/35749826_วัดพนัญเชิงวรวิหาร_1.jpg,2f828c5987aebbd4dd24ef2ce21eee871d250906,4501,3001,CC BY-SA 3.0,Yakuzakorat
35750090,samathi,unresolved:samathi:e3338adf4ec5,text_search,ปางสมาธิ พระพุทธรูป,File:วัดพนัญเชิงวรวิหาร 5.JPG,https://commons.wikimedia.org/wiki/File:%E0%B8%A7%E0%B8%B1%E0%B8%94%E0%B8%9E%E0%B8%99%E0%B8%B1%E0%B8%8D%E0%B9%80%E0%B8%8A%E0%B8%B4%E0%B8%87%E0%B8%A7%E0%B8%A3%E0%B8%A7%E0%B8%B4%E0%B8%AB%E0%B8%B2%E0%B8%A3_5.JPG,https://upload.wikimedia.org/wikipedia/commons/thumb/3/34/%E0%B8%A7%E0%B8%B1%E0%B8%94%E0%B8%9E%E0%B8%99%E0%B8%B1%E0%B8%8D%E0%B9%80%E0%B8%8A%E0%B8%B4%E0%B8%87%E0%B8%A7%E0%B8%A3%E0%B8%A7%E0%B8%B4%E0%B8%AB%E0%B8%B2%E0%B8%A3_5.JPG/1920px-%E0%B8%A7%E0%B8%B1%E0%B8%94%E0%B8%9E%E0%B8%99%E0%B8%B1%E0%B8%8D%E0%B9%80%E0%B8%8A%E0%B8%B4%E0%B8%87%E0%B8%A7%E0%B8%A3%E0%B8%A7%E0%B8%B4%E0%B8%AB%E0%B8%B2%E0%B8%A3_5.JPG,images/samathi/35750090_วัดพนัญเชิงวรวิหาร_5.jpg,948459bcab449bdbb89861fcafef854090f8aa47,5472,3648,CC BY-SA 3.0,Yakuzakorat
35750095,samathi,unresolved:samathi:b1e9e361827b,text_search,ปางสมาธิ พระพุทธรูป,File:วัดพนัญเชิงวรวิหาร 7.JPG,https://commons.wikimedia.org/wiki/File:%E0%B8%A7%E0%B8%B1%E0%B8%94%E0%B8%9E%E0%B8%99%E0%B8%B1%E0%B8%8D%E0%B9%80%E0%B8%8A%E0%B8%B4%E0%B8%87%E0%B8%A7%E0%B8%A3%E0%B8%A7%E0%B8%B4%E0%B8%AB%E0%B8%B2%E0%B8%A3_7.JPG,https://upload.wikimedia.org/wikipedia/commons/thumb/b/be/%E0%B8%A7%E0%B8%B1%E0%B8%94%E0%B8%9E%E0%B8%99%E0%B8%B1%E0%B8%8D%E0%B9%80%E0%B8%8A%E0%B8%B4%E0%B8%87%E0%B8%A7%E0%B8%A3%E0%B8%A7%E0%B8%B4%E0%B8%AB%E0%B8%B2%E0%B8%A3_7.JPG/1920px-%E0%B8%A7%E0%B8%B1%E0%B8%94%E0%B8%9E%E0%B8%99%E0%B8%B1%E0%B8%8D%E0%B9%80%E0%B8%8A%E0%B8%B4%E0%B8%87%E0%B8%A7%E0%B8%A3%E0%B8%A7%E0%B8%B4%E0%B8%AB%E0%B8%B2%E0%B8%A3_7.JPG,images/samathi/35750095_วัดพนัญเชิงวรวิหาร_7.jpg,db0daa45b631c17f542fa5df23f3a6c56b7e7440,3648,5472,CC BY-SA 3.0,Yakuzakorat
35750096,samathi,unresolved:samathi:b3be32ccb81b,text_search,ปางสมาธิ พระพุทธรูป,File:วัดพนัญเชิงวรวิหาร 9.JPG,https://commons.wikimedia.org/wiki/File:%E0%B8%A7%E0%B8%B1%E0%B8%94%E0%B8%9E%E0%B8%99%E0%B8%B1%E0%B8%8D%E0%B9%80%E0%B8%8A%E0%B8%B4%E0%B8%87%E0%B8%A7%E0%B8%A3%E0%B8%A7%E0%B8%B4%E0%B8%AB%E0%B8%B2%E0%B8%A3_9.JPG,https://upload.wikimedia.org/wikipedia/commons/thumb/1/11/%E0%B8%A7%E0%B8%B1%E0%B8%94%E0%B8%9E%E0%B8%99%E0%B8%B1%E0%B8%8D%E0%B9%80%E0%B8%8A%E0%B8%B4%E0%B8%87%E0%B8%A7%E0%B8%A3%E0%B8%A7%E0%B8%B4%E0%B8%AB%E0%B8%B2%E0%B8%A3_9.JPG/1920px-%E0%B8%A7%E0%B8%B1%E0%B8%94%E0%B8%9E%E0%B8%99%E0%B8%B1%E0%B8%8D%E0%B9%80%E0%B8%8A%E0%B8%B4%E0%B8%87%E0%B8%A7%E0%B8%A3%E0%B8%A7%E0%B8%B4%E0%B8%AB%E0%B8%B2%E0%B8%A3_9.JPG,images/samathi/35750096_วัดพนัญเชิงวรวิหาร_9.jpg,b41e300dd55ce7c73d33e55ecb46260b0d303263,5472,3648,CC BY-SA 3.0,Yakuzakorat
35750097,samathi,unresolved:samathi:bec440afac47,text_search,ปางสมาธิ พระพุทธรูป,File:วัดพนัญเชิงวรวิหาร 8.JPG,https://commons.wikimedia.org/wiki/File:%E0%B8%A7%E0%B8%B1%E0%B8%94%E0%B8%9E%E0%B8%99%E0%B8%B1%E0%B8%8D%E0%B9%80%E0%B8%8A%E0%B8%B4%E0%B8%87%E0%B8%A7%E0%B8%A3%E0%B8%A7%E0%B8%B4%E0%B8%AB%E0%B8%B2%E0%B8%A3_8.JPG,https://upload.wikimedia.org/wikipedia/commons/thumb/f/f0/%E0%B8%A7%E0%B8%B1%E0%B8%94%E0%B8%9E%E0%B8%99%E0%B8%B1%E0%B8%8D%E0%B9%80%E0%B8%8A%E0%B8%B4%E0%B8%87%E0%B8%A7%E0%B8%A3%E0%B8%A7%E0%B8%B4%E0%B8%AB%E0%B8%B2%E0%B8%A3_8.JPG/1920px-%E0%B8%A7%E0%B8%B1%E0%B8%94%E0%B8%9E%E0%B8%99%E0%B8%B1%E0%B8%8D%E0%B9%80%E0%B8%8A%E0%B8%B4%E0%B8%87%E0%B8%A7%E0%B8%A3%E0%B8%A7%E0%B8%B4%E0%B8%AB%E0%B8%B2%E0%B8%A3_8.JPG,images/samathi/35750097_วัดพนัญเชิงวรวิหาร_8.jpg,ba282a88e5818b721735fb8cd8b9a341c89048ac,5472,3648,CC BY-SA 3.0,Yakuzakorat
35750367,samathi,unresolved:samathi:b6e645d51c25,text_search,ปางสมาธิ พระพุทธรูป,File:วัดพนัญเชิงวรวิหาร 6.JPG,https://commons.wikimedia.org/wiki/File:%E0%B8%A7%E0%B8%B1%E0%B8%94%E0%B8%9E%E0%B8%99%E0%B8%B1%E0%B8%8D%E0%B9%80%E0%B8%8A%E0%B8%B4%E0%B8%87%E0%B8%A7%E0%B8%A3%E0%B8%A7%E0%B8%B4%E0%B8%AB%E0%B8%B2%E0%B8%A3_6.JPG,https://upload.wikimedia.org/wikipedia/commons/thumb/d/d3/%E0%B8%A7%E0%B8%B1%E0%B8%94%E0%B8%9E%E0%B8%99%E0%B8%B1%E0%B8%8D%E0%B9%80%E0%B8%8A%E0%B8%B4%E0%B8%87%E0%B8%A7%E0%B8%A3%E0%B8%A7%E0%B8%B4%E0%B8%AB%E0%B8%B2%E0%B8%A3_6.JPG/1920px-%E0%B8%A7%E0%B8%B1%E0%B8%94%E0%B8%9E%E0%B8%99%E0%B8%B1%E0%B8%8D%E0%B9%80%E0%B8%8A%E0%B8%B4%E0%B8%87%E0%B8%A7%E0%B8%A3%E0%B8%A7%E0%B8%B4%E0%B8%AB%E0%B8%B2%E0%B8%A3_6.JPG,images/samathi/35750367_วัดพนัญเชิงวรวิหาร_6.jpg,2af106f6d4a6af966f376527501528d3a73b2e37,5472,3648,CC BY-SA 3.0,Yakuzakorat
36579786,samathi,unresolved:samathi:76beff4369c6,text_search,ปางสมาธิ พระพุทธรูป,File:พระประธานกลางโดมลานธรรมวัดบ้านอรุณพัฒนา n.jpg,https://commons.wikimedia.org/wiki/File:%E0%B8%9E%E0%B8%A3%E0%B8%B0%E0%B8%9B%E0%B8%A3%E0%B8%B0%E0%B8%98%E0%B8%B2%E0%B8%99%E0%B8%81%E0%B8%A5%E0%B8%B2%E0%B8%87%E0%B9%82%E0%B8%94%E0%B8%A1%E0%B8%A5%E0%B8%B2%E0%B8%99%E0%B8%98%E0%B8%A3%E0%B8%A3%E0%B8%A1%E0%B8%A7%E0%B8%B1%E0%B8%94%E0%B8%9A%E0%B9%89%E0%B8%B2%E0%B8%99%E0%B8%AD%E0%B8%A3%E0%B8%B8%E0%B8%93%E0%B8%9E%E0%B8%B1%E0%B8%92%E0%B8%99%E0%B8%B2_n.jpg,https://upload.wikimedia.org/wikipedia/commons/a/ad/%E0%B8%9E%E0%B8%A3%E0%B8%B0%E0%B8%9B%E0%B8%A3%E0%B8%B0%E0%B8%98%E0%B8%B2%E0%B8%99%E0%B8%81%E0%B8%A5%E0%B8%B2%E0%B8%87%E0%B9%82%E0%B8%94%E0%B8%A1%E0%B8%A5%E0%B8%B2%E0%B8%99%E0%B8%98%E0%B8%A3%E0%B8%A3%E0%B8%A1%E0%B8%A7%E0%B8%B1%E0%B8%94%E0%B8%9A%E0%B9%89%E0%B8%B2%E0%B8%99%E0%B8%AD%E0%B8%A3%E0%B8%B8%E0%B8%93%E0%B8%9E%E0%B8%B1%E0%B8%92%E0%B8%99%E0%B8%B2_n.jpg,images/samathi/36579786_พระประธานกลางโดมลานธรรมวัดบ้านอรุณพัฒนา_n.jpg,bdaed59bb2b7c42ed135fcd0b99a7c55d360cf04,960,720,CC BY-SA 4.0,Phuchai
36579789,samathi,unresolved:samathi:6a2aeca5ba5e,text_search,ปางสมาธิ พระพุทธรูป,File:พระประธานพระพุทธรูปประจำศาลา ปาง นั้งสมาธิ n.jpg,https://commons.wikimedia.org/wiki/File:%E0%B8%9E%E0%B8%A3%E0%B8%B0%E0%B8%9B%E0%B8%A3%E0%B8%B0%E0%B8%98%E0%B8%B2%E0%B8%99%E0%B8%9E%E0%B8%A3%E0%B8%B0%E0%B8%9E%E0%B8%B8%E0%B8%97%E0%B8%98%E0%B8%A3%E0%B8%B9%E0%B8%9B%E0%B8%9B%E0%B8%A3%E0%B8%B0%E0%B8%88%E0%B8%B3%E0%B8%A8%E0%B8%B2%E0%B8%A5%E0%B8%B2_%E0%B8%9B%E0%B8%B2%E0%B8%87_%E0%B8%99%E0%B8%B1%E0%B9%89%E0%B8%87%E0%B8%AA%E0%B8%A1%E0%B8%B2%E0%B8%98%E0%B8%B4_n.jpg,https://upload.wikimedia.org/wikipedia/commons/a/a3/%E0%B8%9E%E0%B8%A3%E0%B8%B0%E0%B8%9B%E0%B8%A3%E0%B8%B0%E0%B8%98%E0%B8%B2%E0%B8%99%E0%B8%9E%E0%B8%A3%E0%B8%B0%E0%B8%9E%E0%B8%B8%E0%B8%97%E0%B8%98%E0%B8%A3%E0%B8%B9%E0%B8%9B%E0%B8%9B%E0%B8%A3%E0%B8%B0%E0%B8%88%E0%B8%B3%E0%B8%A8%E0%B8%B2%E0%B8%A5%E0%B8%B2_%E0%B8%9B%E0%B8%B2%E0%B8%87_%E0%B8%99%E0%B8%B1%E0%B9%89%E0%B8%87%E0%B8%AA%E0%B8%A1%E0%B8%B2%E0%B8%98%E0%B8%B4_n.jpg,images/samathi/36579789_พระประธานพระพุทธรูปประจำศาลา_ปาง_นั้งสมาธิ_n.jpg,c2c9318af341d0eeb3e5e8dbb5bda3cde1ac5da9,720,960,CC BY-SA 4.0,Phuchai
50126182,samathi,unresolved:samathi:3ce225380b64,text_search,ปางสมาธิ พระพุทธรูป,File:พระพิมพ์ปางปาฏิหาริย์(พิมพ์บาง).jpg,https://commons.wikimedia.org/wiki/File:%E0%B8%9E%E0%B8%A3%E0%B8%B0%E0%B8%9E%E0%B8%B4%E0%B8%A1%E0%B8%9E%E0%B9%8C%E0%B8%9B%E0%B8%B2%E0%B8%87%E0%B8%9B%E0%B8%B2%E0%B8%8F%E0%B8%B4%E0%B8%AB%E0%B8%B2%E0%B8%A3%E0%B8%B4%E0%B8%A2%E0%B9%8C(%E0%B8%9E%E0%B8%B4%E0%B8%A1%E0%B8%9E%E0%B9%8C%E0%B8%9A%E0%B8%B2%E0%B8%87).jpg,https://upload.wikimedia.org/wikipedia/commons/1/13/%E0%B8%9E%E0%B8%A3%E0%B8%B0%E0%B8%9E%E0%B8%B4%E0%B8%A1%E0%B8%9E%E0%B9%8C%E0%B8%9B%E0%B8%B2%E0%B8%87%E0%B8%9B%E0%B8%B2%E0%B8%8F%E0%B8%B4%E0%B8%AB%E0%B8%B2%E0%B8%A3%E0%B8%B4%E0%B8%A2%E0%B9%8C%28%E0%B8%9E%E0%B8%B4%E0%B8%A1%E0%B8%9E%E0%B9%8C%E0%B8%9A%E0%B8%B2%E0%B8%87%29.jpg,images/samathi/50126182_พระพิมพ์ปางปาฏิหาริย์(พิมพ์บาง).jpg,f5e955768134873632de000d8edb495dfa0929e7,1200,900,CC BY-SA 4.0,Tombrembo
50126214,samathi,unresolved:samathi:79fc01f5c191,text_search,ปางสมาธิ พระพุทธรูป,File:พระพิมพ์ปางปาฏิหาริย์(พิมพ์หนา).jpg,https://commons.wikimedia.org/wiki/File:%E0%B8%9E%E0%B8%A3%E0%B8%B0%E0%B8%9E%E0%B8%B4%E0%B8%A1%E0%B8%9E%E0%B9%8C%E0%B8%9B%E0%B8%B2%E0%B8%87%E0%B8%9B%E0%B8%B2%E0%B8%8F%E0%B8%B4%E0%B8%AB%E0%B8%B2%E0%B8%A3%E0%B8%B4%E0%B8%A2%E0%B9%8C(%E0%B8%9E%E0%B8%B4%E0%B8%A1%E0%B8%9E%E0%B9%8C%E0%B8%AB%E0%B8%99%E0%B8%B2).jpg,https://upload.wikimedia.org/wikipedia/commons/e/e2/%E0%B8%9E%E0%B8%A3%E0%B8%B0%E0%B8%9E%E0%B8%B4%E0%B8%A1%E0%B8%9E%E0%B9%8C%E0%B8%9B%E0%B8%B2%E0%B8%87%E0%B8%9B%E0%B8%B2%E0%B8%8F%E0%B8%B4%E0%B8%AB%E0%B8%B2%E0%B8%A3%E0%B8%B4%E0%B8%A2%E0%B9%8C%28%E0%B8%9E%E0%B8%B4%E0%B8%A1%E0%B8%9E%E0%B9%8C%E0%B8%AB%E0%B8%99%E0%B8%B2%29.jpg,images/samathi/50126214_พระพิมพ์ปางปาฏิหาริย์(พิมพ์หนา).jpg,07ca4a8bd07c07551908ea4483a3fdb44904a33b,1200,900,CC BY-SA 4.0,Tombrembo
51642551,samathi,unresolved:samathi:66782a757f2f,text_search,ปางสมาธิ พระพุทธรูป,File:วัดโสธรวรารามวรวิหาร1.jpg,https://commons.wikimedia.org/wiki/File:%E0%B8%A7%E0%B8%B1%E0%B8%94%E0%B9%82%E0%B8%AA%E0%B8%98%E0%B8%A3%E0%B8%A7%E0%B8%A3%E0%B8%B2%E0%B8%A3%E0%B8%B2%E0%B8%A1%E0%B8%A7%E0%B8%A3%E0%B8%A7%E0%B8%B4%E0%B8%AB%E0%B8%B2%E0%B8%A31.jpg,https://upload.wikimedia.org/wikipedia/commons/thumb/6/62/%E0%B8%A7%E0%B8%B1%E0%B8%94%E0%B9%82%E0%B8%AA%E0%B8%98%E0%B8%A3%E0%B8%A7%E0%B8%A3%E0%B8%B2%E0%B8%A3%E0%B8%B2%E0%B8%A1%E0%B8%A7%E0%B8%A3%E0%B8%A7%E0%B8%B4%E0%B8%AB%E0%B8%B2%E0%B8%A31.jpg/1920px-%E0%B8%A7%E0%B8%B1%E0%B8%94%E0%B9%82%E0%B8%AA%E0%B8%98%E0%B8%A3%E0%B8%A7%E0%B8%A3%E0%B8%B2%E0%B8%A3%E0%B8%B2%E0%B8%A1%E0%B8%A7%E0%B8%A3%E0%B8%A7%E0%B8%B4%E0%B8%AB%E0%B8%B2%E0%B8%A31.jpg,images/samathi/51642551_วัดโสธรวรารามวรวิหาร1.jpg,0facefd55b4f26188aba4fae0ec5102ef21faaba,4940,3294,CC BY-SA 4.0,Yakuzakorat
51642556,samathi,unresolved:samathi:2e688d1fd893,text_search,ปางสมาธิ พระพุทธรูป,File:วัดโสธรวรารามวรวิหาร2.jpg,https://commons.wikimedia.org/wiki/File:%E0%B8%A7%E0%B8%B1%E0%B8%94%E0%B9%82%E0%B8%AA%E0%B8%98%E0%B8%A3%E0%B8%A7%E0%B8%A3%E0%B8%B2%E0%B8%A3%E0%B8%B2%E0%B8%A1%E0%B8%A7%E0%B8%A3%E0%B8%A7%E0%B8%B4%E0%B8%AB%E0%B8%B2%E0%B8%A32.jpg,https://upload.wikimedia.org/wikipedia/commons/thumb/d/d2/%E0%B8%A7%E0%B8%B1%E0%B8%94%E0%B9%82%E0%B8%AA%E0%B8%98%E0%B8%A3%E0%B8%A7%E0%B8%A3%E0%B8%B2%E0%B8%A3%E0%B8%B2%E0%B8%A1%E0%B8%A7%E0%B8%A3%E0%B8%A7%E0%B8%B4%E0%B8%AB%E0%B8%B2%E0%B8%A32.jpg/1920px-%E0%B8%A7%E0%B8%B1%E0%B8%94%E0%B9%82%E0%B8%AA%E0%B8%98%E0%B8%A3%E0%B8%A7%E0%B8%A3%E0%B8%B2%E0%B8%A3%E0%B8%B2%E0%B8%A1%E0%B8%A7%E0%B8%A3%E0%B8%A7%E0%B8%B4%E0%B8%AB%E0%B8%B2%E0%B8%A32.jpg,images/samathi/51642556_วัดโสธรวรารามวรวิหาร2.jpg,6d2d6502c1a1a142c42d64accc3ecb69725349d3,5472,3648,CC BY-SA 4.0,Yakuzakorat
51829098,samathi,unresolved:samathi:b9a3a9691e6f,text_search,ปางสมาธิ พระพุทธรูป,File:Wat Sothon Wararam Worawihan.jpg,https://commons.wikimedia.org/wiki/File:Wat_Sothon_Wararam_Worawihan.jpg,https://upload.wikimedia.org/wikipedia/commons/thumb/2/2e/Wat_Sothon_Wararam_Worawihan.jpg/1920px-Wat_Sothon_Wararam_Worawihan.jpg,images/samathi/51829098_Wat_Sothon_Wararam_Worawihan.jpg,b3488dc8de1515da95277a5cda6307381c78f70d,4256,2832,CC BY-SA 4.0,Preecha.MJ
51829099,samathi,unresolved:samathi:8f40fb35a860,text_search,ปางสมาธิ พระพุทธรูป,"File:Wat Sothon Wararam Woraviharn in Chachoengsao, Thailand.jpg","https://commons.wikimedia.org/wiki/File:Wat_Sothon_Wararam_Woraviharn_in_Chachoengsao,_Thailand.jpg",https://upload.wikimedia.org/wikipedia/commons/thumb/7/74/Wat_Sothon_Wararam_Woraviharn_in_Chachoengsao%2C_Thailand.jpg/1920px-Wat_Sothon_Wararam_Woraviharn_in_Chachoengsao%2C_Thailand.jpg,"images/samathi/51829099_Wat_Sothon_Wararam_Woraviharn_in_Chachoengsao,_Thailand.jpg",e8a37ede6fa9c8fbe35d7bfcc409276bb045d6f3,4928,3264,CC BY-SA 4.0,Preecha.MJ
51829100,samathi,unresolved:samathi:5a5f80a11708,text_search,ปางสมาธิ พระพุทธรูป,File:Wat Sothon Wararam Woraviharn in Chachoengsao.jpg,https://commons.wikimedia.org/wiki/File:Wat_Sothon_Wararam_Woraviharn_in_Chachoengsao.jpg,https://upload.wikimedia.org/wikipedia/commons/thumb/b/bd/Wat_Sothon_Wararam_Woraviharn_in_Chachoengsao.jpg/1920px-Wat_Sothon_Wararam_Woraviharn_in_Chachoengsao.jpg,images/samathi/51829100_Wat_Sothon_Wararam_Woraviharn_in_Chachoengsao.jpg,58f590cc10b5bb3bf161ad2637345258e5b192d7,4928,3264,CC BY-SA 4.0,Preecha.MJ
51829103,samathi,unresolved:samathi:719baa5a1de4,text_search,ปางสมาธิ พระพุทธรูป,File:Wat Sothon Wararam Woraviharn at Chachoengsao.jpg,https://commons.wikimedia.org/wiki/File:Wat_Sothon_Wararam_Woraviharn_at_Chachoengsao.jpg,https://upload.wikimedia.org/wikipedia/commons/thumb/0/03/Wat_Sothon_Wararam_Woraviharn_at_Chachoengsao.jpg/1920px-Wat_Sothon_Wararam_Woraviharn_at_Chachoengsao.jpg,images/samathi/51829103_Wat_Sothon_Wararam_Woraviharn_at_Chachoengsao.jpg,e83ccc867caca041c1f7e581245ab4fd69e46ae9,4928,3264,CC BY-SA 4.0,Preecha.MJ
55197431,samathi,unresolved:samathi:47a89ec639e3,text_search,ปางสมาธิ พระพุทธรูป,File:พระเชียงแสน สิงห์๑ (ลังกา).jpg,https://commons.wikimedia.org/wiki/File:%E0%B8%9E%E0%B8%A3%E0%B8%B0%E0%B9%80%E0%B8%8A%E0%B8%B5%E0%B8%A2%E0%B8%87%E0%B9%81%E0%B8%AA%E0%B8%99_%E0%B8%AA%E0%B8%B4%E0%B8%87%E0%B8%AB%E0%B9%8C%E0%B9%91_(%E0%B8%A5%E0%B8%B1%E0%B8%87%E0%B8%81%E0%B8%B2).jpg,https://upload.wikimedia.org/wikipedia/commons/thumb/5/5b/%E0%B8%9E%E0%B8%A3%E0%B8%B0%E0%B9%80%E0%B8%8A%E0%B8%B5%E0%B8%A2%E0%B8%87%E0%B9%81%E0%B8%AA%E0%B8%99_%E0%B8%AA%E0%B8%B4%E0%B8%87%E0%B8%AB%E0%B9%8C%E0%B9%91_%28%E0%B8%A5%E0%B8%B1%E0%B8%87%E0%B8%81%E0%B8%B2%29.jpg/1920px-%E0%B8%9E%E0%B8%A3%E0%B8%B0%E0%B9%80%E0%B8%8A%E0%B8%B5%E0%B8%A2%E0%B8%87%E0%B9%81%E0%B8%AA%E0%B8%99_%E0%B8%AA%E0%B8%B4%E0%B8%87%E0%B8%AB%E0%B9%8C%E0%B9%91_%28%E0%B8%A5%E0%B8%B1%E0%B8%87%E0%B8%81%E0%B8%B2%29.jpg,images/samathi/55197431_พระเชียงแสน_สิงห์๑_(ลังกา).jpg,87731a3c6106626f911a871184f1d9c5792ac521,3120,4160,CC BY-SA 4.0,Suriya aruno
72389615,samathi,unresolved:samathi:8de3b097d4a5,text_search,ปางสมาธิ พระพุทธรูป,File:วิหารจักราฟ้า.jpg,https://commons.wikimedia.org/wiki/File:%E0%B8%A7%E0%B8%B4%E0%B8%AB%E0%B8%B2%E0%B8%A3%E0%B8%88%E0%B8%B1%E0%B8%81%E0%B8%A3%E0%B8%B2%E0%B8%9F%E0%B9%89%E0%B8%B2.jpg,https://upload.wikimedia.org/wikipedia/commons/thumb/c/c1/%E0%B8%A7%E0%B8%B4%E0%B8%AB%E0%B8%B2%E0%B8%A3%E0%B8%88%E0%B8%B1%E0%B8%81%E0%B8%A3%E0%B8%B2%E0%B8%9F%E0%B9%89%E0%B8%B2.jpg/1920px-%E0%B8%A7%E0%B8%B4%E0%B8%AB%E0%B8%B2%E0%B8%A3%E0%B8%88%E0%B8%B1%E0%B8%81%E0%B8%A3%E0%B8%B2%E0%B8%9F%E0%B9%89%E0%B8%B2.jpg,images/samathi/72389615_วิหารจักราฟ้า.jpg,2dd873d2c558ce99bd3ebb44c32294699ce2a787,2379,2538,CC BY-SA 4.0,Tanawat.b
72942681,samathi,unresolved:samathi:7ea126e003b8,text_search,ปางสมาธิ พระพุทธรูป,File:Wat longprodam.jpg,https://commons.wikimedia.org/wiki/File:Wat_longprodam.jpg,https://upload.wikimedia.org/wikipedia/commons/thumb/8/82/Wat_longprodam.jpg/1920px-Wat_longprodam.jpg,images/samathi/72942681_Wat_longprodam.jpg,83d2c6183ff9ed4d050938af9a7a5d5810e1a37b,2448,3264,CC BY-SA 4.0,นายธนว.
91930031,samathi,unresolved:samathi:a3ef87b29587,text_search,ปางสมาธิ พระพุทธรูป,File:พระประธานนอุโบสถ.jpg,https://commons.wikimedia.org/wiki/File:%E0%B8%9E%E0%B8%A3%E0%B8%B0%E0%B8%9B%E0%B8%A3%E0%B8%B0%E0%B8%98%E0%B8%B2%E0%B8%99%E0%B8%99%E0%B8%AD%E0%B8%B8%E0%B9%82%E0%B8%9A%E0%B8%AA%E0%B8%96.jpg,https://upload.wikimedia.org/wikipedia/commons/thumb/c/c8/%E0%B8%9E%E0%B8%A3%E0%B8%B0%E0%B8%9B%E0%B8%A3%E0%B8%B0%E0%B8%98%E0%B8%B2%E0%B8%99%E0%B8%99%E0%B8%AD%E0%B8%B8%E0%B9%82%E0%B8%9A%E0%B8%AA%E0%B8%96.jpg/1920px-%E0%B8%9E%E0%B8%A3%E0%B8%B0%E0%B8%9B%E0%B8%A3%E0%B8%B0%E0%B8%98%E0%B8%B2%E0%B8%99%E0%B8%99%E0%B8%AD%E0%B8%B8%E0%B9%82%E0%B8%9A%E0%B8%AA%E0%B8%96.jpg,images/samathi/91930031_พระประธานนอุโบสถ.jpg,a4d9e66b754f149380a18c7b76b4dcab10c80d3f,3024,4032,CC BY-SA 4.0,ณัฐพงษ์ ยศเครือ
91930418,samathi,unresolved:samathi:cfafb5a8b47b,text_search,ปางสมาธิ พระพุทธรูป,File:พระประธานอุโบสถหลังใหม่.jpg,https://commons.wikimedia.org/wiki/File:%E0%B8%9E%E0%B8%A3%E0%B8%B0%E0%B8%9B%E0%B8%A3%E0%B8%B0%E0%B8%98%E0%B8%B2%E0%B8%99%E0%B8%AD%E0%B8%B8%E0%B9%82%E0%B8%9A%E0%B8%AA%E0%B8%96%E0%B8%AB%E0%B8%A5%E0%B8%B1%E0%B8%87%E0%B9%83%E0%B8%AB%E0%B8%A1%E0%B9%88.jpg,https://upload.wikimedia.org/wikipedia/commons/thumb/a/aa/%E0%B8%9E%E0%B8%A3%E0%B8%B0%E0%B8%9B%E0%B8%A3%E0%B8%B0%E0%B8%98%E0%B8%B2%E0%B8%99%E0%B8%AD%E0%B8%B8%E0%B9%82%E0%B8%9A%E0%B8%AA%E0%B8%96%E0%B8%AB%E0%B8%A5%E0%B8%B1%E0%B8%87%E0%B9%83%E0%B8%AB%E0%B8%A1%E0%B9%88.jpg/1920px-%E0%B8%9E%E0%B8%A3%E0%B8%B0%E0%B8%9B%E0%B8%A3%E0%B8%B0%E0%B8%98%E0%B8%B2%E0%B8%99%E0%B8%AD%E0%B8%B8%E0%B9%82%E0%B8%9A%E0%B8%AA%E0%B8%96%E0%B8%AB%E0%B8%A5%E0%B8%B1%E0%B8%87%E0%B9%83%E0%B8%AB%E0%B8%A1%E0%B9%88.jpg,images/samathi/91930418_พระประธานอุโบสถหลังใหม่.jpg,b672be66a35a3c4685dadfb75c6f68286b87a93a,4032,3024,CC BY-SA 4.0,ณัฐพงษ์ ยศเครือ
91930704,samathi,unresolved:samathi:59b44a8c73ff,text_search,ปางสมาธิ พระพุทธรูป,File:พระธรรมราชาอนันตโลกนาถ.jpg,https://commons.wikimedia.org/wiki/File:%E0%B8%9E%E0%B8%A3%E0%B8%B0%E0%B8%98%E0%B8%A3%E0%B8%A3%E0%B8%A1%E0%B8%A3%E0%B8%B2%E0%B8%8A%E0%B8%B2%E0%B8%AD%E0%B8%99%E0%B8%B1%E0%B8%99%E0%B8%95%E0%B9%82%E0%B8%A5%E0%B8%81%E0%B8%99%E0%B8%B2%E0%B8%96.jpg,https://upload.wikimedia.org/wikipedia/commons/thumb/9/99/%E0%B8%9E%E0%B8%A3%E0%B8%B0%E0%B8%98%E0%B8%A3%E0%B8%A3%E0%B8%A1%E0%B8%A3%E0%B8%B2%E0%B8%8A%E0%B8%B2%E0%B8%AD%E0%B8%99%E0%B8%B1%E0%B8%99%E0%B8%95%E0%B9%82%E0%B8%A5%E0%B8%81%E0%B8%99%E0%B8%B2%E0%B8%96.jpg/1920px-%E0%B8%9E%E0%B8%A3%E0%B8%B0%E0%B8%98%E0%B8%A3%E0%B8%A3%E0%B8%A1%E0%B8%A3%E0%B8%B2%E0%B8%8A%E0%B8%B2%E0%B8%AD%E0%B8%99%E0%B8%B1%E0%B8%99%E0%B8%95%E0%B9%82%E0%B8%A5%E0%B8%81%E0%B8%99%E0%B8%B2%E0%B8%96.jpg,images/samathi/91930704_พระธรรมราชาอนันตโลกนาถ.jpg,4b9d965ddcb0ca7ceb71f9e6990dfd275bcce3be,3024,4032,CC BY-SA 4.0,ณัฐพงษ์ ยศเครือ
123592016,samathi,unresolved:samathi:1afed82282d3,text_search,ปางสมาธิ พระพุทธรูป,File:0017-Wat Nakhon Luang.jpg,https://commons.wikimedia.org/wiki/File:0017-Wat_Nakhon_Luang.jpg,https://upload.wikimedia.org/wikipedia/commons/thumb/d/d4/0017-Wat_Nakhon_Luang.jpg/1920px-0017-Wat_Nakhon_Luang.jpg,images/samathi/123592016_0017-Wat_Nakhon_Luang.jpg,e778d1eadea8f7f3c755a954d49eba7ddf9fedcd,5976,3989,CC BY-SA 4.0,Nawit science
137137140,samathi,unresolved:samathi:cddfcf927af5,text_search,ปางสมาธิ พระพุทธรูป,File:ภายในพระอุโบสถวัดมกุฏกษัตริยาราม.jpg,https://commons.wikimedia.org/wiki/File:%E0%B8%A0%E0%B8%B2%E0%B8%A2%E0%B9%83%E0%B8%99%E0%B8%9E%E0%B8%A3%E0%B8%B0%E0%B8%AD%E0%B8%B8%E0%B9%82%E0%B8%9A%E0%B8%AA%E0%B8%96%E0%B8%A7%E0%B8%B1%E0%B8%94%E0%B8%A1%E0%B8%81%E0%B8%B8%E0%B8%8F%E0%B8%81%E0%B8%A9%E0%B8%B1%E0%B8%95%E0%B8%A3%E0%B8%B4%E0%B8%A2%E0%B8%B2%E0%B8%A3%E0%B8%B2%E0%B8%A1.jpg,https://upload.wikimedia.org/wikipedia/commons/thumb/6/67/%E0%B8%A0%E0%B8%B2%E0%B8%A2%E0%B9%83%E0%B8%99%E0%B8%9E%E0%B8%A3%E0%B8%B0%E0%B8%AD%E0%B8%B8%E0%B9%82%E0%B8%9A%E0%B8%AA%E0%B8%96%E0%B8%A7%E0%B8%B1%E0%B8%94%E0%B8%A1%E0%B8%81%E0%B8%B8%E0%B8%8F%E0%B8%81%E0%B8%A9%E0%B8%B1%E0%B8%95%E0%B8%A3%E0%B8%B4%E0%B8%A2%E0%B8%B2%E0%B8%A3%E0%B8%B2%E0%B8%A1.jpg/1920px-%E0%B8%A0%E0%B8%B2%E0%B8%A2%E0%B9%83%E0%B8%99%E0%B8%9E%E0%B8%A3%E0%B8%B0%E0%B8%AD%E0%B8%B8%E0%B9%82%E0%B8%9A%E0%B8%AA%E0%B8%96%E0%B8%A7%E0%B8%B1%E0%B8%94%E0%B8%A1%E0%B8%81%E0%B8%B8%E0%B8%8F%E0%B8%81%E0%B8%A9%E0%B8%B1%E0%B8%95%E0%B8%A3%E0%B8%B4%E0%B8%A2%E0%B8%B2%E0%B8%A3%E0%B8%B2%E0%B8%A1.jpg,images/samathi/137137140_ภายในพระอุโบสถวัดมกุฏกษัตริยาราม.jpg,3b0c2488ab072effcd53cddf3fb4d762868e4566,3326,2214,CC BY-SA 4.0,Jerdja Rujirat
137137141,samathi,unresolved:samathi:8b5b52d607f1,text_search,ปางสมาธิ พระพุทธรูป,File:ภายในพระอุโบสถวัดมกุฏฯ.jpg,https://commons.wikimedia.org/wiki/File:%E0%B8%A0%E0%B8%B2%E0%B8%A2%E0%B9%83%E0%B8%99%E0%B8%9E%E0%B8%A3%E0%B8%B0%E0%B8%AD%E0%B8%B8%E0%B9%82%E0%B8%9A%E0%B8%AA%E0%B8%96%E0%B8%A7%E0%B8%B1%E0%B8%94%E0%B8%A1%E0%B8%81%E0%B8%B8%E0%B8%8F%E0%B8%AF.jpg,https://upload.wikimedia.org/wikipedia/commons/thumb/4/42/%E0%B8%A0%E0%B8%B2%E0%B8%A2%E0%B9%83%E0%B8%99%E0%B8%9E%E0%B8%A3%E0%B8%B0%E0%B8%AD%E0%B8%B8%E0%B9%82%E0%B8%9A%E0%B8%AA%E0%B8%96%E0%B8%A7%E0%B8%B1%E0%B8%94%E0%B8%A1%E0%B8%81%E0%B8%B8%E0%B8%8F%E0%B8%AF.jpg/1920px-%E0%B8%A0%E0%B8%B2%E0%B8%A2%E0%B9%83%E0%B8%99%E0%B8%9E%E0%B8%A3%E0%B8%B0%E0%B8%AD%E0%B8%B8%E0%B9%82%E0%B8%9A%E0%B8%AA%E0%B8%96%E0%B8%A7%E0%B8%B1%E0%B8%94%E0%B8%A1%E0%B8%81%E0%B8%B8%E0%B8%8F%E0%B8%AF.jpg,images/samathi/137137141_ภายในพระอุโบสถวัดมกุฏฯ.jpg,59f0ff9dd33fb7435d7794764dde1dae9f67ec0f,3298,2196,CC BY-SA 4.0,Jerdja Rujirat
149502397,samathi,unresolved:samathi:22ccf91791c1,text_search,ปางสมาธิ พระพุทธรูป,File:พระพุทธรูปปางสมาธิ วัดพระปฐมเจดีย์ราชวรมหาวิหาร.jpg,https://commons.wikimedia.org/wiki/File:%E0%B8%9E%E0%B8%A3%E0%B8%B0%E0%B8%9E%E0%B8%B8%E0%B8%97%E0%B8%98%E0%B8%A3%E0%B8%B9%E0%B8%9B%E0%B8%9B%E0%B8%B2%E0%B8%87%E0%B8%AA%E0%B8%A1%E0%B8%B2%E0%B8%98%E0%B8%B4_%E0%B8%A7%E0%B8%B1%E0%B8%94%E0%B8%9E%E0%B8%A3%E0%B8%B0%E0%B8%9B%E0%B8%90%E0%B8%A1%E0%B9%80%E0%B8%88%E0%B8%94%E0%B8%B5%E0%B8%A2%E0%B9%8C%E0%B8%A3%E0%B8%B2%E0%B8%8A%E0%B8%A7%E0%B8%A3%E0%B8%A1%E0%B8%AB%E0%B8%B2%E0%B8%A7%E0%B8%B4%E0%B8%AB%E0%B8%B2%E0%B8%A3.jpg,https://upload.wikimedia.org/wikipedia/commons/thumb/3/37/%E0%B8%9E%E0%B8%A3%E0%B8%B0%E0%B8%9E%E0%B8%B8%E0%B8%97%E0%B8%98%E0%B8%A3%E0%B8%B9%E0%B8%9B%E0%B8%9B%E0%B8%B2%E0%B8%87%E0%B8%AA%E0%B8%A1%E0%B8%B2%E0%B8%98%E0%B8%B4_%E0%B8%A7%E0%B8%B1%E0%B8%94%E0%B8%9E%E0%B8%A3%E0%B8%B0%E0%B8%9B%E0%B8%90%E0%B8%A1%E0%B9%80%E0%B8%88%E0%B8%94%E0%B8%B5%E0%B8%A2%E0%B9%8C%E0%B8%A3%E0%B8%B2%E0%B8%8A%E0%B8%A7%E0%B8%A3%E0%B8%A1%E0%B8%AB%E0%B8%B2%E0%B8%A7%E0%B8%B4%E0%B8%AB%E0%B8%B2%E0%B8%A3.jpg/1920px-%E0%B8%9E%E0%B8%A3%E0%B8%B0%E0%B8%9E%E0%B8%B8%E0%B8%97%E0%B8%98%E0%B8%A3%E0%B8%B9%E0%B8%9B%E0%B8%9B%E0%B8%B2%E0%B8%87%E0%B8%AA%E0%B8%A1%E0%B8%B2%E0%B8%98%E0%B8%B4_%E0%B8%A7%E0%B8%B1%E0%B8%94%E0%B8%9E%E0%B8%A3%E0%B8%B0%E0%B8%9B%E0%B8%90%E0%B8%A1%E0%B9%80%E0%B8%88%E0%B8%94%E0%B8%B5%E0%B8%A2%E0%B9%8C%E0%B8%A3%E0%B8%B2%E0%B8%8A%E0%B8%A7%E0%B8%A3%E0%B8%A1%E0%B8%AB%E0%B8%B2%E0%B8%A7%E0%B8%B4%E0%B8%AB%E0%B8%B2%E0%B8%A3.jpg,images/samathi/149502397_พระพุทธรูปปางสมาธิ_วัดพระปฐมเจดีย์ราชวรมหาวิหาร.jpg,85f7b37cc5d3402ff21b83cc35981196ecc86fbf,3448,4592,CC BY-SA 4.0,กสิณธร ราชโอรส
149502471,samathi,unresolved:samathi:2a815b448721,text_search,ปางสมาธิ พระพุทธรูป,File:พระพุทธรูปปางสมาธิเพชร วัดพระปฐมเจดีย์ราชวรมหาวิหาร.jpg,https://commons.wikimedia.org/wiki/File:%E0%B8%9E%E0%B8%A3%E0%B8%B0%E0%B8%9E%E0%B8%B8%E0%B8%97%E0%B8%98%E0%B8%A3%E0%B8%B9%E0%B8%9B%E0%B8%9B%E0%B8%B2%E0%B8%87%E0%B8%AA%E0%B8%A1%E0%B8%B2%E0%B8%98%E0%B8%B4%E0%B9%80%E0%B8%9E%E0%B8%8A%E0%B8%A3_%E0%B8%A7%E0%B8%B1%E0%B8%94%E0%B8%9E%E0%B8%A3%E0%B8%B0%E0%B8%9B%E0%B8%90%E0%B8%A1%E0%B9%80%E0%B8%88%E0%B8%94%E0%B8%B5%E0%B8%A2%E0%B9%8C%E0%B8%A3%E0%B8%B2%E0%B8%8A%E0%B8%A7%E0%B8%A3%E0%B8%A1%E0%B8%AB%E0%B8%B2%E0%B8%A7%E0%B8%B4%E0%B8%AB%E0%B8%B2%E0%B8%A3.jpg,https://upload.wikimedia.org/wikipedia/commons/thumb/b/bc/%E0%B8%9E%E0%B8%A3%E0%B8%B0%E0%B8%9E%E0%B8%B8%E0%B8%97%E0%B8%98%E0%B8%A3%E0%B8%B9%E0%B8%9B%E0%B8%9B%E0%B8%B2%E0%B8%87%E0%B8%AA%E0%B8%A1%E0%B8%B2%E0%B8%98%E0%B8%B4%E0%B9%80%E0%B8%9E%E0%B8%8A%E0%B8%A3_%E0%B8%A7%E0%B8%B1%E0%B8%94%E0%B8%9E%E0%B8%A3%E0%B8%B0%E0%B8%9B%E0%B8%90%E0%B8%A1%E0%B9%80%E0%B8%88%E0%B8%94%E0%B8%B5%E0%B8%A2%E0%B9%8C%E0%B8%A3%E0%B8%B2%E0%B8%8A%E0%B8%A7%E0%B8%A3%E0%B8%A1%E0%B8%AB%E0%B8%B2%E0%B8%A7%E0%B8%B4%E0%B8%AB%E0%B8%B2%E0%B8%A3.jpg/1920px-%E0%B8%9E%E0%B8%A3%E0%B8%B0%E0%B8%9E%E0%B8%B8%E0%B8%97%E0%B8%98%E0%B8%A3%E0%B8%B9%E0%B8%9B%E0%B8%9B%E0%B8%B2%E0%B8%87%E0%B8%AA%E0%B8%A1%E0%B8%B2%E0%B8%98%E0%B8%B4%E0%B9%80%E0%B8%9E%E0%B8%8A%E0%B8%A3_%E0%B8%A7%E0%B8%B1%E0%B8%94%E0%B8%9E%E0%B8%A3%E0%B8%B0%E0%B8%9B%E0%B8%90%E0%B8%A1%E0%B9%80%E0%B8%88%E0%B8%94%E0%B8%B5%E0%B8%A2%E0%B9%8C%E0%B8%A3%E0%B8%B2%E0%B8%8A%E0%B8%A7%E0%B8%A3%E0%B8%A1%E0%B8%AB%E0%B8%B2%E0%B8%A7%E0%B8%B4%E0%B8%AB%E0%B8%B2%E0%B8%A3.jpg,images/samathi/149502471_พระพุทธรูปปางสมาธิเพชร_วัดพระปฐมเจดีย์ราชวรมหาวิหาร.jpg,f068ff6e3aa5f3eb9efb7724e318ace406f73c13,3448,4592,CC BY-SA 4.0,กสิณธร ราชโอรส
28588440,nakprok,unresolved:nakprok:d7c25c44ff96,text_search,ปางนาคปรก พระพุทธรูป,File:วัดพระธาตุศรีสองรัก.jpg,https://commons.wikimedia.org/wiki/File:%E0%B8%A7%E0%B8%B1%E0%B8%94%E0%B8%9E%E0%B8%A3%E0%B8%B0%E0%B8%98%E0%B8%B2%E0%B8%95%E0%B8%B8%E0%B8%A8%E0%B8%A3%E0%B8%B5%E0%B8%AA%E0%B8%AD%E0%B8%87%E0%B8%A3%E0%B8%B1%E0%B8%81.jpg,https://upload.wikimedia.org/wikipedia/commons/thumb/5/50/%E0%B8%A7%E0%B8%B1%E0%B8%94%E0%B8%9E%E0%B8%A3%E0%B8%B0%E0%B8%98%E0%B8%B2%E0%B8%95%E0%B8%B8%E0%B8%A8%E0%B8%A3%E0%B8%B5%E0%B8%AA%E0%B8%AD%E0%B8%87%E0%B8%A3%E0%B8%B1%E0%B8%81.jpg/1920px-%E0%B8%A7%E0%B8%B1%E0%B8%94%E0%B8%9E%E0%B8%A3%E0%B8%B0%E0%B8%98%E0%B8%B2%E0%B8%95%E0%B8%B8%E0%B8%A8%E0%B8%A3%E0%B8%B5%E0%B8%AA%E0%B8%AD%E0%B8%87%E0%B8%A3%E0%B8%B1%E0%B8%81.jpg,images/nakprok/28588440_วัดพระธาตุศรีสองรัก.jpg,83e4e468142b51bf74022938a584ec0fb16324c3,3267,2178,CC BY-SA 3.0,Yakuzakorat
35438672,nakprok,unresolved:nakprok:1e3421811ec3,text_search,ปางนาคปรก พระพุทธรูป,File:พระพุทธรูปปางนาคปรก หน้าอุโบสถ Buddha with Naga front Ordination Hall.jpg,https://commons.wikimedia.org/wiki/File:%E0%B8%9E%E0%B8%A3%E0%B8%B0%E0%B8%9E%E0%B8%B8%E0%B8%97%E0%B8%98%E0%B8%A3%E0%B8%B9%E0%B8%9B%E0%B8%9B%E0%B8%B2%E0%B8%87%E0%B8%99%E0%B8%B2%E0%B8%84%E0%B8%9B%E0%B8%A3%E0%B8%81_%E0%B8%AB%E0%B8%99%E0%B9%89%E0%B8%B2%E0%B8%AD%E0%B8%B8%E0%B9%82%E0%B8%9A%E0%B8%AA%E0%B8%96_Buddha_with_Naga_front_Ordination_Hall.jpg,https://upload.wikimedia.org/wikipedia/commons/thumb/f/f1/%E0%B8%9E%E0%B8%A3%E0%B8%B0%E0%B8%9E%E0%B8%B8%E0%B8%97%E0%B8%98%E0%B8%A3%E0%B8%B9%E0%B8%9B%E0%B8%9B%E0%B8%B2%E0%B8%87%E0%B8%99%E0%B8%B2%E0%B8%84%E0%B8%9B%E0%B8%A3%E0%B8%81_%E0%B8%AB%E0%B8%99%E0%B9%89%E0%B8%B2%E0%B8%AD%E0%B8%B8%E0%B9%82%E0%B8%9A%E0%B8%AA%E0%B8%96_Buddha_with_Naga_front_Ordination_Hall.jpg/1920px-%E0%B8%9E%E0%B8%A3%E0%B8%B0%E0%B8%9E%E0%B8%B8%E0%B8%97%E0%B8%98%E0%B8%A3%E0%B8%B9%E0%B8%9B%E0%B8%9B%E0%B8%B2%E0%B8%87%E0%B8%99%E0%B8%B2%E0%B8%84%E0%B8%9B%E0%B8%A3%E0%B8%81_%E0%B8%AB%E0%B8%99%E0%B9%89%E0%B8%B2%E0%B8%AD%E0%B8%B8%E0%B9%82%E0%B8%9A%E0%B8%AA%E0%B8%96_Buddha_with_Naga_front_Ordination_Hall.jpg,images/nakprok/35438672_พระพุทธรูปปางนาคปรก_หน้าอุโบสถ_Buddha_with_Naga_front_Ordination_Hall.jpg,8e788be76da6fc10c700e3edd69b13864d36ea32,3216,4288,CC BY-SA 3.0,กสิณธร ราชโอรส
35438673,nakprok,unresolved:nakprok:5745e376fda5,text_search,ปางนาคปรก พระพุทธรูป,File:พระพุทธรูปปางนาคปรก Buddha with Naga.jpg,https://commons.wikimedia.org/wiki/File:%E0%B8%9E%E0%B8%A3%E0%B8%B0%E0%B8%9E%E0%B8%B8%E0%B8%97%E0%B8%98%E0%B8%A3%E0%B8%B9%E0%B8%9B%E0%B8%9B%E0%B8%B2%E0%B8%87%E0%B8%99%E0%B8%B2%E0%B8%84%E0%B8%9B%E0%B8%A3%E0%B8%81_Buddha_with_Naga.jpg,https://upload.wikimedia.org/wikipedia/commons/thumb/3/33/%E0%B8%9E%E0%B8%A3%E0%B8%B0%E0%B8%9E%E0%B8%B8%E0%B8%97%E0%B8%98%E0%B8%A3%E0%B8%B9%E0%B8%9B%E0%B8%9B%E0%B8%B2%E0%B8%87%E0%B8%99%E0%B8%B2%E0%B8%84%E0%B8%9B%E0%B8%A3%E0%B8%81_Buddha_with_Naga.jpg/1920px-%E0%B8%9E%E0%B8%A3%E0%B8%B0%E0%B8%9E%E0%B8%B8%E0%B8%97%E0%B8%98%E0%B8%A3%E0%B8%B9%E0%B8%9B%E0%B8%9B%E0%B8%B2%E0%B8%87%E0%B8%99%E0%B8%B2%E0%B8%84%E0%B8%9B%E0%B8%A3%E0%B8%81_Buddha_with_Naga.jpg,images/nakprok/35438673_พระพุทธรูปปางนาคปรก_Buddha_with_Naga.jpg,201e53e8eb0cfe64d31b6dd99f880fdef28440d7,3216,4288,CC BY-SA 3.0,กสิณธร ราชโอรส
35730884,nakprok,unresolved:nakprok:9f80327772e1,text_search,ปางนาคปรก พระพุทธรูป,File:วัดเศวตฉัตรวรวิหาร Wat Sawettachat Worawiharn (11).jpg,https://commons.wikimedia.org/wiki/File:%E0%B8%A7%E0%B8%B1%E0%B8%94%E0%B9%80%E0%B8%A8%E0%B8%A7%E0%B8%95%E0%B8%89%E0%B8%B1%E0%B8%95%E0%B8%A3%E0%B8%A7%E0%B8%A3%E0%B8%A7%E0%B8%B4%E0%B8%AB%E0%B8%B2%E0%B8%A3_Wat_Sawettachat_Worawiharn_(11).jpg,https://upload.wikimedia.org/wikipedia/commons/thumb/5/5e/%E0%B8%A7%E0%B8%B1%E0%B8%94%E0%B9%80%E0%B8%A8%E0%B8%A7%E0%B8%95%E0%B8%89%E0%B8%B1%E0%B8%95%E0%B8%A3%E0%B8%A7%E0%B8%A3%E0%B8%A7%E0%B8%B4%E0%B8%AB%E0%B8%B2%E0%B8%A3_Wat_Sawettachat_Worawiharn_%2811%29.jpg/1920px-%E0%B8%A7%E0%B8%B1%E0%B8%94%E0%B9%80%E0%B8%A8%E0%B8%A7%E0%B8%95%E0%B8%89%E0%B8%B1%E0%B8%95%E0%B8%A3%E0%B8%A7%E0%B8%A3%E0%B8%A7%E0%B8%B4%E0%B8%AB%E0%B8%B2%E0%B8%A3_Wat_Sawettachat_Worawiharn_%2811%29.jpg,images/nakprok/35730884_วัดเศวตฉัตรวรวิหาร_Wat_Sawettachat_Worawiharn_(11).jpg,44b680b04f75cc88e266afec511f540535cf1b1a,3216,4288,CC BY-SA 3.0,กสิณธร ราชโอรส
69155363,nakprok,unresolved:nakprok:95426d037a4d,text_search,ปางนาคปรก พระพุทธรูป,File:พิพิธภัณฑ์พระประยูรภัณฑาคาร.jpg,https://commons.wikimedia.org/wiki/File:%E0%B8%9E%E0%B8%B4%E0%B8%9E%E0%B8%B4%E0%B8%98%E0%B8%A0%E0%B8%B1%E0%B8%93%E0%B8%91%E0%B9%8C%E0%B8%9E%E0%B8%A3%E0%B8%B0%E0%B8%9B%E0%B8%A3%E0%B8%B0%E0%B8%A2%E0%B8%B9%E0%B8%A3%E0%B8%A0%E0%B8%B1%E0%B8%93%E0%B8%91%E0%B8%B2%E0%B8%84%E0%B8%B2%E0%B8%A3.jpg,https://upload.wikimedia.org/wikipedia/commons/thumb/1/15/%E0%B8%9E%E0%B8%B4%E0%B8%9E%E0%B8%B4%E0%B8%98%E0%B8%A0%E0%B8%B1%E0%B8%93%E0%B8%91%E0%B9%8C%E0%B8%9E%E0%B8%A3%E0%B8%B0%E0%B8%9B%E0%B8%A3%E0%B8%B0%E0%B8%A2%E0%B8%B9%E0%B8%A3%E0%B8%A0%E0%B8%B1%E0%B8%93%E0%B8%91%E0%B8%B2%E0%B8%84%E0%B8%B2%E0%B8%A3.jpg/1920px-%E0%B8%9E%E0%B8%B4%E0%B8%9E%E0%B8%B4%E0%B8%98%E0%B8%A0%E0%B8%B1%E0%B8%93%E0%B8%91%E0%B9%8C%E0%B8%9E%E0%B8%A3%E0%B8%B0%E0%B8%9B%E0%B8%A3%E0%B8%B0%E0%B8%A2%E0%B8%B9%E0%B8%A3%E0%B8%A0%E0%B8%B1%E0%B8%93%E0%B8%91%E0%B8%B2%E0%B8%84%E0%B8%B2%E0%B8%A3.jpg,images/nakprok/69155363_พิพิธภัณฑ์พระประยูรภัณฑาคาร.jpg,fc761a4c8351535a7247e714bd6b2cbfce5f0e8d,2560,1440,CC BY-SA 4.0,Yasawattago
90508801,nakprok,unresolved:nakprok:f0641cedec2c,text_search,ปางนาคปรก พระพุทธรูป,File:Mucalinda and the Buddha.jpg,https://commons.wikimedia.org/wiki/File:Mucalinda_and_the_Buddha.jpg,https://upload.wikimedia.org/wikipedia/commons/e/e1/Mucalinda_and_the_Buddha.jpg,images/nakprok/90508801_Mucalinda_and_the_Buddha.jpg,e02295bd870a9ec5e52405cbf094cddb21877138,1577,3068,CC BY-SA 4.0,Chainwit.
98992933,nakprok,unresolved:nakprok:d0effaf1372b,text_search,ปางนาคปรก พระพุทธรูป,File:พระพุทธรูปปางนาคปรก วัดโพธิ์.jpg,https://commons.wikimedia.org/wiki/File:%E0%B8%9E%E0%B8%A3%E0%B8%B0%E0%B8%9E%E0%B8%B8%E0%B8%97%E0%B8%98%E0%B8%A3%E0%B8%B9%E0%B8%9B%E0%B8%9B%E0%B8%B2%E0%B8%87%E0%B8%99%E0%B8%B2%E0%B8%84%E0%B8%9B%E0%B8%A3%E0%B8%81_%E0%B8%A7%E0%B8%B1%E0%B8%94%E0%B9%82%E0%B8%9E%E0%B8%98%E0%B8%B4%E0%B9%8C.jpg,https://upload.wikimedia.org/wikipedia/commons/thumb/d/d6/%E0%B8%9E%E0%B8%A3%E0%B8%B0%E0%B8%9E%E0%B8%B8%E0%B8%97%E0%B8%98%E0%B8%A3%E0%B8%B9%E0%B8%9B%E0%B8%9B%E0%B8%B2%E0%B8%87%E0%B8%99%E0%B8%B2%E0%B8%84%E0%B8%9B%E0%B8%A3%E0%B8%81_%E0%B8%A7%E0%B8%B1%E0%B8%94%E0%B9%82%E0%B8%9E%E0%B8%98%E0%B8%B4%E0%B9%8C.jpg/1920px-%E0%B8%9E%E0%B8%A3%E0%B8%B0%E0%B8%9E%E0%B8%B8%E0%B8%97%E0%B8%98%E0%B8%A3%E0%B8%B9%E0%B8%9B%E0%B8%9B%E0%B8%B2%E0%B8%87%E0%B8%99%E0%B8%B2%E0%B8%84%E0%B8%9B%E0%B8%A3%E0%B8%81_%E0%B8%A7%E0%B8%B1%E0%B8%94%E0%B9%82%E0%B8%9E%E0%B8%98%E0%B8%B4%E0%B9%8C.jpg,images/nakprok/98992933_พระพุทธรูปปางนาคปรก_วัดโพธิ์.jpg,f36d069b8ae71814a40e31fcfd73f5e270cd621a,3024,4032,CC BY-SA 4.0,Chainwit.
137244381,nakprok,unresolved:nakprok:f02dc0f541d0,text_search,ปางนาคปรก พระพุทธรูป,File:หลวงพ่อพระลอย.jpg,https://commons.wikimedia.org/wiki/File:%E0%B8%AB%E0%B8%A5%E0%B8%A7%E0%B8%87%E0%B8%9E%E0%B9%88%E0%B8%AD%E0%B8%9E%E0%B8%A3%E0%B8%B0%E0%B8%A5%E0%B8%AD%E0%B8%A2.jpg,https://upload.wikimedia.org/wikipedia/commons/a/a0/%E0%B8%AB%E0%B8%A5%E0%B8%A7%E0%B8%87%E0%B8%9E%E0%B9%88%E0%B8%AD%E0%B8%9E%E0%B8%A3%E0%B8%B0%E0%B8%A5%E0%B8%AD%E0%B8%A2.jpg,images/nakprok/137244381_หลวงพ่อพระลอย.jpg,b1ae516790a8ac8a48d2e7ab617aa93483a1b39e,1418,1890,CC BY-SA 4.0,KaiserO5
138275920,nakprok,unresolved:nakprok:b8f26e863cc0,text_search,ปางนาคปรก พระพุทธรูป,File:หลวงพ่อโคนสมอมหาลาภ วัดนาคปรก.jpg,https://commons.wikimedia.org/wiki/File:%E0%B8%AB%E0%B8%A5%E0%B8%A7%E0%B8%87%E0%B8%9E%E0%B9%88%E0%B8%AD%E0%B9%82%E0%B8%84%E0%B8%99%E0%B8%AA%E0%B8%A1%E0%B8%AD%E0%B8%A1%E0%B8%AB%E0%B8%B2%E0%B8%A5%E0%B8%B2%E0%B8%A0_%E0%B8%A7%E0%B8%B1%E0%B8%94%E0%B8%99%E0%B8%B2%E0%B8%84%E0%B8%9B%E0%B8%A3%E0%B8%81.jpg,https://upload.wikimedia.org/wikipedia/commons/8/84/%E0%B8%AB%E0%B8%A5%E0%B8%A7%E0%B8%87%E0%B8%9E%E0%B9%88%E0%B8%AD%E0%B9%82%E0%B8%84%E0%B8%99%E0%B8%AA%E0%B8%A1%E0%B8%AD%E0%B8%A1%E0%B8%AB%E0%B8%B2%E0%B8%A5%E0%B8%B2%E0%B8%A0_%E0%B8%A7%E0%B8%B1%E0%B8%94%E0%B8%99%E0%B8%B2%E0%B8%84%E0%B8%9B%E0%B8%A3%E0%B8%81.jpg,images/nakprok/138275920_หลวงพ่อโคนสมอมหาลาภ_วัดนาคปรก.jpg,e03d43d082884c6eee39375df725a17f63d1ff55,1652,2937,CC BY-SA 4.0,Pun2000pun
149502411,nakprok,unresolved:nakprok:c8c4c7f64d40,text_search,ปางนาคปรก พระพุทธรูป,File:พระพุทธรูปปางนาคปรก วัดพระปฐมเจดีย์ราชวรมหาวิหาร.jpg,https://commons.wikimedia.org/wiki/File:%E0%B8%9E%E0%B8%A3%E0%B8%B0%E0%B8%9E%E0%B8%B8%E0%B8%97%E0%B8%98%E0%B8%A3%E0%B8%B9%E0%B8%9B%E0%B8%9B%E0%B8%B2%E0%B8%87%E0%B8%99%E0%B8%B2%E0%B8%84%E0%B8%9B%E0%B8%A3%E0%B8%81_%E0%B8%A7%E0%B8%B1%E0%B8%94%E0%B8%9E%E0%B8%A3%E0%B8%B0%E0%B8%9B%E0%B8%90%E0%B8%A1%E0%B9%80%E0%B8%88%E0%B8%94%E0%B8%B5%E0%B8%A2%E0%B9%8C%E0%B8%A3%E0%B8%B2%E0%B8%8A%E0%B8%A7%E0%B8%A3%E0%B8%A1%E0%B8%AB%E0%B8%B2%E0%B8%A7%E0%B8%B4%E0%B8%AB%E0%B8%B2%E0%B8%A3.jpg,https://upload.wikimedia.org/wikipedia/commons/thumb/6/64/%E0%B8%9E%E0%B8%A3%E0%B8%B0%E0%B8%9E%E0%B8%B8%E0%B8%97%E0%B8%98%E0%B8%A3%E0%B8%B9%E0%B8%9B%E0%B8%9B%E0%B8%B2%E0%B8%87%E0%B8%99%E0%B8%B2%E0%B8%84%E0%B8%9B%E0%B8%A3%E0%B8%81_%E0%B8%A7%E0%B8%B1%E0%B8%94%E0%B8%9E%E0%B8%A3%E0%B8%B0%E0%B8%9B%E0%B8%90%E0%B8%A1%E0%B9%80%E0%B8%88%E0%B8%94%E0%B8%B5%E0%B8%A2%E0%B9%8C%E0%B8%A3%E0%B8%B2%E0%B8%8A%E0%B8%A7%E0%B8%A3%E0%B8%A1%E0%B8%AB%E0%B8%B2%E0%B8%A7%E0%B8%B4%E0%B8%AB%E0%B8%B2%E0%B8%A3.jpg/1920px-%E0%B8%9E%E0%B8%A3%E0%B8%B0%E0%B8%9E%E0%B8%B8%E0%B8%97%E0%B8%98%E0%B8%A3%E0%B8%B9%E0%B8%9B%E0%B8%9B%E0%B8%B2%E0%B8%87%E0%B8%99%E0%B8%B2%E0%B8%84%E0%B8%9B%E0%B8%A3%E0%B8%81_%E0%B8%A7%E0%B8%B1%E0%B8%94%E0%B8%9E%E0%B8%A3%E0%B8%B0%E0%B8%9B%E0%B8%90%E0%B8%A1%E0%B9%80%E0%B8%88%E0%B8%94%E0%B8%B5%E0%B8%A2%E0%B9%8C%E0%B8%A3%E0%B8%B2%E0%B8%8A%E0%B8%A7%E0%B8%A3%E0%B8%A1%E0%B8%AB%E0%B8%B2%E0%B8%A7%E0%B8%B4%E0%B8%AB%E0%B8%B2%E0%B8%A3.jpg,images/nakprok/149502411_พระพุทธรูปปางนาคปรก_วัดพระปฐมเจดีย์ราชวรมหาวิหาร.jpg,302ed9c7728f5d1577ce548eb2b3927ad7644fa5,3448,4592,CC BY-SA 4.0,กสิณธร ราชโอรส
18763312,nakprok,unresolved:nakprok:9b5ad8f55c58,text_search,"""naga protected Buddha"" Thailand","File:Thai - Head of the Buddha, from a Naga-Protected Buddha - Walters 25169.jpg","https://commons.wikimedia.org/wiki/File:Thai_-_Head_of_the_Buddha,_from_a_Naga-Protected_Buddha_-_Walters_25169.jpg",https://upload.wikimedia.org/wikipedia/commons/1/1a/Thai_-_Head_of_the_Buddha%2C_from_a_Naga-Protected_Buddha_-_Walters_25169.jpg,"images/nakprok/18763312_Thai_-_Head_of_the_Buddha,_from_a_Naga-Protected_Buddha_-_Walters_25169.jpg",d0bc6f0fc236d96dc89a0534ee997a379e279d08,768,1075,Public domain,Anonymous (Thailand)Unknown author
18763317,nakprok,unresolved:nakprok:7a4068b855ef,text_search,"""naga protected Buddha"" Thailand",File:Thai - Naga-Protected Buddha - Walters 25170.jpg,https://commons.wikimedia.org/wiki/File:Thai_-_Naga-Protected_Buddha_-_Walters_25170.jpg,https://upload.wikimedia.org/wikipedia/commons/a/a0/Thai_-_Naga-Protected_Buddha_-_Walters_25170.jpg,images/nakprok/18763317_Thai_-_Naga-Protected_Buddha_-_Walters_25170.jpg,b880abc0ba99a47a5dafab4cfaefe7db1fd47a1c,768,1103,Public domain,Anonymous (Thailand)Unknown author
18763322,nakprok,unresolved:nakprok:dc02103698f7,text_search,"""naga protected Buddha"" Thailand","File:Cambodian - Head of a Crowned Deity, Probably the Buddha - Walters 25173.jpg","https://commons.wikimedia.org/wiki/File:Cambodian_-_Head_of_a_Crowned_Deity,_Probably_the_Buddha_-_Walters_25173.jpg",https://upload.wikimedia.org/wikipedia/commons/5/5e/Cambodian_-_Head_of_a_Crowned_Deity%2C_Probably_the_Buddha_-_Walters_25173.jpg,"images/nakprok/18763322_Cambodian_-_Head_of_a_Crowned_Deity,_Probably_the_Buddha_-_Walters_25173.jpg",864781695f8349168e1c6fa4bff0ecf704dcc2f7,768,1125,Public domain,Anonymous (Cambodia or Thailand)Unknown author
18763496,nakprok,unresolved:nakprok:d0044d3e3898,text_search,"""naga protected Buddha"" Thailand",File:Cambodian - Naga-Protected Buddha - Walters 542730.jpg,https://commons.wikimedia.org/wiki/File:Cambodian_-_Naga-Protected_Buddha_-_Walters_542730.jpg,https://upload.wikimedia.org/wikipedia/commons/1/17/Cambodian_-_Naga-Protected_Buddha_-_Walters_542730.jpg,images/nakprok/18763496_Cambodian_-_Naga-Protected_Buddha_-_Walters_542730.jpg,93ff919a8289945b4ce674b213b1fbef68d6e252,768,1598,Public domain,Anonymous (Cambodia or Thailand)Unknown author
18784137,nakprok,unresolved:nakprok:a04b9a20b6fb,text_search,"""naga protected Buddha"" Thailand",File:Cambodian - Naga-Protected Buddha - Walters 2554.jpg,https://commons.wikimedia.org/wiki/File:Cambodian_-_Naga-Protected_Buddha_-_Walters_2554.jpg,https://upload.wikimedia.org/wikipedia/commons/4/4a/Cambodian_-_Naga-Protected_Buddha_-_Walters_2554.jpg,images/nakprok/18784137_Cambodian_-_Naga-Protected_Buddha_-_Walters_2554.jpg,33f21b49b87bb83a660ccd4f58e878abecf905b3,1800,1528,Public domain,Anonymous (Cambodia or Thailand)Unknown author
18804671,nakprok,unresolved:nakprok:ef4fe4eea021,text_search,"""naga protected Buddha"" Thailand",File:Thai - Naga-Protected Buddha - Walters 542707.jpg,https://commons.wikimedia.org/wiki/File:Thai_-_Naga-Protected_Buddha_-_Walters_542707.jpg,https://upload.wikimedia.org/wikipedia/commons/a/a3/Thai_-_Naga-Protected_Buddha_-_Walters_542707.jpg,images/nakprok/18804671_Thai_-_Naga-Protected_Buddha_-_Walters_542707.jpg,51a59159b8bcc909d98753222bd5dd19b989cfa0,1407,1799,Public domain,Anonymous (Thailand)Unknown author
18809526,nakprok,unresolved:nakprok:51c219cdcbc0,text_search,"""naga protected Buddha"" Thailand","File:Cambodian - Seated Buddha, in Meditation - Walters 542687.jpg","https://commons.wikimedia.org/wiki/File:Cambodian_-_Seated_Buddha,_in_Meditation_-_Walters_542687.jpg",https://upload.wikimedia.org/wikipedia/commons/a/aa/Cambodian_-_Seated_Buddha%2C_in_Meditation_-_Walters_542687.jpg,"images/nakprok/18809526_Cambodian_-_Seated_Buddha,_in_Meditation_-_Walters_542687.jpg",834e2d5960b38551b5b90bdfbeb548573cd9c3dd,1344,1799,Public domain,"Cambodian (?)

Thai (?)"
57866008,nakprok,unresolved:nakprok:6b86c5d32597,text_search,"""naga protected Buddha"" Thailand",File:MET 1993 387 9.jpeg,https://commons.wikimedia.org/wiki/File:MET_1993_387_9.jpeg,https://upload.wikimedia.org/wikipedia/commons/c/cb/MET_1993_387_9.jpeg,images/nakprok/57866008_MET_1993_387_9.jpg,134818b4d9b9956483f936400c26b96d7526e3c9,701,900,CC0,
338471,nakprok,unresolved:nakprok:c6d8ad2f3416,text_search,Mucalinda Thailand Buddha,File:Buddha sukhothainagbrok.jpg,https://commons.wikimedia.org/wiki/File:Buddha_sukhothainagbrok.jpg,https://upload.wikimedia.org/wikipedia/commons/c/c1/Buddha_sukhothainagbrok.jpg,images/nakprok/338471_Buddha_sukhothainagbrok.jpg,5ae68c52f74536bbb91e11bc82961781ddca6900,682,1066,CC BY 2.0,"Fotograf / Photographer: Heinrich Damm (User:Hdamm, Hdamm at de.wikipedia.org)"
8747220,nakprok,unresolved:nakprok:f80d32f41e20,text_search,Mucalinda Thailand Buddha,File:WLA brooklynmuseum Seated Buddha Mucalinda Bronze.jpg,https://commons.wikimedia.org/wiki/File:WLA_brooklynmuseum_Seated_Buddha_Mucalinda_Bronze.jpg,https://upload.wikimedia.org/wikipedia/commons/c/cb/WLA_brooklynmuseum_Seated_Buddha_Mucalinda_Bronze.jpg,images/nakprok/8747220_WLA_brooklynmuseum_Seated_Buddha_Mucalinda_Bronze.jpg,3b3bb669086499a8f1fc9b13676cc994f52d939d,800,1200,CC BY-SA 2.5,"Wikipedia Loves Art participant ""shooting_brooklyn"""
8747878,nakprok,unresolved:nakprok:3385db89824b,text_search,Mucalinda Thailand Buddha,File:WLA brooklynmuseum Seated Buddha Mucalinda 2.jpg,https://commons.wikimedia.org/wiki/File:WLA_brooklynmuseum_Seated_Buddha_Mucalinda_2.jpg,https://upload.wikimedia.org/wikipedia/commons/a/a2/WLA_brooklynmuseum_Seated_Buddha_Mucalinda_2.jpg,images/nakprok/8747878_WLA_brooklynmuseum_Seated_Buddha_Mucalinda_2.jpg,edc59ba168b80660ee0f784089d1e1bd960b8aae,600,800,CC BY 2.5,"Wikipedia Loves Art participant ""trish"""
8748488,nakprok,unresolved:nakprok:16ecc803ec0f,text_search,Mucalinda Thailand Buddha,File:WLA brooklynmuseum Seated Buddha Mucalinda late 12t 3.jpg,https://commons.wikimedia.org/wiki/File:WLA_brooklynmuseum_Seated_Buddha_Mucalinda_late_12t_3.jpg,https://upload.wikimedia.org/wikipedia/commons/f/f2/WLA_brooklynmuseum_Seated_Buddha_Mucalinda_late_12t_3.jpg,images/nakprok/8748488_WLA_brooklynmuseum_Seated_Buddha_Mucalinda_late_12t_3.jpg,b5ff01c5bab399e197b47ab43555f46d9343af6b,1696,2544,CC BY 2.5,"Wikipedia Loves Art participant ""egotechnique"""
11570410,nakprok,unresolved:nakprok:aaaa6dd32ca4,text_search,Mucalinda Thailand Buddha,File:Wat Chet Yot 12 Mondop and Mucalinda pond.JPG,https://commons.wikimedia.org/wiki/File:Wat_Chet_Yot_12_Mondop_and_Mucalinda_pond.JPG,https://upload.wikimedia.org/wikipedia/commons/1/17/Wat_Chet_Yot_12_Mondop_and_Mucalinda_pond.JPG,images/nakprok/11570410_Wat_Chet_Yot_12_Mondop_and_Mucalinda_pond.jpg,ca2dd5351cdbd80e9085b9696c5f7e3f391df838,1286,1920,CC BY-SA 3.0,Takeaway
11577619,nakprok,unresolved:nakprok:2f1aa80c21f4,text_search,Mucalinda Thailand Buddha,File:2006 0922 wat phrathat doi suthep buddha mucalinda.JPG,https://commons.wikimedia.org/wiki/File:2006_0922_wat_phrathat_doi_suthep_buddha_mucalinda.JPG,https://upload.wikimedia.org/wikipedia/commons/a/a6/2006_0922_wat_phrathat_doi_suthep_buddha_mucalinda.JPG,images/nakprok/11577619_2006_0922_wat_phrathat_doi_suthep_buddha_mucalinda.jpg,f268e9f2055c5da92e16682c760b6c47b3d8c2ff,1600,1310,CC BY-SA 3.0,Takeaway
35424629,nakprok,unresolved:nakprok:3b04b82e173c,text_search,Mucalinda Thailand Buddha,"File:Mucalinda Sheltering Buddha. Bangkok National Museum, b092.jpg","https://commons.wikimedia.org/wiki/File:Mucalinda_Sheltering_Buddha._Bangkok_National_Museum,_b092.jpg",https://upload.wikimedia.org/wikipedia/commons/f/fe/Mucalinda_Sheltering_Buddha._Bangkok_National_Museum%2C_b092.jpg,"images/nakprok/35424629_Mucalinda_Sheltering_Buddha._Bangkok_National_Museum,_b092.jpg",bc87cce38c79e41fab48277ec1b3aa781cf3e276,1878,2542,CC BY-SA 4.0,Michael Gunther
35424824,nakprok,unresolved:nakprok:923dd6e8bd49,text_search,Mucalinda Thailand Buddha,"File:Buddha Protected by Mucalinda. Bangkok National Museum, b075.jpg","https://commons.wikimedia.org/wiki/File:Buddha_Protected_by_Mucalinda._Bangkok_National_Museum,_b075.jpg",https://upload.wikimedia.org/wikipedia/commons/5/56/Buddha_Protected_by_Mucalinda._Bangkok_National_Museum%2C_b075.jpg,"images/nakprok/35424824_Buddha_Protected_by_Mucalinda._Bangkok_National_Museum,_b075.jpg",09652eee488d96d080546cc277cb84c82e1dfc30,1857,2452,CC BY-SA 4.0,Michael Gunther
50818446,nakprok,unresolved:nakprok:9783c63b8111,text_search,Mucalinda Thailand Buddha,File:089 Mucalinda protects Buddha (9192156398).jpg,https://commons.wikimedia.org/wiki/File:089_Mucalinda_protects_Buddha_(9192156398).jpg,https://upload.wikimedia.org/wikipedia/commons/thumb/1/1a/089_Mucalinda_protects_Buddha_%289192156398%29.jpg/1920px-089_Mucalinda_protects_Buddha_%289192156398%29.jpg,images/nakprok/50818446_089_Mucalinda_protects_Buddha_(9192156398).jpg,a4fa8ef12cbf83c7837b749d2dbe959b84ae395d,4320,3240,CC BY 2.0,"Photo Dharma from Sadao, Thailand"
50818452,nakprok,unresolved:nakprok:133c8c16d253,text_search,Mucalinda Thailand Buddha,File:090 Mucalinda protects Buddha (detail) (9192151900).jpg,https://commons.wikimedia.org/wiki/File:090_Mucalinda_protects_Buddha_(detail)_(9192151900).jpg,https://upload.wikimedia.org/wikipedia/commons/thumb/8/8e/090_Mucalinda_protects_Buddha_%28detail%29_%289192151900%29.jpg/1920px-090_Mucalinda_protects_Buddha_%28detail%29_%289192151900%29.jpg,images/nakprok/50818452_090_Mucalinda_protects_Buddha_(detail)_(9192151900).jpg,d9a3d2111438fcbeb68255f9b5ae55b209a6d4c4,3240,4320,CC BY 2.0,"Photo Dharma from Sadao, Thailand"
58274423,nakprok,unresolved:nakprok:a16e00a43d68,text_search,Mucalinda Thailand Buddha,File:Bangkok National Museum - 2017-04-22 (051).jpg,https://commons.wikimedia.org/wiki/File:Bangkok_National_Museum_-_2017-04-22_(051).jpg,https://upload.wikimedia.org/wikipedia/commons/thumb/0/0d/Bangkok_National_Museum_-_2017-04-22_%28051%29.jpg/1920px-Bangkok_National_Museum_-_2017-04-22_%28051%29.jpg,images/nakprok/58274423_Bangkok_National_Museum_-_2017-04-22_(051).jpg,328a6433f2f53596d782587435d2f77fae8c6afd,3024,4032,CC0,Iudexvivorum
58274424,nakprok,unresolved:nakprok:4a2bfc493d79,text_search,Mucalinda Thailand Buddha,File:Bangkok National Museum - 2017-04-22 (052).jpg,https://commons.wikimedia.org/wiki/File:Bangkok_National_Museum_-_2017-04-22_(052).jpg,https://upload.wikimedia.org/wikipedia/commons/thumb/2/25/Bangkok_National_Museum_-_2017-04-22_%28052%29.jpg/1920px-Bangkok_National_Museum_-_2017-04-22_%28052%29.jpg,images/nakprok/58274424_Bangkok_National_Museum_-_2017-04-22_(052).jpg,1a2f8c153cec9ff12bc93442ad03c9dd245e4481,3024,4032,CC0,Iudexvivorum
58274426,nakprok,unresolved:nakprok:5fe085cd6475,text_search,Mucalinda Thailand Buddha,File:Bangkok National Museum - 2017-04-22 (055).jpg,https://commons.wikimedia.org/wiki/File:Bangkok_National_Museum_-_2017-04-22_(055).jpg,https://upload.wikimedia.org/wikipedia/commons/thumb/5/57/Bangkok_National_Museum_-_2017-04-22_%28055%29.jpg/1920px-Bangkok_National_Museum_-_2017-04-22_%28055%29.jpg,images/nakprok/58274426_Bangkok_National_Museum_-_2017-04-22_(055).jpg,59e1e97b7b7ed4ec8af2bc6ce47ddc0afca9b147,3024,4032,CC0,Iudexvivorum
59879630,nakprok,unresolved:nakprok:77730e9d4810,text_search,Mucalinda Thailand Buddha,"File:011 Buddha under Mucilinda, 8c, Dwaravati (35087031512).jpg","https://commons.wikimedia.org/wiki/File:011_Buddha_under_Mucilinda,_8c,_Dwaravati_(35087031512).jpg",https://upload.wikimedia.org/wikipedia/commons/thumb/2/2d/011_Buddha_under_Mucilinda%2C_8c%2C_Dwaravati_%2835087031512%29.jpg/1920px-011_Buddha_under_Mucilinda%2C_8c%2C_Dwaravati_%2835087031512%29.jpg,"images/nakprok/59879630_011_Buddha_under_Mucilinda,_8c,_Dwaravati_(35087031512).jpg",805e4bc9bb758835a259e26e7b7ccf088e578198,3526,5289,CC BY 2.0,"Photo Dharma from Sadao, Thailand"
59879657,nakprok,unresolved:nakprok:2409ca1c5d12,text_search,Mucalinda Thailand Buddha,"File:031 Mucilinda, 13c, Lopburi (34865467030).jpg","https://commons.wikimedia.org/wiki/File:031_Mucilinda,_13c,_Lopburi_(34865467030).jpg",https://upload.wikimedia.org/wikipedia/commons/thumb/a/a9/031_Mucilinda%2C_13c%2C_Lopburi_%2834865467030%29.jpg/1920px-031_Mucilinda%2C_13c%2C_Lopburi_%2834865467030%29.jpg,"images/nakprok/59879657_031_Mucilinda,_13c,_Lopburi_(34865467030).jpg",8dc4e2132ded34fc40e8d0991a6c0a05eff42abb,3282,5902,CC BY 2.0,"Photo Dharma from Sadao, Thailand"
59879665,nakprok,unresolved:nakprok:19e66eae2336,text_search,Mucalinda Thailand Buddha,"File:036 Mucilinda, 12c, Lopburi (34865459300).jpg","https://commons.wikimedia.org/wiki/File:036_Mucilinda,_12c,_Lopburi_(34865459300).jpg",https://upload.wikimedia.org/wikipedia/commons/thumb/7/75/036_Mucilinda%2C_12c%2C_Lopburi_%2834865459300%29.jpg/1920px-036_Mucilinda%2C_12c%2C_Lopburi_%2834865459300%29.jpg,"images/nakprok/59879665_036_Mucilinda,_12c,_Lopburi_(34865459300).jpg",ac428d94e19dfa38041824c4ef214a07a5ac0b78,2740,4529,CC BY 2.0,"Photo Dharma from Sadao, Thailand"
158098833,nakprok,unresolved:nakprok:1656008c579b,text_search,Mucalinda Thailand Buddha,File:Temple Wat Pho 4.jpg,https://commons.wikimedia.org/wiki/File:Temple_Wat_Pho_4.jpg,https://upload.wikimedia.org/wikipedia/commons/thumb/7/72/Temple_Wat_Pho_4.jpg/1920px-Temple_Wat_Pho_4.jpg,images/nakprok/158098833_Temple_Wat_Pho_4.jpg,00aa973d161c4d2a380386f0e5b6f05730e74d19,3024,4032,CC0,Welcome to Thailand
158098918,nakprok,unresolved:nakprok:2e9bba009d47,text_search,Mucalinda Thailand Buddha,File:Temple Wat Pho 5.jpg,https://commons.wikimedia.org/wiki/File:Temple_Wat_Pho_5.jpg,https://upload.wikimedia.org/wikipedia/commons/thumb/d/db/Temple_Wat_Pho_5.jpg/1920px-Temple_Wat_Pho_5.jpg,images/nakprok/158098918_Temple_Wat_Pho_5.jpg,ad915504224aeac41967e1f61fedb9f2e8c59153,3648,5472,CC0,Welcome to Thailand
167315333,nakprok,unresolved:nakprok:c6314f850f0f,text_search,Mucalinda Thailand Buddha,"File:Mucalinda Sheltering Buddha. Bangkok National Museum, b092 (cropped inscription).jpg","https://commons.wikimedia.org/wiki/File:Mucalinda_Sheltering_Buddha._Bangkok_National_Museum,_b092_(cropped_inscription).jpg",https://upload.wikimedia.org/wikipedia/commons/1/14/Mucalinda_Sheltering_Buddha._Bangkok_National_Museum%2C_b092_%28cropped_inscription%29.jpg,"images/nakprok/167315333_Mucalinda_Sheltering_Buddha._Bangkok_National_Museum,_b092_(cropped_inscription).jpg",28346516ac339ce53a13773166800e9c6d21ef65,842,127,CC BY-SA 4.0,Michael Gunther
167453628,nakprok,unresolved:nakprok:1607063eb470,text_search,Mucalinda Thailand Buddha,File:Buddha under protection of Mucalinda inside Wat Prayurawongsawat.jpg,https://commons.wikimedia.org/wiki/File:Buddha_under_protection_of_Mucalinda_inside_Wat_Prayurawongsawat.jpg,https://upload.wikimedia.org/wikipedia/commons/thumb/4/4c/Buddha_under_protection_of_Mucalinda_inside_Wat_Prayurawongsawat.jpg/1920px-Buddha_under_protection_of_Mucalinda_inside_Wat_Prayurawongsawat.jpg,images/nakprok/167453628_Buddha_under_protection_of_Mucalinda_inside_Wat_Prayurawongsawat.jpg,77ecbbd8c38be513cb7b885ef46156454afd6bbe,3072,4096,CC0,Deepak-nsk
89740,prathanphon,unresolved:prathanphon:e4cd34360e52,text_search,ปางประทานพร พระพุทธรูป,File:Gandhara Buddha (tnm).jpeg,https://commons.wikimedia.org/wiki/File:Gandhara_Buddha_(tnm).jpeg,https://upload.wikimedia.org/wikipedia/commons/b/b8/Gandhara_Buddha_%28tnm%29.jpeg,images/prathanphon/89740_Gandhara_Buddha_(tnm).jpg,c13ef558f9d1a909bc539099a40bcf5cf299175e,1746,2894,Public domain,World Imaging
352215,prathanphon,unresolved:prathanphon:7f7b88dc0bea,text_search,ปางประทานพร พระพุทธรูป,File:Standing Buddha 2.jpg,https://commons.wikimedia.org/wiki/File:Standing_Buddha_2.jpg,https://upload.wikimedia.org/wikipedia/commons/e/ee/Standing_Buddha_2.jpg,images/prathanphon/352215_Standing_Buddha_2.jpg,87692aa4d3a68cc7fc30c114a230db432632c5c1,480,640,CC BY 2.0,"Ernie &amp; Katy Newton Lawley from Bowie, MD, USA"
951713,prathanphon,unresolved:prathanphon:7bb75befc9f0,text_search,ปางประทานพร พระพุทธรูป,File:TNMStandingBuddha.jpg,https://commons.wikimedia.org/wiki/File:TNMStandingBuddha.jpg,https://upload.wikimedia.org/wikipedia/commons/9/91/TNMStandingBuddha.jpg,images/prathanphon/951713_TNMStandingBuddha.jpg,7306e47913d3f9047db064cce6857a2f51773432,885,1466,Public domain,World Imaging
951728,prathanphon,unresolved:prathanphon:bf3fc64fc5de,text_search,ปางประทานพร พระพุทธรูป,File:TNMStandingBuddhaFace.jpg,https://commons.wikimedia.org/wiki/File:TNMStandingBuddhaFace.jpg,https://upload.wikimedia.org/wikipedia/commons/4/45/TNMStandingBuddhaFace.jpg,images/prathanphon/951728_TNMStandingBuddhaFace.jpg,c756162414435e3cb3bffb5251317f193e8b63fa,1769,784,CC BY-SA 3.0,No machine-readable author provided. World Imaging assumed (based on copyright claims).
951732,prathanphon,unresolved:prathanphon:2829a37e6a91,text_search,ปางประทานพร พระพุทธรูป,File:TNMStandingBuddhaBase.jpg,https://commons.wikimedia.org/wiki/File:TNMStandingBuddhaBase.jpg,https://upload.wikimedia.org/wikipedia/commons/5/53/TNMStandingBuddhaBase.jpg,images/prathanphon/951732_TNMStandingBuddhaBase.jpg,6310494c16e85deb2e2c35284dcb0873892cf411,1765,400,CC BY-SA 3.0,No machine-readable author provided. World Imaging assumed (based on copyright claims).
951736,prathanphon,unresolved:prathanphon:54f0efa02212,text_search,ปางประทานพร พระพุทธรูป,File:TNMStandingBuddhaHand.jpg,https://commons.wikimedia.org/wiki/File:TNMStandingBuddhaHand.jpg,https://upload.wikimedia.org/wikipedia/commons/1/1b/TNMStandingBuddhaHand.jpg,images/prathanphon/951736_TNMStandingBuddhaHand.jpg,81f4c178160b56a3760ca52e24f5747e5b780b70,1000,1427,CC BY-SA 3.0,No machine-readable author provided. World Imaging assumed (based on copyright claims).
951742,prathanphon,unresolved:prathanphon:722b1e3f454f,text_search,ปางประทานพร พระพุทธรูป,File:TNMStandingBuddhaThreeQuarter.jpg,https://commons.wikimedia.org/wiki/File:TNMStandingBuddhaThreeQuarter.jpg,https://upload.wikimedia.org/wikipedia/commons/e/e7/TNMStandingBuddhaThreeQuarter.jpg,images/prathanphon/951742_TNMStandingBuddhaThreeQuarter.jpg,1f21fca2a8d41bfc67e2722ac4fe9818b7f2756f,600,800,CC BY-SA 3.0,No machine-readable author provided. World Imaging assumed (based on copyright claims).
5239151,prathanphon,unresolved:prathanphon:3b4947789401,text_search,ปางประทานพร พระพุทธรูป,File:Standing Buddha (DahlemBerlin).jpg,https://commons.wikimedia.org/wiki/File:Standing_Buddha_(DahlemBerlin).jpg,https://upload.wikimedia.org/wikipedia/commons/e/e5/Standing_Buddha_%28DahlemBerlin%29.jpg,images/prathanphon/5239151_Standing_Buddha_(DahlemBerlin).jpg,587af92c0814ae79e143f12c8dc0bf0f38ab83bc,900,1200,CC BY 2.0,Jean-Pierre Dalbéra
22420273,prathanphon,unresolved:prathanphon:2ab660c83200,text_search,ปางประทานพร พระพุทธรูป,File:Flickr - DVIDSHUB - Giant standing Buddhas of Bamiyan still cast shadows (Image 2 of 8).jpg,https://commons.wikimedia.org/wiki/File:Flickr_-_DVIDSHUB_-_Giant_standing_Buddhas_of_Bamiyan_still_cast_shadows_(Image_2_of_8).jpg,https://upload.wikimedia.org/wikipedia/commons/thumb/c/c0/Flickr_-_DVIDSHUB_-_Giant_standing_Buddhas_of_Bamiyan_still_cast_shadows_%28Image_2_of_8%29.jpg/1920px-Flickr_-_DVIDSHUB_-_Giant_standing_Buddhas_of_Bamiyan_still_cast_shadows_%28Image_2_of_8%29.jpg,images/prathanphon/22420273_Flickr_-_DVIDSHUB_-_Giant_standing_Buddhas_of_Bamiyan_still_cast_shadows_(Image_2_of_8).jpg,4f0bce15f95bbf9126bb9652424c8f513167bde0,2700,1793,Public domain,Sgt. Ken Scar
32962608,prathanphon,unresolved:prathanphon:3c1623afc384,text_search,ปางประทานพร พระพุทธรูป,File:Standing Buddha Statue Buduruwagala.jpg,https://commons.wikimedia.org/wiki/File:Standing_Buddha_Statue_Buduruwagala.jpg,https://upload.wikimedia.org/wikipedia/commons/2/28/Standing_Buddha_Statue_Buduruwagala.jpg,images/prathanphon/32962608_Standing_Buddha_Statue_Buduruwagala.jpg,a208d1a1204622a68fddbe548430cf1112f7b2d9,1600,1483,CC BY-SA 3.0,S.G.Seyone
32962610,prathanphon,unresolved:prathanphon:a4d9fafee46f,text_search,ปางประทานพร พระพุทธรูป,File:Standing Buddha Statue Maligawila.jpg,https://commons.wikimedia.org/wiki/File:Standing_Buddha_Statue_Maligawila.jpg,https://upload.wikimedia.org/wikipedia/commons/6/6e/Standing_Buddha_Statue_Maligawila.jpg,images/prathanphon/32962610_Standing_Buddha_Statue_Maligawila.jpg,923c1437047fb0a1ad7bb10efc3f7e90f738b1c1,712,1024,CC BY-SA 3.0,S.G.Seyone
35104576,prathanphon,unresolved:prathanphon:25157b71abca,text_search,ปางประทานพร พระพุทธรูป,"File:Shwezigon, Standing Buddha, Pagan 0208.jpg","https://commons.wikimedia.org/wiki/File:Shwezigon,_Standing_Buddha,_Pagan_0208.jpg",https://upload.wikimedia.org/wikipedia/commons/thumb/d/d8/Shwezigon%2C_Standing_Buddha%2C_Pagan_0208.jpg/1920px-Shwezigon%2C_Standing_Buddha%2C_Pagan_0208.jpg,"images/prathanphon/35104576_Shwezigon,_Standing_Buddha,_Pagan_0208.jpg",75b51e6a5b8ca556bb704f3c72fcf2f0c862d05f,1944,2592,CC BY-SA 4.0,Michael Gunther
35105239,prathanphon,unresolved:prathanphon:ec6d30be6dff,text_search,ปางประทานพร พระพุทธรูป,"File:Shwezigon, Standing Buddha, Pagan 0212.jpg","https://commons.wikimedia.org/wiki/File:Shwezigon,_Standing_Buddha,_Pagan_0212.jpg",https://upload.wikimedia.org/wikipedia/commons/3/3d/Shwezigon%2C_Standing_Buddha%2C_Pagan_0212.jpg,"images/prathanphon/35105239_Shwezigon,_Standing_Buddha,_Pagan_0212.jpg",e01fab0bd1ec7582fb1d133e1cf3d538a4f2dd61,1172,1556,CC BY-SA 4.0,Michael Gunther
35426074,prathanphon,unresolved:prathanphon:a01265ccc22f,text_search,ปางประทานพร พระพุทธรูป,File:Standing Buddha b107.jpg,https://commons.wikimedia.org/wiki/File:Standing_Buddha_b107.jpg,https://upload.wikimedia.org/wikipedia/commons/thumb/a/af/Standing_Buddha_b107.jpg/1920px-Standing_Buddha_b107.jpg,images/prathanphon/35426074_Standing_Buddha_b107.jpg,148bc472e024bda22031e139d4a04953d1d685fb,1944,2592,CC BY-SA 4.0,Michael Gunther
35426212,prathanphon,unresolved:prathanphon:8980252394e3,text_search,ปางประทานพร พระพุทธรูป,"File:Standing Buddha, Bangkok Museum b105.jpg","https://commons.wikimedia.org/wiki/File:Standing_Buddha,_Bangkok_Museum_b105.jpg",https://upload.wikimedia.org/wikipedia/commons/9/95/Standing_Buddha%2C_Bangkok_Museum_b105.jpg,"images/prathanphon/35426212_Standing_Buddha,_Bangkok_Museum_b105.jpg",e9893bf659011b49cdc5626db3a585627e898fe2,893,1929,CC BY-SA 4.0,Michael Gunther
50125949,prathanphon,unresolved:prathanphon:6896b5709186,text_search,ปางประทานพร พระพุทธรูป,File:พระพิมพ์ปางประธานพร.jpg,https://commons.wikimedia.org/wiki/File:%E0%B8%9E%E0%B8%A3%E0%B8%B0%E0%B8%9E%E0%B8%B4%E0%B8%A1%E0%B8%9E%E0%B9%8C%E0%B8%9B%E0%B8%B2%E0%B8%87%E0%B8%9B%E0%B8%A3%E0%B8%B0%E0%B8%98%E0%B8%B2%E0%B8%99%E0%B8%9E%E0%B8%A3.jpg,https://upload.wikimedia.org/wikipedia/commons/0/0e/%E0%B8%9E%E0%B8%A3%E0%B8%B0%E0%B8%9E%E0%B8%B4%E0%B8%A1%E0%B8%9E%E0%B9%8C%E0%B8%9B%E0%B8%B2%E0%B8%87%E0%B8%9B%E0%B8%A3%E0%B8%B0%E0%B8%98%E0%B8%B2%E0%B8%99%E0%B8%9E%E0%B8%A3.jpg,images/prathanphon/50125949_พระพิมพ์ปางประธานพร.jpg,f18ca798acb443766c77166466c460865d1d80f0,1200,900,CC BY-SA 4.0,Tombrembo
53402938,prathanphon,unresolved:prathanphon:6bff568da24d,text_search,ปางประทานพร พระพุทธรูป,File:GandharaBuddha(Trimmed).JPG,https://commons.wikimedia.org/wiki/File:GandharaBuddha(Trimmed).JPG,https://upload.wikimedia.org/wikipedia/commons/3/33/GandharaBuddha%28Trimmed%29.JPG,images/prathanphon/53402938_GandharaBuddha(Trimmed).jpg,295f0c3d3969de389d6ac2cca4fddda35a1fc361,627,1600,Public domain,User:Per Honor et Gloria
59879672,prathanphon,unresolved:prathanphon:07ddb87a4e2a,text_search,ปางประทานพร พระพุทธรูป,"File:043 Standing Buddha 2, 13c, Lopburi (35212707356).jpg","https://commons.wikimedia.org/wiki/File:043_Standing_Buddha_2,_13c,_Lopburi_(35212707356).jpg",https://upload.wikimedia.org/wikipedia/commons/thumb/0/0c/043_Standing_Buddha_2%2C_13c%2C_Lopburi_%2835212707356%29.jpg/1920px-043_Standing_Buddha_2%2C_13c%2C_Lopburi_%2835212707356%29.jpg,"images/prathanphon/59879672_043_Standing_Buddha_2,_13c,_Lopburi_(35212707356).jpg",335f1595341d4c09994cb271fe251d7a7e59520c,2281,5806,CC BY 2.0,"Photo Dharma from Sadao, Thailand"
61391949,prathanphon,unresolved:prathanphon:f98cde39045f,text_search,ปางประทานพร พระพุทธรูป,File:พระพุทธรูป ปางประทานพร ( ยืน).jpg,https://commons.wikimedia.org/wiki/File:%E0%B8%9E%E0%B8%A3%E0%B8%B0%E0%B8%9E%E0%B8%B8%E0%B8%97%E0%B8%98%E0%B8%A3%E0%B8%B9%E0%B8%9B_%E0%B8%9B%E0%B8%B2%E0%B8%87%E0%B8%9B%E0%B8%A3%E0%B8%B0%E0%B8%97%E0%B8%B2%E0%B8%99%E0%B8%9E%E0%B8%A3_(_%E0%B8%A2%E0%B8%B7%E0%B8%99).jpg,https://upload.wikimedia.org/wikipedia/commons/thumb/1/1b/%E0%B8%9E%E0%B8%A3%E0%B8%B0%E0%B8%9E%E0%B8%B8%E0%B8%97%E0%B8%98%E0%B8%A3%E0%B8%B9%E0%B8%9B_%E0%B8%9B%E0%B8%B2%E0%B8%87%E0%B8%9B%E0%B8%A3%E0%B8%B0%E0%B8%97%E0%B8%B2%E0%B8%99%E0%B8%9E%E0%B8%A3_%28_%E0%B8%A2%E0%B8%B7%E0%B8%99%29.jpg/1920px-%E0%B8%9E%E0%B8%A3%E0%B8%B0%E0%B8%9E%E0%B8%B8%E0%B8%97%E0%B8%98%E0%B8%A3%E0%B8%B9%E0%B8%9B_%E0%B8%9B%E0%B8%B2%E0%B8%87%E0%B8%9B%E0%B8%A3%E0%B8%B0%E0%B8%97%E0%B8%B2%E0%B8%99%E0%B8%9E%E0%B8%A3_%28_%E0%B8%A2%E0%B8%B7%E0%B8%99%29.jpg,images/prathanphon/61391949_พระพุทธรูป_ปางประทานพร_(_ยืน).jpg,89945148db4365602a46e1f699b0b665d37e981c,3174,5159,CC BY-SA 4.0,Dektonk
65810344,prathanphon,unresolved:prathanphon:356f92f68f00,text_search,ปางประทานพร พระพุทธรูป,File:Standing Buddha (3013666430).jpg,https://commons.wikimedia.org/wiki/File:Standing_Buddha_(3013666430).jpg,https://upload.wikimedia.org/wikipedia/commons/6/62/Standing_Buddha_%283013666430%29.jpg,images/prathanphon/65810344_Standing_Buddha_(3013666430).jpg,b38e7168c490fa3a674f8602bcd4bda00d1128e6,1407,1963,CC BY 2.0,"Akuppa John Wigham from Newcastle upon Tyne, England"
68239204,prathanphon,unresolved:prathanphon:3bf754c1f115,text_search,ปางประทานพร พระพุทธรูป,File:Gorgeous standing Buddha (12290577444).jpg,https://commons.wikimedia.org/wiki/File:Gorgeous_standing_Buddha_(12290577444).jpg,https://upload.wikimedia.org/wikipedia/commons/thumb/f/fc/Gorgeous_standing_Buddha_%2812290577444%29.jpg/1920px-Gorgeous_standing_Buddha_%2812290577444%29.jpg,images/prathanphon/68239204_Gorgeous_standing_Buddha_(12290577444).jpg,f9414ac009d557f13ff68a8b3bcd09db9498aad1,2848,4288,CC BY 2.0,"shankar s. from Dubai, united arab emirates"
70054522,prathanphon,unresolved:prathanphon:35ceef3d4a70,text_search,ปางประทานพร พระพุทธรูป,"File:Standing Buddha, near Peshawar, Pakistan, Kushan dynasty, 100s-200s AD, schist - Tokyo National Museum - Tokyo, Japan - DSC08671.jpg","https://commons.wikimedia.org/wiki/File:Standing_Buddha,_near_Peshawar,_Pakistan,_Kushan_dynasty,_100s-200s_AD,_schist_-_Tokyo_National_Museum_-_Tokyo,_Japan_-_DSC08671.jpg",https://upload.wikimedia.org/wikipedia/commons/thumb/7/70/Standing_Buddha%2C_near_Peshawar%2C_Pakistan%2C_Kushan_dynasty%2C_100s-200s_AD%2C_schist_-_Tokyo_National_Museum_-_Tokyo%2C_Japan_-_DSC08671.jpg/1920px-Standing_Buddha%2C_near_Peshawar%2C_Pakistan%2C_Kushan_dynasty%2C_100s-200s_AD%2C_schist_-_Tokyo_National_Museum_-_Tokyo%2C_Japan_-_DSC08671.jpg,"images/prathanphon/70054522_Standing_Buddha,_near_Peshawar,_Pakistan,_Kushan_dynasty,_100s-200s_AD,_schist_-_Tokyo_National_Muse.jpg",6837127788895a12ba3e013191f2f62cb4aa196c,3396,5358,Public domain,Daderot
71501192,prathanphon,unresolved:prathanphon:3d6709904756,text_search,ปางประทานพร พระพุทธรูป,File:Standing Buddha (43416427681).jpg,https://commons.wikimedia.org/wiki/File:Standing_Buddha_(43416427681).jpg,https://upload.wikimedia.org/wikipedia/commons/7/7f/Standing_Buddha_%2843416427681%29.jpg,images/prathanphon/71501192_Standing_Buddha_(43416427681).jpg,dc8fa464bb077cedf04b9ec71714cdd6f13cf224,768,1024,CC BY 2.0,"David Stanley from Nanaimo, Canada"
71501211,prathanphon,unresolved:prathanphon:167d8d8ee41c,text_search,ปางประทานพร พระพุทธรูป,File:Teak Standing Buddha (28602222647).jpg,https://commons.wikimedia.org/wiki/File:Teak_Standing_Buddha_(28602222647).jpg,https://upload.wikimedia.org/wikipedia/commons/b/b3/Teak_Standing_Buddha_%2828602222647%29.jpg,images/prathanphon/71501211_Teak_Standing_Buddha_(28602222647).jpg,cc5a0edc9ae94315df31dbf7c1625d8d45d8cde6,1024,768,CC BY 2.0,"David Stanley from Nanaimo, Canada"
74555817,prathanphon,unresolved:prathanphon:836330aa2067,text_search,ปางประทานพร พระพุทธรูป,File:Standing Buddha at the entrance of the Kuan Im Tng Temple.jpg,https://commons.wikimedia.org/wiki/File:Standing_Buddha_at_the_entrance_of_the_Kuan_Im_Tng_Temple.jpg,https://upload.wikimedia.org/wikipedia/commons/thumb/f/f3/Standing_Buddha_at_the_entrance_of_the_Kuan_Im_Tng_Temple.jpg/1920px-Standing_Buddha_at_the_entrance_of_the_Kuan_Im_Tng_Temple.jpg,images/prathanphon/74555817_Standing_Buddha_at_the_entrance_of_the_Kuan_Im_Tng_Temple.jpg,9ac49c59814e5b3a2f1678f2ee68f953ed3499e0,4276,4276,CC BY-SA 4.0,Basile Morin
83184989,prathanphon,unresolved:prathanphon:3565d22cfeed,text_search,ปางประทานพร พระพุทธรูป,"File:Bouddha, art du Gandhara (Musée national de Tokyo, Japon) (43048033550).jpg","https://commons.wikimedia.org/wiki/File:Bouddha,_art_du_Gandhara_(Mus%C3%A9e_national_de_Tokyo,_Japon)_(43048033550).jpg",https://upload.wikimedia.org/wikipedia/commons/thumb/7/7d/Bouddha%2C_art_du_Gandhara_%28Mus%C3%A9e_national_de_Tokyo%2C_Japon%29_%2843048033550%29.jpg/1920px-Bouddha%2C_art_du_Gandhara_%28Mus%C3%A9e_national_de_Tokyo%2C_Japon%29_%2843048033550%29.jpg,"images/prathanphon/83184989_Bouddha,_art_du_Gandhara_(Musée_national_de_Tokyo,_Japon)_(43048033550).jpg",bdb38a28431e5e28d4c040f1009892dc66df5362,2620,3930,CC BY 2.0,"Jean-Pierre Dalbéra from Paris, France"
89009100,prathanphon,unresolved:prathanphon:171b74ee6cfd,text_search,ปางประทานพร พระพุทธรูป,File:Standing Buddha of Wat Xieng Thong.jpg,https://commons.wikimedia.org/wiki/File:Standing_Buddha_of_Wat_Xieng_Thong.jpg,https://upload.wikimedia.org/wikipedia/commons/thumb/6/69/Standing_Buddha_of_Wat_Xieng_Thong.jpg/1920px-Standing_Buddha_of_Wat_Xieng_Thong.jpg,images/prathanphon/89009100_Standing_Buddha_of_Wat_Xieng_Thong.jpg,71f81c81e842a8ead82c6adb59d3dce9d60bb9e1,3024,4032,CC BY-SA 4.0,Christophe95
90937559,prathanphon,unresolved:prathanphon:34d444b6d8b2,text_search,ปางประทานพร พระพุทธรูป,File:Stone standing Buddha image Sarnath BM.jpg,https://commons.wikimedia.org/wiki/File:Stone_standing_Buddha_image_Sarnath_BM.jpg,https://upload.wikimedia.org/wikipedia/commons/thumb/2/22/Stone_standing_Buddha_image_Sarnath_BM.jpg/1920px-Stone_standing_Buddha_image_Sarnath_BM.jpg,images/prathanphon/90937559_Stone_standing_Buddha_image_Sarnath_BM.jpg,0a2b48d106a2b8454343c46e3d60f6e23c472dbb,2715,5418,CC BY-SA 4.0,Zunkir
129990401,prathanphon,unresolved:prathanphon:adde03bdea6f,text_search,ปางประทานพร พระพุทธรูป,File:Standing Buddha Sri Lankan Buddhist Temple Chennai.jpg,https://commons.wikimedia.org/wiki/File:Standing_Buddha_Sri_Lankan_Buddhist_Temple_Chennai.jpg,https://upload.wikimedia.org/wikipedia/commons/thumb/4/49/Standing_Buddha_Sri_Lankan_Buddhist_Temple_Chennai.jpg/1280px-Standing_Buddha_Sri_Lankan_Buddhist_Temple_Chennai.jpg,images/prathanphon/129990401_Standing_Buddha_Sri_Lankan_Buddhist_Temple_Chennai.jpg,7586c32ee82683d1c2e6f2307812c00aac4f3f00,1908,4128,CC BY-SA 4.0,Buddhamitra
149502772,prathanphon,unresolved:prathanphon:5bf604de97c7,text_search,ปางประทานพร พระพุทธรูป,File:พระพุทธรูปปางประทานพร วัดพระปฐมเจดีย์ราชวรมหาวิหาร.jpg,https://commons.wikimedia.org/wiki/File:%E0%B8%9E%E0%B8%A3%E0%B8%B0%E0%B8%9E%E0%B8%B8%E0%B8%97%E0%B8%98%E0%B8%A3%E0%B8%B9%E0%B8%9B%E0%B8%9B%E0%B8%B2%E0%B8%87%E0%B8%9B%E0%B8%A3%E0%B8%B0%E0%B8%97%E0%B8%B2%E0%B8%99%E0%B8%9E%E0%B8%A3_%E0%B8%A7%E0%B8%B1%E0%B8%94%E0%B8%9E%E0%B8%A3%E0%B8%B0%E0%B8%9B%E0%B8%90%E0%B8%A1%E0%B9%80%E0%B8%88%E0%B8%94%E0%B8%B5%E0%B8%A2%E0%B9%8C%E0%B8%A3%E0%B8%B2%E0%B8%8A%E0%B8%A7%E0%B8%A3%E0%B8%A1%E0%B8%AB%E0%B8%B2%E0%B8%A7%E0%B8%B4%E0%B8%AB%E0%B8%B2%E0%B8%A3.jpg,https://upload.wikimedia.org/wikipedia/commons/thumb/3/31/%E0%B8%9E%E0%B8%A3%E0%B8%B0%E0%B8%9E%E0%B8%B8%E0%B8%97%E0%B8%98%E0%B8%A3%E0%B8%B9%E0%B8%9B%E0%B8%9B%E0%B8%B2%E0%B8%87%E0%B8%9B%E0%B8%A3%E0%B8%B0%E0%B8%97%E0%B8%B2%E0%B8%99%E0%B8%9E%E0%B8%A3_%E0%B8%A7%E0%B8%B1%E0%B8%94%E0%B8%9E%E0%B8%A3%E0%B8%B0%E0%B8%9B%E0%B8%90%E0%B8%A1%E0%B9%80%E0%B8%88%E0%B8%94%E0%B8%B5%E0%B8%A2%E0%B9%8C%E0%B8%A3%E0%B8%B2%E0%B8%8A%E0%B8%A7%E0%B8%A3%E0%B8%A1%E0%B8%AB%E0%B8%B2%E0%B8%A7%E0%B8%B4%E0%B8%AB%E0%B8%B2%E0%B8%A3.jpg/1920px-%E0%B8%9E%E0%B8%A3%E0%B8%B0%E0%B8%9E%E0%B8%B8%E0%B8%97%E0%B8%98%E0%B8%A3%E0%B8%B9%E0%B8%9B%E0%B8%9B%E0%B8%B2%E0%B8%87%E0%B8%9B%E0%B8%A3%E0%B8%B0%E0%B8%97%E0%B8%B2%E0%B8%99%E0%B8%9E%E0%B8%A3_%E0%B8%A7%E0%B8%B1%E0%B8%94%E0%B8%9E%E0%B8%A3%E0%B8%B0%E0%B8%9B%E0%B8%90%E0%B8%A1%E0%B9%80%E0%B8%88%E0%B8%94%E0%B8%B5%E0%B8%A2%E0%B9%8C%E0%B8%A3%E0%B8%B2%E0%B8%8A%E0%B8%A7%E0%B8%A3%E0%B8%A1%E0%B8%AB%E0%B8%B2%E0%B8%A7%E0%B8%B4%E0%B8%AB%E0%B8%B2%E0%B8%A3.jpg,images/prathanphon/149502772_พระพุทธรูปปางประทานพร_วัดพระปฐมเจดีย์ราชวรมหาวิหาร.jpg,3ceda5c426a8819fc0ae4bc9f3a422ea7d1b7150,3448,4592,CC BY-SA 4.0,กสิณธร ราชโอรส
58961486,prathanphon,unresolved:prathanphon:d709a5f7567e,text_search,"""Luang Pho Chin Prathan Phon""",File:วัดถ้ำเสือ - panoramio (8).jpg,https://commons.wikimedia.org/wiki/File:%E0%B8%A7%E0%B8%B1%E0%B8%94%E0%B8%96%E0%B9%89%E0%B8%B3%E0%B9%80%E0%B8%AA%E0%B8%B7%E0%B8%AD_-_panoramio_(8).jpg,https://upload.wikimedia.org/wikipedia/commons/thumb/3/33/%E0%B8%A7%E0%B8%B1%E0%B8%94%E0%B8%96%E0%B9%89%E0%B8%B3%E0%B9%80%E0%B8%AA%E0%B8%B7%E0%B8%AD_-_panoramio_%288%29.jpg/1920px-%E0%B8%A7%E0%B8%B1%E0%B8%94%E0%B8%96%E0%B9%89%E0%B8%B3%E0%B9%80%E0%B8%AA%E0%B8%B7%E0%B8%AD_-_panoramio_%288%29.jpg,images/prathanphon/58961486_วัดถ้ำเสือ_-_panoramio_(8).jpg,ec68502d98fae7cab57c7855c95a52b8f8729dd3,3056,4592,CC BY 3.0,Charin ninsu
58961554,prathanphon,unresolved:prathanphon:106b86587088,text_search,"""Luang Pho Chin Prathan Phon""",File:วัดถ้ำเสือ - panoramio (13).jpg,https://commons.wikimedia.org/wiki/File:%E0%B8%A7%E0%B8%B1%E0%B8%94%E0%B8%96%E0%B9%89%E0%B8%B3%E0%B9%80%E0%B8%AA%E0%B8%B7%E0%B8%AD_-_panoramio_(13).jpg,https://upload.wikimedia.org/wikipedia/commons/thumb/4/49/%E0%B8%A7%E0%B8%B1%E0%B8%94%E0%B8%96%E0%B9%89%E0%B8%B3%E0%B9%80%E0%B8%AA%E0%B8%B7%E0%B8%AD_-_panoramio_%2813%29.jpg/1920px-%E0%B8%A7%E0%B8%B1%E0%B8%94%E0%B8%96%E0%B9%89%E0%B8%B3%E0%B9%80%E0%B8%AA%E0%B8%B7%E0%B8%AD_-_panoramio_%2813%29.jpg,images/prathanphon/58961554_วัดถ้ำเสือ_-_panoramio_(13).jpg,891a0c9e0d960b212a530b7c201b56ce5b2d7a3d,3056,4592,CC BY 3.0,Charin ninsu
58961588,prathanphon,unresolved:prathanphon:4bb8ab0e2b12,text_search,"""Luang Pho Chin Prathan Phon""",File:วัดถ้ำเสือ - panoramio (17).jpg,https://commons.wikimedia.org/wiki/File:%E0%B8%A7%E0%B8%B1%E0%B8%94%E0%B8%96%E0%B9%89%E0%B8%B3%E0%B9%80%E0%B8%AA%E0%B8%B7%E0%B8%AD_-_panoramio_(17).jpg,https://upload.wikimedia.org/wikipedia/commons/thumb/5/59/%E0%B8%A7%E0%B8%B1%E0%B8%94%E0%B8%96%E0%B9%89%E0%B8%B3%E0%B9%80%E0%B8%AA%E0%B8%B7%E0%B8%AD_-_panoramio_%2817%29.jpg/1920px-%E0%B8%A7%E0%B8%B1%E0%B8%94%E0%B8%96%E0%B9%89%E0%B8%B3%E0%B9%80%E0%B8%AA%E0%B8%B7%E0%B8%AD_-_panoramio_%2817%29.jpg,images/prathanphon/58961588_วัดถ้ำเสือ_-_panoramio_(17).jpg,d17c38a2f5e776c6c0cf363af0f6ba35bb24f185,4592,3056,CC BY 3.0,Charin ninsu
148680565,prathanphon,unresolved:prathanphon:5a1a1d68b2b3,text_search,"""Luang Pho Chin Prathan Phon""","File:Wat Tham Suea,Kanchanaburi (6).jpg","https://commons.wikimedia.org/wiki/File:Wat_Tham_Suea,Kanchanaburi_(6).jpg",https://upload.wikimedia.org/wikipedia/commons/thumb/8/83/Wat_Tham_Suea%2CKanchanaburi_%286%29.jpg/1920px-Wat_Tham_Suea%2CKanchanaburi_%286%29.jpg,"images/prathanphon/148680565_Wat_Tham_Suea,Kanchanaburi_(6).jpg",8f20b52f17c32a0123a24330cbaa93bb1b3fced2,3240,4320,CC BY-SA 4.0,กสิณธร ราชโอรส
148680566,prathanphon,unresolved:prathanphon:4ee8c12af40b,text_search,"""Luang Pho Chin Prathan Phon""","File:Wat Tham Suea,Kanchanaburi (7).jpg","https://commons.wikimedia.org/wiki/File:Wat_Tham_Suea,Kanchanaburi_(7).jpg",https://upload.wikimedia.org/wikipedia/commons/thumb/a/ab/Wat_Tham_Suea%2CKanchanaburi_%287%29.jpg/1920px-Wat_Tham_Suea%2CKanchanaburi_%287%29.jpg,"images/prathanphon/148680566_Wat_Tham_Suea,Kanchanaburi_(7).jpg",2ff6ac13121792d8aef6046ea657cbe8eadca236,3240,4320,CC BY-SA 4.0,กสิณธร ราชโอรส
148680567,prathanphon,unresolved:prathanphon:dd287e2dd13b,text_search,"""Luang Pho Chin Prathan Phon""","File:Wat Tham Suea,Kanchanaburi (8).jpg","https://commons.wikimedia.org/wiki/File:Wat_Tham_Suea,Kanchanaburi_(8).jpg",https://upload.wikimedia.org/wikipedia/commons/thumb/1/12/Wat_Tham_Suea%2CKanchanaburi_%288%29.jpg/1920px-Wat_Tham_Suea%2CKanchanaburi_%288%29.jpg,"images/prathanphon/148680567_Wat_Tham_Suea,Kanchanaburi_(8).jpg",788e149e57154c5e25d16a7e55b827df9010305c,3240,4320,CC BY-SA 4.0,กสิณธร ราชโอรส
148680576,prathanphon,unresolved:prathanphon:4e75ae09ddcb,text_search,"""Luang Pho Chin Prathan Phon""","File:Wat Tham Suea,Kanchanaburi (13).jpg","https://commons.wikimedia.org/wiki/File:Wat_Tham_Suea,Kanchanaburi_(13).jpg",https://upload.wikimedia.org/wikipedia/commons/thumb/5/53/Wat_Tham_Suea%2CKanchanaburi_%2813%29.jpg/1920px-Wat_Tham_Suea%2CKanchanaburi_%2813%29.jpg,"images/prathanphon/148680576_Wat_Tham_Suea,Kanchanaburi_(13).jpg",1b0087696236c6a8c4f9ebea4476a7e01758b3f3,4320,3240,CC BY-SA 4.0,กสิณธร ราชโอรส
148680577,prathanphon,unresolved:prathanphon:589c745a77b3,text_search,"""Luang Pho Chin Prathan Phon""","File:Wat Tham Suea,Kanchanaburi (12).jpg","https://commons.wikimedia.org/wiki/File:Wat_Tham_Suea,Kanchanaburi_(12).jpg",https://upload.wikimedia.org/wikipedia/commons/thumb/4/4e/Wat_Tham_Suea%2CKanchanaburi_%2812%29.jpg/1920px-Wat_Tham_Suea%2CKanchanaburi_%2812%29.jpg,"images/prathanphon/148680577_Wat_Tham_Suea,Kanchanaburi_(12).jpg",8698b31806b78aedf39790660ec8d8154dfd23fa,3240,4320,CC BY-SA 4.0,กสิณธร ราชโอรส
148680582,prathanphon,unresolved:prathanphon:2e7df28e906f,text_search,"""Luang Pho Chin Prathan Phon""","File:Wat Tham Suea,Kanchanaburi (15).jpg","https://commons.wikimedia.org/wiki/File:Wat_Tham_Suea,Kanchanaburi_(15).jpg",https://upload.wikimedia.org/wikipedia/commons/thumb/8/82/Wat_Tham_Suea%2CKanchanaburi_%2815%29.jpg/1920px-Wat_Tham_Suea%2CKanchanaburi_%2815%29.jpg,"images/prathanphon/148680582_Wat_Tham_Suea,Kanchanaburi_(15).jpg",644a72e7fe99e2a7fe5a60e08b6f3b0dd74c88dd,3240,4320,CC BY-SA 4.0,กสิณธร ราชโอรส
148680742,prathanphon,unresolved:prathanphon:d00f2a2cea15,text_search,"""Luang Pho Chin Prathan Phon""","File:Wat Tham Suea,Kanchanaburi (52).jpg","https://commons.wikimedia.org/wiki/File:Wat_Tham_Suea,Kanchanaburi_(52).jpg",https://upload.wikimedia.org/wikipedia/commons/thumb/d/d5/Wat_Tham_Suea%2CKanchanaburi_%2852%29.jpg/1920px-Wat_Tham_Suea%2CKanchanaburi_%2852%29.jpg,"images/prathanphon/148680742_Wat_Tham_Suea,Kanchanaburi_(52).jpg",7365d91f2c3f82744a33b7af586b3943ec6fc45e,3240,4320,CC BY-SA 4.0,กสิณธร ราชโอรส
148773609,prathanphon,unresolved:prathanphon:ffc3e937f44d,text_search,"""Luang Pho Chin Prathan Phon""","File:Wat Tham Suea,Kanchanaburi (54).jpg","https://commons.wikimedia.org/wiki/File:Wat_Tham_Suea,Kanchanaburi_(54).jpg",https://upload.wikimedia.org/wikipedia/commons/thumb/b/b3/Wat_Tham_Suea%2CKanchanaburi_%2854%29.jpg/1920px-Wat_Tham_Suea%2CKanchanaburi_%2854%29.jpg,"images/prathanphon/148773609_Wat_Tham_Suea,Kanchanaburi_(54).jpg",96b780581a46d83b417ff28188289b2028f8b1de,3240,4320,CC BY-SA 4.0,กสิณธร ราชโอรส
148773610,prathanphon,unresolved:prathanphon:05e4f2070467,text_search,"""Luang Pho Chin Prathan Phon""","File:Wat Tham Suea,Kanchanaburi (53).jpg","https://commons.wikimedia.org/wiki/File:Wat_Tham_Suea,Kanchanaburi_(53).jpg",https://upload.wikimedia.org/wikipedia/commons/thumb/2/2d/Wat_Tham_Suea%2CKanchanaburi_%2853%29.jpg/1920px-Wat_Tham_Suea%2CKanchanaburi_%2853%29.jpg,"images/prathanphon/148773610_Wat_Tham_Suea,Kanchanaburi_(53).jpg",5d7b5fef6024404a193f42a252bca890c2a8c478,4320,3240,CC BY-SA 4.0,กสิณธร ราชโอรส
148773625,prathanphon,unresolved:prathanphon:b5a9c54d10c3,text_search,"""Luang Pho Chin Prathan Phon""","File:Wat Tham Suea,Kanchanaburi (64).jpg","https://commons.wikimedia.org/wiki/File:Wat_Tham_Suea,Kanchanaburi_(64).jpg",https://upload.wikimedia.org/wikipedia/commons/thumb/9/9c/Wat_Tham_Suea%2CKanchanaburi_%2864%29.jpg/1920px-Wat_Tham_Suea%2CKanchanaburi_%2864%29.jpg,"images/prathanphon/148773625_Wat_Tham_Suea,Kanchanaburi_(64).jpg",f84a18f81e2f19b0c7861ca2972ed56c7aea946a,3448,4592,CC BY-SA 4.0,กสิณธร ราชโอรส
148773634,prathanphon,unresolved:prathanphon:e85e8cb65d0a,text_search,"""Luang Pho Chin Prathan Phon""","File:Wat Tham Suea,Kanchanaburi (65).jpg","https://commons.wikimedia.org/wiki/File:Wat_Tham_Suea,Kanchanaburi_(65).jpg",https://upload.wikimedia.org/wikipedia/commons/thumb/9/9f/Wat_Tham_Suea%2CKanchanaburi_%2865%29.jpg/1920px-Wat_Tham_Suea%2CKanchanaburi_%2865%29.jpg,"images/prathanphon/148773634_Wat_Tham_Suea,Kanchanaburi_(65).jpg",611487cbef58d0f38d313917a90596aa874a4815,4592,3448,CC BY-SA 4.0,กสิณธร ราชโอรส
148773635,prathanphon,unresolved:prathanphon:fa15198546a5,text_search,"""Luang Pho Chin Prathan Phon""","File:Wat Tham Suea,Kanchanaburi (66).jpg","https://commons.wikimedia.org/wiki/File:Wat_Tham_Suea,Kanchanaburi_(66).jpg",https://upload.wikimedia.org/wikipedia/commons/thumb/a/aa/Wat_Tham_Suea%2CKanchanaburi_%2866%29.jpg/1920px-Wat_Tham_Suea%2CKanchanaburi_%2866%29.jpg,"images/prathanphon/148773635_Wat_Tham_Suea,Kanchanaburi_(66).jpg",62818dd654071b9dc5626a592fe62d5bbd1b7fcf,3448,4592,CC BY-SA 4.0,กสิณธร ราชโอรส
148773638,prathanphon,unresolved:prathanphon:311b2d1fd7a5,text_search,"""Luang Pho Chin Prathan Phon""","File:Wat Tham Suea,Kanchanaburi (67).jpg","https://commons.wikimedia.org/wiki/File:Wat_Tham_Suea,Kanchanaburi_(67).jpg",https://upload.wikimedia.org/wikipedia/commons/thumb/8/84/Wat_Tham_Suea%2CKanchanaburi_%2867%29.jpg/1920px-Wat_Tham_Suea%2CKanchanaburi_%2867%29.jpg,"images/prathanphon/148773638_Wat_Tham_Suea,Kanchanaburi_(67).jpg",6abf089ab267afa5dd3f3c8ddad8b1d448f39d7f,4592,3448,CC BY-SA 4.0,กสิณธร ราชโอรส
148773648,prathanphon,unresolved:prathanphon:9e5c7516d869,text_search,"""Luang Pho Chin Prathan Phon""","File:Wat Tham Suea,Kanchanaburi (68).jpg","https://commons.wikimedia.org/wiki/File:Wat_Tham_Suea,Kanchanaburi_(68).jpg",https://upload.wikimedia.org/wikipedia/commons/thumb/e/e5/Wat_Tham_Suea%2CKanchanaburi_%2868%29.jpg/1920px-Wat_Tham_Suea%2CKanchanaburi_%2868%29.jpg,"images/prathanphon/148773648_Wat_Tham_Suea,Kanchanaburi_(68).jpg",fbf2cb29d6c2f889375a5f976a659b2e5571df1e,3448,4592,CC BY-SA 4.0,กสิณธร ราชโอรส
148773650,prathanphon,unresolved:prathanphon:915342c2ab2d,text_search,"""Luang Pho Chin Prathan Phon""","File:Wat Tham Suea,Kanchanaburi (69).jpg","https://commons.wikimedia.org/wiki/File:Wat_Tham_Suea,Kanchanaburi_(69).jpg",https://upload.wikimedia.org/wikipedia/commons/thumb/0/08/Wat_Tham_Suea%2CKanchanaburi_%2869%29.jpg/1920px-Wat_Tham_Suea%2CKanchanaburi_%2869%29.jpg,"images/prathanphon/148773650_Wat_Tham_Suea,Kanchanaburi_(69).jpg",4bbb18df6a88fc7c82d0b700ed5a427d3579d957,3448,4592,CC BY-SA 4.0,กสิณธร ราชโอรส
148773654,prathanphon,unresolved:prathanphon:2d78de04cf74,text_search,"""Luang Pho Chin Prathan Phon""","File:Wat Tham Suea,Kanchanaburi (70).jpg","https://commons.wikimedia.org/wiki/File:Wat_Tham_Suea,Kanchanaburi_(70).jpg",https://upload.wikimedia.org/wikipedia/commons/thumb/b/b8/Wat_Tham_Suea%2CKanchanaburi_%2870%29.jpg/1920px-Wat_Tham_Suea%2CKanchanaburi_%2870%29.jpg,"images/prathanphon/148773654_Wat_Tham_Suea,Kanchanaburi_(70).jpg",5107a77c7277e49c7739ecd31bca971260093466,4592,3448,CC BY-SA 4.0,กสิณธร ราชโอรส
148773661,prathanphon,unresolved:prathanphon:f3cb8bea5630,text_search,"""Luang Pho Chin Prathan Phon""","File:Wat Tham Suea,Kanchanaburi (71).jpg","https://commons.wikimedia.org/wiki/File:Wat_Tham_Suea,Kanchanaburi_(71).jpg",https://upload.wikimedia.org/wikipedia/commons/thumb/2/2b/Wat_Tham_Suea%2CKanchanaburi_%2871%29.jpg/1920px-Wat_Tham_Suea%2CKanchanaburi_%2871%29.jpg,"images/prathanphon/148773661_Wat_Tham_Suea,Kanchanaburi_(71).jpg",d1b2debf232e720283bdb8c81a1cb54855f6b285,4592,3448,CC BY-SA 4.0,กสิณธร ราชโอรส
148773664,prathanphon,unresolved:prathanphon:0eb645d3a457,text_search,"""Luang Pho Chin Prathan Phon""","File:Wat Tham Suea,Kanchanaburi (73).jpg","https://commons.wikimedia.org/wiki/File:Wat_Tham_Suea,Kanchanaburi_(73).jpg",https://upload.wikimedia.org/wikipedia/commons/thumb/1/1a/Wat_Tham_Suea%2CKanchanaburi_%2873%29.jpg/1920px-Wat_Tham_Suea%2CKanchanaburi_%2873%29.jpg,"images/prathanphon/148773664_Wat_Tham_Suea,Kanchanaburi_(73).jpg",8012d8d0ef4902dd02146f1f8ddefff24ac547ea,4592,3448,CC BY-SA 4.0,กสิณธร ราชโอรส
148773668,prathanphon,unresolved:prathanphon:f5fabccd8966,text_search,"""Luang Pho Chin Prathan Phon""","File:Wat Tham Suea,Kanchanaburi (74).jpg","https://commons.wikimedia.org/wiki/File:Wat_Tham_Suea,Kanchanaburi_(74).jpg",https://upload.wikimedia.org/wikipedia/commons/thumb/8/83/Wat_Tham_Suea%2CKanchanaburi_%2874%29.jpg/1920px-Wat_Tham_Suea%2CKanchanaburi_%2874%29.jpg,"images/prathanphon/148773668_Wat_Tham_Suea,Kanchanaburi_(74).jpg",fff42fff195d18aa576430d70581ec366c91ce94,4592,3448,CC BY-SA 4.0,กสิณธร ราชโอรส
148773672,prathanphon,unresolved:prathanphon:64cf2e80a0f7,text_search,"""Luang Pho Chin Prathan Phon""","File:Wat Tham Suea,Kanchanaburi (72).jpg","https://commons.wikimedia.org/wiki/File:Wat_Tham_Suea,Kanchanaburi_(72).jpg",https://upload.wikimedia.org/wikipedia/commons/thumb/b/b3/Wat_Tham_Suea%2CKanchanaburi_%2872%29.jpg/1920px-Wat_Tham_Suea%2CKanchanaburi_%2872%29.jpg,"images/prathanphon/148773672_Wat_Tham_Suea,Kanchanaburi_(72).jpg",9c89b41948e2f68b0c7483710b5bea95aa0f7206,4592,3448,CC BY-SA 4.0,กสิณธร ราชโอรส
148773682,prathanphon,unresolved:prathanphon:d765b8b63095,text_search,"""Luang Pho Chin Prathan Phon""","File:Wat Tham Suea,Kanchanaburi (80).jpg","https://commons.wikimedia.org/wiki/File:Wat_Tham_Suea,Kanchanaburi_(80).jpg",https://upload.wikimedia.org/wikipedia/commons/thumb/4/48/Wat_Tham_Suea%2CKanchanaburi_%2880%29.jpg/1920px-Wat_Tham_Suea%2CKanchanaburi_%2880%29.jpg,"images/prathanphon/148773682_Wat_Tham_Suea,Kanchanaburi_(80).jpg",9e0da73c542bc99017728cbc58bd61fc228f058c,4592,3448,CC BY-SA 4.0,กสิณธร ราชโอรส
148773683,prathanphon,unresolved:prathanphon:2d3213f5ff6b,text_search,"""Luang Pho Chin Prathan Phon""","File:Wat Tham Suea,Kanchanaburi (81).jpg","https://commons.wikimedia.org/wiki/File:Wat_Tham_Suea,Kanchanaburi_(81).jpg",https://upload.wikimedia.org/wikipedia/commons/thumb/4/4a/Wat_Tham_Suea%2CKanchanaburi_%2881%29.jpg/1920px-Wat_Tham_Suea%2CKanchanaburi_%2881%29.jpg,"images/prathanphon/148773683_Wat_Tham_Suea,Kanchanaburi_(81).jpg",ac83a1101a9eb0f8fef55449b4e456cdc70e9db2,3448,4592,CC BY-SA 4.0,กสิณธร ราชโอรส
148773684,prathanphon,unresolved:prathanphon:767ba30f9186,text_search,"""Luang Pho Chin Prathan Phon""","File:Wat Tham Suea,Kanchanaburi (82).jpg","https://commons.wikimedia.org/wiki/File:Wat_Tham_Suea,Kanchanaburi_(82).jpg",https://upload.wikimedia.org/wikipedia/commons/thumb/d/d9/Wat_Tham_Suea%2CKanchanaburi_%2882%29.jpg/1920px-Wat_Tham_Suea%2CKanchanaburi_%2882%29.jpg,"images/prathanphon/148773684_Wat_Tham_Suea,Kanchanaburi_(82).jpg",88ee7aa37e3a3ab085df6a0f4112f3dbeea11ee9,4592,3448,CC BY-SA 4.0,กสิณธร ราชโอรส
190412419,nakprok,Luang Pho Sila (Wat Thung Saliam),category,Category:Luang Pho Sila (Wat Thung Saliam),File:Luang Pho Sila (Wat Thung Saliam) หลวงพ่อศิลา วัดทุ่งเสลี่ยม (2026) - img 03.jpg,https://commons.wikimedia.org/wiki/File:Luang_Pho_Sila_(Wat_Thung_Saliam)_%E0%B8%AB%E0%B8%A5%E0%B8%A7%E0%B8%87%E0%B8%9E%E0%B9%88%E0%B8%AD%E0%B8%A8%E0%B8%B4%E0%B8%A5%E0%B8%B2_%E0%B8%A7%E0%B8%B1%E0%B8%94%E0%B8%97%E0%B8%B8%E0%B9%88%E0%B8%87%E0%B9%80%E0%B8%AA%E0%B8%A5%E0%B8%B5%E0%B9%88%E0%B8%A2%E0%B8%A1_(2026)_-_img_03.jpg,https://upload.wikimedia.org/wikipedia/commons/thumb/e/ee/Luang_Pho_Sila_%28Wat_Thung_Saliam%29_%E0%B8%AB%E0%B8%A5%E0%B8%A7%E0%B8%87%E0%B8%9E%E0%B9%88%E0%B8%AD%E0%B8%A8%E0%B8%B4%E0%B8%A5%E0%B8%B2_%E0%B8%A7%E0%B8%B1%E0%B8%94%E0%B8%97%E0%B8%B8%E0%B9%88%E0%B8%87%E0%B9%80%E0%B8%AA%E0%B8%A5%E0%B8%B5%E0%B9%88%E0%B8%A2%E0%B8%A1_%282026%29_-_img_03.jpg/1920px-Luang_Pho_Sila_%28Wat_Thung_Saliam%29_%E0%B8%AB%E0%B8%A5%E0%B8%A7%E0%B8%87%E0%B8%9E%E0%B9%88%E0%B8%AD%E0%B8%A8%E0%B8%B4%E0%B8%A5%E0%B8%B2_%E0%B8%A7%E0%B8%B1%E0%B8%94%E0%B8%97%E0%B8%B8%E0%B9%88%E0%B8%87%E0%B9%80%E0%B8%AA%E0%B8%A5%E0%B8%B5%E0%B9%88%E0%B8%A2%E0%B8%A1_%282026%29_-_img_03.jpg,images/nakprok/190412419_Luang_Pho_Sila_(Wat_Thung_Saliam)_หลวงพ่อศิลา_วัดทุ่งเสลี่ยม_(2026)_-_img_03.jpg,4391d8f562f9c8bc357b8b6ef52bb35ff76ec7a8,3024,4032,CC BY 4.0,Chainwit.
190412420,nakprok,Luang Pho Sila (Wat Thung Saliam),category,Category:Luang Pho Sila (Wat Thung Saliam),File:Luang Pho Sila (Wat Thung Saliam) หลวงพ่อศิลา วัดทุ่งเสลี่ยม (2026) - img 01.jpg,https://commons.wikimedia.org/wiki/File:Luang_Pho_Sila_(Wat_Thung_Saliam)_%E0%B8%AB%E0%B8%A5%E0%B8%A7%E0%B8%87%E0%B8%9E%E0%B9%88%E0%B8%AD%E0%B8%A8%E0%B8%B4%E0%B8%A5%E0%B8%B2_%E0%B8%A7%E0%B8%B1%E0%B8%94%E0%B8%97%E0%B8%B8%E0%B9%88%E0%B8%87%E0%B9%80%E0%B8%AA%E0%B8%A5%E0%B8%B5%E0%B9%88%E0%B8%A2%E0%B8%A1_(2026)_-_img_01.jpg,https://upload.wikimedia.org/wikipedia/commons/thumb/7/79/Luang_Pho_Sila_%28Wat_Thung_Saliam%29_%E0%B8%AB%E0%B8%A5%E0%B8%A7%E0%B8%87%E0%B8%9E%E0%B9%88%E0%B8%AD%E0%B8%A8%E0%B8%B4%E0%B8%A5%E0%B8%B2_%E0%B8%A7%E0%B8%B1%E0%B8%94%E0%B8%97%E0%B8%B8%E0%B9%88%E0%B8%87%E0%B9%80%E0%B8%AA%E0%B8%A5%E0%B8%B5%E0%B9%88%E0%B8%A2%E0%B8%A1_%282026%29_-_img_01.jpg/1920px-Luang_Pho_Sila_%28Wat_Thung_Saliam%29_%E0%B8%AB%E0%B8%A5%E0%B8%A7%E0%B8%87%E0%B8%9E%E0%B9%88%E0%B8%AD%E0%B8%A8%E0%B8%B4%E0%B8%A5%E0%B8%B2_%E0%B8%A7%E0%B8%B1%E0%B8%94%E0%B8%97%E0%B8%B8%E0%B9%88%E0%B8%87%E0%B9%80%E0%B8%AA%E0%B8%A5%E0%B8%B5%E0%B9%88%E0%B8%A2%E0%B8%A1_%282026%29_-_img_01.jpg,images/nakprok/190412420_Luang_Pho_Sila_(Wat_Thung_Saliam)_หลวงพ่อศิลา_วัดทุ่งเสลี่ยม_(2026)_-_img_01.jpg,2e80acd74592e3e9cbad203aef2c005e571c82fe,5712,4284,CC BY 4.0,Chainwit.
190412425,nakprok,Luang Pho Sila (Wat Thung Saliam),category,Category:Luang Pho Sila (Wat Thung Saliam),File:Luang Pho Sila (Wat Thung Saliam) หลวงพ่อศิลา วัดทุ่งเสลี่ยม (2026) - img 06.jpg,https://commons.wikimedia.org/wiki/File:Luang_Pho_Sila_(Wat_Thung_Saliam)_%E0%B8%AB%E0%B8%A5%E0%B8%A7%E0%B8%87%E0%B8%9E%E0%B9%88%E0%B8%AD%E0%B8%A8%E0%B8%B4%E0%B8%A5%E0%B8%B2_%E0%B8%A7%E0%B8%B1%E0%B8%94%E0%B8%97%E0%B8%B8%E0%B9%88%E0%B8%87%E0%B9%80%E0%B8%AA%E0%B8%A5%E0%B8%B5%E0%B9%88%E0%B8%A2%E0%B8%A1_(2026)_-_img_06.jpg,https://upload.wikimedia.org/wikipedia/commons/thumb/0/09/Luang_Pho_Sila_%28Wat_Thung_Saliam%29_%E0%B8%AB%E0%B8%A5%E0%B8%A7%E0%B8%87%E0%B8%9E%E0%B9%88%E0%B8%AD%E0%B8%A8%E0%B8%B4%E0%B8%A5%E0%B8%B2_%E0%B8%A7%E0%B8%B1%E0%B8%94%E0%B8%97%E0%B8%B8%E0%B9%88%E0%B8%87%E0%B9%80%E0%B8%AA%E0%B8%A5%E0%B8%B5%E0%B9%88%E0%B8%A2%E0%B8%A1_%282026%29_-_img_06.jpg/1920px-Luang_Pho_Sila_%28Wat_Thung_Saliam%29_%E0%B8%AB%E0%B8%A5%E0%B8%A7%E0%B8%87%E0%B8%9E%E0%B9%88%E0%B8%AD%E0%B8%A8%E0%B8%B4%E0%B8%A5%E0%B8%B2_%E0%B8%A7%E0%B8%B1%E0%B8%94%E0%B8%97%E0%B8%B8%E0%B9%88%E0%B8%87%E0%B9%80%E0%B8%AA%E0%B8%A5%E0%B8%B5%E0%B9%88%E0%B8%A2%E0%B8%A1_%282026%29_-_img_06.jpg,images/nakprok/190412425_Luang_Pho_Sila_(Wat_Thung_Saliam)_หลวงพ่อศิลา_วัดทุ่งเสลี่ยม_(2026)_-_img_06.jpg,318a51d41af797214c069644f547ac19098153db,3024,4032,CC BY 4.0,Chainwit.
190412426,nakprok,Luang Pho Sila (Wat Thung Saliam),category,Category:Luang Pho Sila (Wat Thung Saliam),File:Luang Pho Sila (Wat Thung Saliam) หลวงพ่อศิลา วัดทุ่งเสลี่ยม (2026) - img 04.jpg,https://commons.wikimedia.org/wiki/File:Luang_Pho_Sila_(Wat_Thung_Saliam)_%E0%B8%AB%E0%B8%A5%E0%B8%A7%E0%B8%87%E0%B8%9E%E0%B9%88%E0%B8%AD%E0%B8%A8%E0%B8%B4%E0%B8%A5%E0%B8%B2_%E0%B8%A7%E0%B8%B1%E0%B8%94%E0%B8%97%E0%B8%B8%E0%B9%88%E0%B8%87%E0%B9%80%E0%B8%AA%E0%B8%A5%E0%B8%B5%E0%B9%88%E0%B8%A2%E0%B8%A1_(2026)_-_img_04.jpg,https://upload.wikimedia.org/wikipedia/commons/thumb/5/55/Luang_Pho_Sila_%28Wat_Thung_Saliam%29_%E0%B8%AB%E0%B8%A5%E0%B8%A7%E0%B8%87%E0%B8%9E%E0%B9%88%E0%B8%AD%E0%B8%A8%E0%B8%B4%E0%B8%A5%E0%B8%B2_%E0%B8%A7%E0%B8%B1%E0%B8%94%E0%B8%97%E0%B8%B8%E0%B9%88%E0%B8%87%E0%B9%80%E0%B8%AA%E0%B8%A5%E0%B8%B5%E0%B9%88%E0%B8%A2%E0%B8%A1_%282026%29_-_img_04.jpg/1920px-Luang_Pho_Sila_%28Wat_Thung_Saliam%29_%E0%B8%AB%E0%B8%A5%E0%B8%A7%E0%B8%87%E0%B8%9E%E0%B9%88%E0%B8%AD%E0%B8%A8%E0%B8%B4%E0%B8%A5%E0%B8%B2_%E0%B8%A7%E0%B8%B1%E0%B8%94%E0%B8%97%E0%B8%B8%E0%B9%88%E0%B8%87%E0%B9%80%E0%B8%AA%E0%B8%A5%E0%B8%B5%E0%B9%88%E0%B8%A2%E0%B8%A1_%282026%29_-_img_04.jpg,images/nakprok/190412426_Luang_Pho_Sila_(Wat_Thung_Saliam)_หลวงพ่อศิลา_วัดทุ่งเสลี่ยม_(2026)_-_img_04.jpg,a0ad8b68e366a27e5b1e319631ba7a4a32153d87,3024,4032,CC BY 4.0,Chainwit.
190412427,nakprok,Luang Pho Sila (Wat Thung Saliam),category,Category:Luang Pho Sila (Wat Thung Saliam),File:Luang Pho Sila (Wat Thung Saliam) หลวงพ่อศิลา วัดทุ่งเสลี่ยม (2026) - img 05.jpg,https://commons.wikimedia.org/wiki/File:Luang_Pho_Sila_(Wat_Thung_Saliam)_%E0%B8%AB%E0%B8%A5%E0%B8%A7%E0%B8%87%E0%B8%9E%E0%B9%88%E0%B8%AD%E0%B8%A8%E0%B8%B4%E0%B8%A5%E0%B8%B2_%E0%B8%A7%E0%B8%B1%E0%B8%94%E0%B8%97%E0%B8%B8%E0%B9%88%E0%B8%87%E0%B9%80%E0%B8%AA%E0%B8%A5%E0%B8%B5%E0%B9%88%E0%B8%A2%E0%B8%A1_(2026)_-_img_05.jpg,https://upload.wikimedia.org/wikipedia/commons/thumb/8/8a/Luang_Pho_Sila_%28Wat_Thung_Saliam%29_%E0%B8%AB%E0%B8%A5%E0%B8%A7%E0%B8%87%E0%B8%9E%E0%B9%88%E0%B8%AD%E0%B8%A8%E0%B8%B4%E0%B8%A5%E0%B8%B2_%E0%B8%A7%E0%B8%B1%E0%B8%94%E0%B8%97%E0%B8%B8%E0%B9%88%E0%B8%87%E0%B9%80%E0%B8%AA%E0%B8%A5%E0%B8%B5%E0%B9%88%E0%B8%A2%E0%B8%A1_%282026%29_-_img_05.jpg/1920px-Luang_Pho_Sila_%28Wat_Thung_Saliam%29_%E0%B8%AB%E0%B8%A5%E0%B8%A7%E0%B8%87%E0%B8%9E%E0%B9%88%E0%B8%AD%E0%B8%A8%E0%B8%B4%E0%B8%A5%E0%B8%B2_%E0%B8%A7%E0%B8%B1%E0%B8%94%E0%B8%97%E0%B8%B8%E0%B9%88%E0%B8%87%E0%B9%80%E0%B8%AA%E0%B8%A5%E0%B8%B5%E0%B9%88%E0%B8%A2%E0%B8%A1_%282026%29_-_img_05.jpg,images/nakprok/190412427_Luang_Pho_Sila_(Wat_Thung_Saliam)_หลวงพ่อศิลา_วัดทุ่งเสลี่ยม_(2026)_-_img_05.jpg,9aa3daf450bf3098ea6598381bdc90c57f5d0365,3024,4032,CC BY 4.0,Chainwit.
59879662,nakprok,Mucalinda of Wat Hua Wiang,category,Category:Mucalinda of Wat Hua Wiang,"File:022 Mucilinda, 12c, Srivijaya (35212723336).jpg","https://commons.wikimedia.org/wiki/File:022_Mucilinda,_12c,_Srivijaya_(35212723336).jpg",https://upload.wikimedia.org/wikipedia/commons/thumb/b/b0/022_Mucilinda%2C_12c%2C_Srivijaya_%2835212723336%29.jpg/1920px-022_Mucilinda%2C_12c%2C_Srivijaya_%2835212723336%29.jpg,"images/nakprok/59879662_022_Mucilinda,_12c,_Srivijaya_(35212723336).jpg",d76da42fe16c8af9d72de9fc61af85ce9719a6cb,2641,5282,CC BY 2.0,"Photo Dharma from Sadao, Thailand"
171011077,nakprok,Mucalinda of Wat Hua Wiang,category,Category:Mucalinda of Wat Hua Wiang,File:พระพุทธรูปนาคปรกสำริด จัดแสดงในพิพิธภัณฑสถานแห่งชาติ พระนคร.jpg,https://commons.wikimedia.org/wiki/File:%E0%B8%9E%E0%B8%A3%E0%B8%B0%E0%B8%9E%E0%B8%B8%E0%B8%97%E0%B8%98%E0%B8%A3%E0%B8%B9%E0%B8%9B%E0%B8%99%E0%B8%B2%E0%B8%84%E0%B8%9B%E0%B8%A3%E0%B8%81%E0%B8%AA%E0%B8%B3%E0%B8%A3%E0%B8%B4%E0%B8%94_%E0%B8%88%E0%B8%B1%E0%B8%94%E0%B9%81%E0%B8%AA%E0%B8%94%E0%B8%87%E0%B9%83%E0%B8%99%E0%B8%9E%E0%B8%B4%E0%B8%9E%E0%B8%B4%E0%B8%98%E0%B8%A0%E0%B8%B1%E0%B8%93%E0%B8%91%E0%B8%AA%E0%B8%96%E0%B8%B2%E0%B8%99%E0%B9%81%E0%B8%AB%E0%B9%88%E0%B8%87%E0%B8%8A%E0%B8%B2%E0%B8%95%E0%B8%B4_%E0%B8%9E%E0%B8%A3%E0%B8%B0%E0%B8%99%E0%B8%84%E0%B8%A3.jpg,https://upload.wikimedia.org/wikipedia/commons/thumb/6/62/%E0%B8%9E%E0%B8%A3%E0%B8%B0%E0%B8%9E%E0%B8%B8%E0%B8%97%E0%B8%98%E0%B8%A3%E0%B8%B9%E0%B8%9B%E0%B8%99%E0%B8%B2%E0%B8%84%E0%B8%9B%E0%B8%A3%E0%B8%81%E0%B8%AA%E0%B8%B3%E0%B8%A3%E0%B8%B4%E0%B8%94_%E0%B8%88%E0%B8%B1%E0%B8%94%E0%B9%81%E0%B8%AA%E0%B8%94%E0%B8%87%E0%B9%83%E0%B8%99%E0%B8%9E%E0%B8%B4%E0%B8%9E%E0%B8%B4%E0%B8%98%E0%B8%A0%E0%B8%B1%E0%B8%93%E0%B8%91%E0%B8%AA%E0%B8%96%E0%B8%B2%E0%B8%99%E0%B9%81%E0%B8%AB%E0%B9%88%E0%B8%87%E0%B8%8A%E0%B8%B2%E0%B8%95%E0%B8%B4_%E0%B8%9E%E0%B8%A3%E0%B8%B0%E0%B8%99%E0%B8%84%E0%B8%A3.jpg/1920px-thumbnail.jpg,images/nakprok/171011077_พระพุทธรูปนาคปรกสำริด_จัดแสดงในพิพิธภัณฑสถานแห่งชาติ_พระนคร.jpg,cbe9351d1bf283785bee656a3be2bf06fa957b3b,2537,5095,CC BY-SA 4.0,Mastertongapollo
59879659,nakprok,Mucalinda of Wat Na Phra Men,category,Category:Mucalinda of Wat Na Phra Men,"File:034 Mucilinda, 12c, Lopburi (34865461140).jpg","https://commons.wikimedia.org/wiki/File:034_Mucilinda,_12c,_Lopburi_(34865461140).jpg",https://upload.wikimedia.org/wikipedia/commons/thumb/a/a6/034_Mucilinda%2C_12c%2C_Lopburi_%2834865461140%29.jpg/1920px-034_Mucilinda%2C_12c%2C_Lopburi_%2834865461140%29.jpg,"images/nakprok/59879659_034_Mucilinda,_12c,_Lopburi_(34865461140).jpg",56388b42069a6ab7860443a5a9fcf236a5eab5e8,2817,5872,CC BY 2.0,"Photo Dharma from Sadao, Thailand"
35437885,samathi,unresolved:samathi:3e7345bcbebb,text_search,ปางสมาธิ พระพุทธรูป,File:วัดพระแก้ว จังหวัดเชียงราย 1.JPG,https://commons.wikimedia.org/wiki/File:%E0%B8%A7%E0%B8%B1%E0%B8%94%E0%B8%9E%E0%B8%A3%E0%B8%B0%E0%B9%81%E0%B8%81%E0%B9%89%E0%B8%A7_%E0%B8%88%E0%B8%B1%E0%B8%87%E0%B8%AB%E0%B8%A7%E0%B8%B1%E0%B8%94%E0%B9%80%E0%B8%8A%E0%B8%B5%E0%B8%A2%E0%B8%87%E0%B8%A3%E0%B8%B2%E0%B8%A2_1.JPG,https://upload.wikimedia.org/wikipedia/commons/thumb/f/f7/%E0%B8%A7%E0%B8%B1%E0%B8%94%E0%B8%9E%E0%B8%A3%E0%B8%B0%E0%B9%81%E0%B8%81%E0%B9%89%E0%B8%A7_%E0%B8%88%E0%B8%B1%E0%B8%87%E0%B8%AB%E0%B8%A7%E0%B8%B1%E0%B8%94%E0%B9%80%E0%B8%8A%E0%B8%B5%E0%B8%A2%E0%B8%87%E0%B8%A3%E0%B8%B2%E0%B8%A2_1.JPG/1920px-%E0%B8%A7%E0%B8%B1%E0%B8%94%E0%B8%9E%E0%B8%A3%E0%B8%B0%E0%B9%81%E0%B8%81%E0%B9%89%E0%B8%A7_%E0%B8%88%E0%B8%B1%E0%B8%87%E0%B8%AB%E0%B8%A7%E0%B8%B1%E0%B8%94%E0%B9%80%E0%B8%8A%E0%B8%B5%E0%B8%A2%E0%B8%87%E0%B8%A3%E0%B8%B2%E0%B8%A2_1.JPG,images/samathi/35437885_วัดพระแก้ว_จังหวัดเชียงราย_1.jpg,4ee7439ac578157244b1aa6901206b9a8d04ac69,3648,5472,CC BY-SA 3.0,Yakuzakorat
35437886,samathi,unresolved:samathi:520d82909de1,text_search,ปางสมาธิ พระพุทธรูป,File:วัดพระแก้ว จังหวัดเชียงราย 3.JPG,https://commons.wikimedia.org/wiki/File:%E0%B8%A7%E0%B8%B1%E0%B8%94%E0%B8%9E%E0%B8%A3%E0%B8%B0%E0%B9%81%E0%B8%81%E0%B9%89%E0%B8%A7_%E0%B8%88%E0%B8%B1%E0%B8%87%E0%B8%AB%E0%B8%A7%E0%B8%B1%E0%B8%94%E0%B9%80%E0%B8%8A%E0%B8%B5%E0%B8%A2%E0%B8%87%E0%B8%A3%E0%B8%B2%E0%B8%A2_3.JPG,https://upload.wikimedia.org/wikipedia/commons/thumb/8/8d/%E0%B8%A7%E0%B8%B1%E0%B8%94%E0%B8%9E%E0%B8%A3%E0%B8%B0%E0%B9%81%E0%B8%81%E0%B9%89%E0%B8%A7_%E0%B8%88%E0%B8%B1%E0%B8%87%E0%B8%AB%E0%B8%A7%E0%B8%B1%E0%B8%94%E0%B9%80%E0%B8%8A%E0%B8%B5%E0%B8%A2%E0%B8%87%E0%B8%A3%E0%B8%B2%E0%B8%A2_3.JPG/1920px-%E0%B8%A7%E0%B8%B1%E0%B8%94%E0%B8%9E%E0%B8%A3%E0%B8%B0%E0%B9%81%E0%B8%81%E0%B9%89%E0%B8%A7_%E0%B8%88%E0%B8%B1%E0%B8%87%E0%B8%AB%E0%B8%A7%E0%B8%B1%E0%B8%94%E0%B9%80%E0%B8%8A%E0%B8%B5%E0%B8%A2%E0%B8%87%E0%B8%A3%E0%B8%B2%E0%B8%A2_3.JPG,images/samathi/35437886_วัดพระแก้ว_จังหวัดเชียงราย_3.jpg,98b951cf7b8f98b39ca53fc4c1331b50f3dd8906,5472,3648,CC BY-SA 3.0,Yakuzakorat
35437887,samathi,unresolved:samathi:7a14206e960a,text_search,ปางสมาธิ พระพุทธรูป,File:วัดพระแก้ว จังหวัดเชียงราย 2.JPG,https://commons.wikimedia.org/wiki/File:%E0%B8%A7%E0%B8%B1%E0%B8%94%E0%B8%9E%E0%B8%A3%E0%B8%B0%E0%B9%81%E0%B8%81%E0%B9%89%E0%B8%A7_%E0%B8%88%E0%B8%B1%E0%B8%87%E0%B8%AB%E0%B8%A7%E0%B8%B1%E0%B8%94%E0%B9%80%E0%B8%8A%E0%B8%B5%E0%B8%A2%E0%B8%87%E0%B8%A3%E0%B8%B2%E0%B8%A2_2.JPG,https://upload.wikimedia.org/wikipedia/commons/thumb/d/de/%E0%B8%A7%E0%B8%B1%E0%B8%94%E0%B8%9E%E0%B8%A3%E0%B8%B0%E0%B9%81%E0%B8%81%E0%B9%89%E0%B8%A7_%E0%B8%88%E0%B8%B1%E0%B8%87%E0%B8%AB%E0%B8%A7%E0%B8%B1%E0%B8%94%E0%B9%80%E0%B8%8A%E0%B8%B5%E0%B8%A2%E0%B8%87%E0%B8%A3%E0%B8%B2%E0%B8%A2_2.JPG/1920px-%E0%B8%A7%E0%B8%B1%E0%B8%94%E0%B8%9E%E0%B8%A3%E0%B8%B0%E0%B9%81%E0%B8%81%E0%B9%89%E0%B8%A7_%E0%B8%88%E0%B8%B1%E0%B8%87%E0%B8%AB%E0%B8%A7%E0%B8%B1%E0%B8%94%E0%B9%80%E0%B8%8A%E0%B8%B5%E0%B8%A2%E0%B8%87%E0%B8%A3%E0%B8%B2%E0%B8%A2_2.JPG,images/samathi/35437887_วัดพระแก้ว_จังหวัดเชียงราย_2.jpg,74439f699989e4f8d964a0ad3730abaf4575259a,3648,5472,CC BY-SA 3.0,Yakuzakorat
35437889,samathi,unresolved:samathi:1737fec8b4ab,text_search,ปางสมาธิ พระพุทธรูป,File:วัดพระแก้ว จังหวัดเชียงราย 4.JPG,https://commons.wikimedia.org/wiki/File:%E0%B8%A7%E0%B8%B1%E0%B8%94%E0%B8%9E%E0%B8%A3%E0%B8%B0%E0%B9%81%E0%B8%81%E0%B9%89%E0%B8%A7_%E0%B8%88%E0%B8%B1%E0%B8%87%E0%B8%AB%E0%B8%A7%E0%B8%B1%E0%B8%94%E0%B9%80%E0%B8%8A%E0%B8%B5%E0%B8%A2%E0%B8%87%E0%B8%A3%E0%B8%B2%E0%B8%A2_4.JPG,https://upload.wikimedia.org/wikipedia/commons/thumb/1/1d/%E0%B8%A7%E0%B8%B1%E0%B8%94%E0%B8%9E%E0%B8%A3%E0%B8%B0%E0%B9%81%E0%B8%81%E0%B9%89%E0%B8%A7_%E0%B8%88%E0%B8%B1%E0%B8%87%E0%B8%AB%E0%B8%A7%E0%B8%B1%E0%B8%94%E0%B9%80%E0%B8%8A%E0%B8%B5%E0%B8%A2%E0%B8%87%E0%B8%A3%E0%B8%B2%E0%B8%A2_4.JPG/1920px-%E0%B8%A7%E0%B8%B1%E0%B8%94%E0%B8%9E%E0%B8%A3%E0%B8%B0%E0%B9%81%E0%B8%81%E0%B9%89%E0%B8%A7_%E0%B8%88%E0%B8%B1%E0%B8%87%E0%B8%AB%E0%B8%A7%E0%B8%B1%E0%B8%94%E0%B9%80%E0%B8%8A%E0%B8%B5%E0%B8%A2%E0%B8%87%E0%B8%A3%E0%B8%B2%E0%B8%A2_4.JPG,images/samathi/35437889_วัดพระแก้ว_จังหวัดเชียงราย_4.jpg,14730f9683d8fbc40a8cb8ae5cf32d72cf415271,5472,3648,CC BY-SA 3.0,Yakuzakorat
35437890,samathi,unresolved:samathi:df30ecd20616,text_search,ปางสมาธิ พระพุทธรูป,File:วัดพระแก้ว จังหวัดเชียงราย 5.JPG,https://commons.wikimedia.org/wiki/File:%E0%B8%A7%E0%B8%B1%E0%B8%94%E0%B8%9E%E0%B8%A3%E0%B8%B0%E0%B9%81%E0%B8%81%E0%B9%89%E0%B8%A7_%E0%B8%88%E0%B8%B1%E0%B8%87%E0%B8%AB%E0%B8%A7%E0%B8%B1%E0%B8%94%E0%B9%80%E0%B8%8A%E0%B8%B5%E0%B8%A2%E0%B8%87%E0%B8%A3%E0%B8%B2%E0%B8%A2_5.JPG,https://upload.wikimedia.org/wikipedia/commons/thumb/c/c9/%E0%B8%A7%E0%B8%B1%E0%B8%94%E0%B8%9E%E0%B8%A3%E0%B8%B0%E0%B9%81%E0%B8%81%E0%B9%89%E0%B8%A7_%E0%B8%88%E0%B8%B1%E0%B8%87%E0%B8%AB%E0%B8%A7%E0%B8%B1%E0%B8%94%E0%B9%80%E0%B8%8A%E0%B8%B5%E0%B8%A2%E0%B8%87%E0%B8%A3%E0%B8%B2%E0%B8%A2_5.JPG/1920px-%E0%B8%A7%E0%B8%B1%E0%B8%94%E0%B8%9E%E0%B8%A3%E0%B8%B0%E0%B9%81%E0%B8%81%E0%B9%89%E0%B8%A7_%E0%B8%88%E0%B8%B1%E0%B8%87%E0%B8%AB%E0%B8%A7%E0%B8%B1%E0%B8%94%E0%B9%80%E0%B8%8A%E0%B8%B5%E0%B8%A2%E0%B8%87%E0%B8%A3%E0%B8%B2%E0%B8%A2_5.JPG,images/samathi/35437890_วัดพระแก้ว_จังหวัดเชียงราย_5.jpg,092d4a735a5ed37edcbc951bf5a67b4577c6c163,5224,3520,CC BY-SA 3.0,Yakuzakorat
74672316,samathi,unresolved:samathi:e2c8fcc64b2e,text_search,ปางสมาธิ พระพุทธรูป,File:8166490 HmTNjCJVVqO fBSY6rTxOPhzCFKoTx0uIZ1IQLrFoCs.jpg,https://commons.wikimedia.org/wiki/File:8166490_HmTNjCJVVqO_fBSY6rTxOPhzCFKoTx0uIZ1IQLrFoCs.jpg,https://upload.wikimedia.org/wikipedia/commons/a/a2/8166490_HmTNjCJVVqO_fBSY6rTxOPhzCFKoTx0uIZ1IQLrFoCs.jpg,images/samathi/74672316_8166490_HmTNjCJVVqO_fBSY6rTxOPhzCFKoTx0uIZ1IQLrFoCs.jpg,8cf7c849b8c8c6ca346d7a5a504a159c0121c774,200,200,CC BY-SA 4.0,Wiwat97
133418056,samathi,unresolved:samathi:08bad4bd89ea,text_search,ปางสมาธิ พระพุทธรูป,File:พระ25ศตวรรษ-เนื้อดิน.jpg,https://commons.wikimedia.org/wiki/File:%E0%B8%9E%E0%B8%A3%E0%B8%B025%E0%B8%A8%E0%B8%95%E0%B8%A7%E0%B8%A3%E0%B8%A3%E0%B8%A9-%E0%B9%80%E0%B8%99%E0%B8%B7%E0%B9%89%E0%B8%AD%E0%B8%94%E0%B8%B4%E0%B8%99.jpg,https://upload.wikimedia.org/wikipedia/commons/c/c1/%E0%B8%9E%E0%B8%A3%E0%B8%B025%E0%B8%A8%E0%B8%95%E0%B8%A7%E0%B8%A3%E0%B8%A3%E0%B8%A9-%E0%B9%80%E0%B8%99%E0%B8%B7%E0%B9%89%E0%B8%AD%E0%B8%94%E0%B8%B4%E0%B8%99.jpg,images/samathi/133418056_พระ25ศตวรรษ-เนื้อดิน.jpg,726cc332b0566880c0e358f9b23ff6d3899009f2,788,1400,CC BY-SA 4.0,Pra25satawat
41895781,samathi,unresolved:samathi:a0b178efd848,text_search,"""สมาธิราบ"" พระพุทธรูป",File:พระปฏิมากรอู่ทอง.JPG,https://commons.wikimedia.org/wiki/File:%E0%B8%9E%E0%B8%A3%E0%B8%B0%E0%B8%9B%E0%B8%8F%E0%B8%B4%E0%B8%A1%E0%B8%B2%E0%B8%81%E0%B8%A3%E0%B8%AD%E0%B8%B9%E0%B9%88%E0%B8%97%E0%B8%AD%E0%B8%87.JPG,https://upload.wikimedia.org/wikipedia/commons/thumb/5/5c/%E0%B8%9E%E0%B8%A3%E0%B8%B0%E0%B8%9B%E0%B8%8F%E0%B8%B4%E0%B8%A1%E0%B8%B2%E0%B8%81%E0%B8%A3%E0%B8%AD%E0%B8%B9%E0%B9%88%E0%B8%97%E0%B8%AD%E0%B8%87.JPG/1920px-%E0%B8%9E%E0%B8%A3%E0%B8%B0%E0%B8%9B%E0%B8%8F%E0%B8%B4%E0%B8%A1%E0%B8%B2%E0%B8%81%E0%B8%A3%E0%B8%AD%E0%B8%B9%E0%B9%88%E0%B8%97%E0%B8%AD%E0%B8%87.JPG,images/samathi/41895781_พระปฏิมากรอู่ทอง.jpg,4346611377ff58962fd6647b1a5fc5025f956314,2304,1536,CC BY-SA 4.0,Piwan warawanno
1666919,samathi,unresolved:samathi:5bb5b1ed9c3b,text_search,"""Dhyana mudra"" Thailand Buddha",File:Seated Buddha Amitabha statue.jpg,https://commons.wikimedia.org/wiki/File:Seated_Buddha_Amitabha_statue.jpg,https://upload.wikimedia.org/wikipedia/commons/6/62/Seated_Buddha_Amitabha_statue.jpg,images/samathi/1666919_Seated_Buddha_Amitabha_statue.jpg,a48aed386c8207587b0aa88d7c44855f19cf83d4,893,1000,Public domain,en:Isidore van Kinsbergen
3598650,samathi,unresolved:samathi:1c087cf950b1,text_search,"""Dhyana mudra"" Thailand Buddha",File:Buddha 1251876.jpg,https://commons.wikimedia.org/wiki/File:Buddha_1251876.jpg,https://upload.wikimedia.org/wikipedia/commons/6/6a/Buddha_1251876.jpg,images/samathi/3598650_Buddha_1251876.jpg,793696fb3988ee7d590f7a2e0e853170798cdc53,525,700,CC BY 3.0,"nomo/michael hoefner, http://www.zwo5.de"
4897999,samathi,unresolved:samathi:dfe6721990ea,text_search,"""Dhyana mudra"" Thailand Buddha",File:Buddha naga 01.JPG,https://commons.wikimedia.org/wiki/File:Buddha_naga_01.JPG,https://upload.wikimedia.org/wikipedia/commons/thumb/7/7e/Buddha_naga_01.JPG/1920px-Buddha_naga_01.JPG,images/samathi/4897999_Buddha_naga_01.jpg,3715f09f5810bd4fd12e02b35d4a7551350bab91,1944,2592,CC BY-SA 3.0,Traumrune
8296931,samathi,unresolved:samathi:b832136bd0b8,text_search,"""Dhyana mudra"" Thailand Buddha",File:WLANL - Urville Djasim - Boeddhabeeld - Buddha statue (4).jpg,https://commons.wikimedia.org/wiki/File:WLANL_-_Urville_Djasim_-_Boeddhabeeld_-_Buddha_statue_(4).jpg,https://upload.wikimedia.org/wikipedia/commons/f/f5/WLANL_-_Urville_Djasim_-_Boeddhabeeld_-_Buddha_statue_%284%29.jpg,images/samathi/8296931_WLANL_-_Urville_Djasim_-_Boeddhabeeld_-_Buddha_statue_(4).jpg,e7a92838adc4e81ef4273cc31427f2fe39718e51,853,1280,CC BY-SA 2.0,Urville Djasim from The Netherlands
9249054,samathi,unresolved:samathi:1cb021705575,text_search,"""Dhyana mudra"" Thailand Buddha",File:Buddha in Lotus Leaf 2.jpg,https://commons.wikimedia.org/wiki/File:Buddha_in_Lotus_Leaf_2.jpg,https://upload.wikimedia.org/wikipedia/commons/3/32/Buddha_in_Lotus_Leaf_2.jpg,images/samathi/9249054_Buddha_in_Lotus_Leaf_2.jpg,4da44581dbc6c7a504b46996c64543154e3f82af,1728,2304,CC BY 2.0,The original uploader was Ancheta Wis at English Wikipedia.
28638212,samathi,unresolved:samathi:7abbb2fb2b32,text_search,"""Dhyana mudra"" Thailand Buddha","File:ChinessTemple2-9.761527,100.007254 (23).JPG","https://commons.wikimedia.org/wiki/File:ChinessTemple2-9.761527,100.007254_(23).JPG",https://upload.wikimedia.org/wikipedia/commons/thumb/4/4c/ChinessTemple2-9.761527%2C100.007254_%2823%29.JPG/1920px-ChinessTemple2-9.761527%2C100.007254_%2823%29.JPG,"images/samathi/28638212_ChinessTemple2-9.761527,100.007254_(23).jpg",10a83befca5a3669f966ee15e5f9f5d9b6a4b58e,3240,4320,CC BY-SA 3.0,Леонид Каратасков
28638213,samathi,unresolved:samathi:df27d8ce4d37,text_search,"""Dhyana mudra"" Thailand Buddha","File:ChinessTemple2-9.761527,100.007254 (24).JPG","https://commons.wikimedia.org/wiki/File:ChinessTemple2-9.761527,100.007254_(24).JPG",https://upload.wikimedia.org/wikipedia/commons/thumb/7/79/ChinessTemple2-9.761527%2C100.007254_%2824%29.JPG/1920px-ChinessTemple2-9.761527%2C100.007254_%2824%29.JPG,"images/samathi/28638213_ChinessTemple2-9.761527,100.007254_(24).jpg",1c8835f1780843bb00d20cf41915b2d3db734018,3240,4320,CC BY-SA 3.0,Леонид Каратасков
28638215,samathi,unresolved:samathi:3b7ebba002c9,text_search,"""Dhyana mudra"" Thailand Buddha","File:ChinessTemple2-9.761527,100.007254 (25).JPG","https://commons.wikimedia.org/wiki/File:ChinessTemple2-9.761527,100.007254_(25).JPG",https://upload.wikimedia.org/wikipedia/commons/thumb/9/93/ChinessTemple2-9.761527%2C100.007254_%2825%29.JPG/1920px-ChinessTemple2-9.761527%2C100.007254_%2825%29.JPG,"images/samathi/28638215_ChinessTemple2-9.761527,100.007254_(25).jpg",ccae7f66cdb5775dd31a82e846a2be85a7970535,3240,4320,CC BY-SA 3.0,Леонид Каратасков
30576162,samathi,unresolved:samathi:0917d566c995,text_search,"""Dhyana mudra"" Thailand Buddha","File:Buddha park at Swayambhu, Kathmandu, Nepal.jpg","https://commons.wikimedia.org/wiki/File:Buddha_park_at_Swayambhu,_Kathmandu,_Nepal.jpg",https://upload.wikimedia.org/wikipedia/commons/thumb/e/e6/Buddha_park_at_Swayambhu%2C_Kathmandu%2C_Nepal.jpg/1920px-Buddha_park_at_Swayambhu%2C_Kathmandu%2C_Nepal.jpg,"images/samathi/30576162_Buddha_park_at_Swayambhu,_Kathmandu,_Nepal.jpg",3bc49d2afc2524990941aac0de040ab7cc93a3e4,4609,3140,CC BY-SA 3.0,Ashishlohorung
30601683,samathi,unresolved:samathi:9b7bc388b2c7,text_search,"""Dhyana mudra"" Thailand Buddha",File:Buddha in meditation Roundel 25 buddha ivory tusk.jpg,https://commons.wikimedia.org/wiki/File:Buddha_in_meditation_Roundel_25_buddha_ivory_tusk.jpg,https://upload.wikimedia.org/wikipedia/commons/thumb/4/4f/Buddha_in_meditation_Roundel_25_buddha_ivory_tusk.jpg/1920px-Buddha_in_meditation_Roundel_25_buddha_ivory_tusk.jpg,images/samathi/30601683_Buddha_in_meditation_Roundel_25_buddha_ivory_tusk.jpg,2637c786ef4545db846d6182bb463ad9ef85eca4,2625,3388,CC BY-SA 3.0,Nomu420
33497052,samathi,unresolved:samathi:03890e866b26,text_search,"""Dhyana mudra"" Thailand Buddha","File:Buddha Statue, Sanchi 03.jpg","https://commons.wikimedia.org/wiki/File:Buddha_Statue,_Sanchi_03.jpg",https://upload.wikimedia.org/wikipedia/commons/thumb/1/19/Buddha_Statue%2C_Sanchi_03.jpg/1920px-Buddha_Statue%2C_Sanchi_03.jpg,"images/samathi/33497052_Buddha_Statue,_Sanchi_03.jpg",fb07280735783bff7b7d5acda23f5f99e1dd5223,3452,2930,CC BY-SA 3.0,Bernard Gagnon
34178924,samathi,unresolved:samathi:a6f4bb7b8985,text_search,"""Dhyana mudra"" Thailand Buddha",File:Famille-rose porcelain Amitayus Buddha. Luoyang Museum.jpg,https://commons.wikimedia.org/wiki/File:Famille-rose_porcelain_Amitayus_Buddha._Luoyang_Museum.jpg,https://upload.wikimedia.org/wikipedia/commons/f/f9/Famille-rose_porcelain_Amitayus_Buddha._Luoyang_Museum.jpg,images/samathi/34178924_Famille-rose_porcelain_Amitayus_Buddha._Luoyang_Museum.jpg,faf2c7a8c8ba6a43c8e49b1039433373f7871e4a,763,1024,CC BY-SA 4.0,John Hill
34243415,samathi,unresolved:samathi:6faf6bd8c477,text_search,"""Dhyana mudra"" Thailand Buddha",File:Buddha Dihana Mudra.JPG,https://commons.wikimedia.org/wiki/File:Buddha_Dihana_Mudra.JPG,https://upload.wikimedia.org/wikipedia/commons/thumb/0/05/Buddha_Dihana_Mudra.JPG/1920px-Buddha_Dihana_Mudra.JPG,images/samathi/34243415_Buddha_Dihana_Mudra.jpg,9408963c83567265b1cff08eb89c0c8a1420a97a,2848,4272,CC BY-SA 4.0,Veit Zahlaus
36817280,samathi,unresolved:samathi:8473f4b37b65,text_search,"""Dhyana mudra"" Thailand Buddha",File:Golden Buddha Amitabha.jpg,https://commons.wikimedia.org/wiki/File:Golden_Buddha_Amitabha.jpg,https://upload.wikimedia.org/wikipedia/commons/e/e4/Golden_Buddha_Amitabha.jpg,images/samathi/36817280_Golden_Buddha_Amitabha.jpg,584b4c887dc0db3a0356ab581476be9e314da581,216,277,CC BY-SA 4.0,Nobody60
37232211,samathi,unresolved:samathi:b2de77facb23,text_search,"""Dhyana mudra"" Thailand Buddha","File:033 Buddha Meditating, Nalanda (9221408780).jpg","https://commons.wikimedia.org/wiki/File:033_Buddha_Meditating,_Nalanda_(9221408780).jpg",https://upload.wikimedia.org/wikipedia/commons/thumb/a/a8/033_Buddha_Meditating%2C_Nalanda_%289221408780%29.jpg/1920px-033_Buddha_Meditating%2C_Nalanda_%289221408780%29.jpg,"images/samathi/37232211_033_Buddha_Meditating,_Nalanda_(9221408780).jpg",a03f70e3f1e2bbf876a318ff3d02b6751c5b4d6b,2388,3591,CC BY 2.0,"Photo Dharma from Penang, Malaysia"
37690819,samathi,unresolved:samathi:f1dc6a12eb2f,text_search,"""Dhyana mudra"" Thailand Buddha",File:Phra Buddha Mettaprachabapith Wat Khung Taphao in Uttaradit Thailand.jpg,https://commons.wikimedia.org/wiki/File:Phra_Buddha_Mettaprachabapith_Wat_Khung_Taphao_in_Uttaradit_Thailand.jpg,https://upload.wikimedia.org/wikipedia/commons/0/0e/Phra_Buddha_Mettaprachabapith_Wat_Khung_Taphao_in_Uttaradit_Thailand.jpg,images/samathi/37690819_Phra_Buddha_Mettaprachabapith_Wat_Khung_Taphao_in_Uttaradit_Thailand.jpg,143e184b5dfa2cadb8b1fd39cc25a849ce19db23,834,952,CC BY-SA 4.0,Tevaprapas
40750036,samathi,unresolved:samathi:17c08369639e,text_search,"""Dhyana mudra"" Thailand Buddha","File:Borobudur - Buddha Statue - 028 Dhyana Mudra, Amitabha (11678925843).jpg","https://commons.wikimedia.org/wiki/File:Borobudur_-_Buddha_Statue_-_028_Dhyana_Mudra,_Amitabha_(11678925843).jpg",https://upload.wikimedia.org/wikipedia/commons/thumb/a/ab/Borobudur_-_Buddha_Statue_-_028_Dhyana_Mudra%2C_Amitabha_%2811678925843%29.jpg/1920px-Borobudur_-_Buddha_Statue_-_028_Dhyana_Mudra%2C_Amitabha_%2811678925843%29.jpg,"images/samathi/40750036_Borobudur_-_Buddha_Statue_-_028_Dhyana_Mudra,_Amitabha_(11678925843).jpg",d0f93dc73852c90f6a79054135dbd93e93007337,4279,3185,CC BY 2.0,"Photo Dharma from Penang, Malaysia"
40750042,samathi,unresolved:samathi:a488cb50f51c,text_search,"""Dhyana mudra"" Thailand Buddha","File:Borobudur - Buddha Statue - 031 Dhyana Mudra, Amitabha (11678889813).jpg","https://commons.wikimedia.org/wiki/File:Borobudur_-_Buddha_Statue_-_031_Dhyana_Mudra,_Amitabha_(11678889813).jpg",https://upload.wikimedia.org/wikipedia/commons/thumb/1/19/Borobudur_-_Buddha_Statue_-_031_Dhyana_Mudra%2C_Amitabha_%2811678889813%29.jpg/1920px-Borobudur_-_Buddha_Statue_-_031_Dhyana_Mudra%2C_Amitabha_%2811678889813%29.jpg,"images/samathi/40750042_Borobudur_-_Buddha_Statue_-_031_Dhyana_Mudra,_Amitabha_(11678889813).jpg",59f840861caf45370f6494b3c00264bb3821f7e1,3178,4274,CC BY 2.0,"Photo Dharma from Penang, Malaysia"
42325556,samathi,unresolved:samathi:7a6922c6f773,text_search,"""Dhyana mudra"" Thailand Buddha","File:Buddha, unidentified - Etnografiska museet - Stockholm, Sweden - DSC01379.JPG","https://commons.wikimedia.org/wiki/File:Buddha,_unidentified_-_Etnografiska_museet_-_Stockholm,_Sweden_-_DSC01379.JPG",https://upload.wikimedia.org/wikipedia/commons/thumb/f/fd/Buddha%2C_unidentified_-_Etnografiska_museet_-_Stockholm%2C_Sweden_-_DSC01379.JPG/1920px-Buddha%2C_unidentified_-_Etnografiska_museet_-_Stockholm%2C_Sweden_-_DSC01379.JPG,"images/samathi/42325556_Buddha,_unidentified_-_Etnografiska_museet_-_Stockholm,_Sweden_-_DSC01379.jpg",7262f80ad7c653b313f52cbef7173fa7c7017ba3,3648,5472,CC0,Daderot
50340148,samathi,unresolved:samathi:f21e811932d6,text_search,"""Dhyana mudra"" Thailand Buddha",File:Gautama Buddha statue (5th century CE).jpg,https://commons.wikimedia.org/wiki/File:Gautama_Buddha_statue_(5th_century_CE).jpg,https://upload.wikimedia.org/wikipedia/commons/thumb/1/12/Gautama_Buddha_statue_%285th_century_CE%29.jpg/1920px-Gautama_Buddha_statue_%285th_century_CE%29.jpg,images/samathi/50340148_Gautama_Buddha_statue_(5th_century_CE).jpg,47914946e423b027e6a4845a28eb2735f89f3b6c,3420,4860,CC BY-SA 4.0,AKS.9955
50791870,samathi,unresolved:samathi:ee5e5537993b,text_search,"""Dhyana mudra"" Thailand Buddha",File:027 Samadhi Buddha (20451017931).jpg,https://commons.wikimedia.org/wiki/File:027_Samadhi_Buddha_(20451017931).jpg,https://upload.wikimedia.org/wikipedia/commons/thumb/1/17/027_Samadhi_Buddha_%2820451017931%29.jpg/1920px-027_Samadhi_Buddha_%2820451017931%29.jpg,images/samathi/50791870_027_Samadhi_Buddha_(20451017931).jpg,1886fc8e083368c57c9d0abcdbe7609572494a22,3000,4000,CC BY 2.0,"Photo Dharma from Sadao, Thailand"
58848427,samathi,unresolved:samathi:4cda71fd7d44,text_search,"""Dhyana mudra"" Thailand Buddha",File:Bodhgaya 11 - The Great Buddha (33262628335).jpg,https://commons.wikimedia.org/wiki/File:Bodhgaya_11_-_The_Great_Buddha_(33262628335).jpg,https://upload.wikimedia.org/wikipedia/commons/thumb/9/9d/Bodhgaya_11_-_The_Great_Buddha_%2833262628335%29.jpg/1920px-Bodhgaya_11_-_The_Great_Buddha_%2833262628335%29.jpg,images/samathi/58848427_Bodhgaya_11_-_The_Great_Buddha_(33262628335).jpg,ec20949c14ecbfee4fcc2fca7ac9f086b1ea951a,3000,4000,CC BY-SA 2.0,juggadery
59879340,samathi,unresolved:samathi:d96389c22f2f,text_search,"""Dhyana mudra"" Thailand Buddha",File:020 Amitabha Buddha Shrine Close up (35057244061).jpg,https://commons.wikimedia.org/wiki/File:020_Amitabha_Buddha_Shrine_Close_up_(35057244061).jpg,https://upload.wikimedia.org/wikipedia/commons/thumb/9/95/020_Amitabha_Buddha_Shrine_Close_up_%2835057244061%29.jpg/1920px-020_Amitabha_Buddha_Shrine_Close_up_%2835057244061%29.jpg,images/samathi/59879340_020_Amitabha_Buddha_Shrine_Close_up_(35057244061).jpg,a66ccfcc7c1ae54b2a516500bb7b5290d0745788,3536,5304,CC BY 2.0,"Photo Dharma from Sadao, Thailand"
65810243,samathi,unresolved:samathi:e95110df9659,text_search,"""Dhyana mudra"" Thailand Buddha",File:Buddha Shrine with Ambedkar (244910903).jpg,https://commons.wikimedia.org/wiki/File:Buddha_Shrine_with_Ambedkar_(244910903).jpg,https://upload.wikimedia.org/wikipedia/commons/thumb/8/8f/Buddha_Shrine_with_Ambedkar_%28244910903%29.jpg/1920px-Buddha_Shrine_with_Ambedkar_%28244910903%29.jpg,images/samathi/65810243_Buddha_Shrine_with_Ambedkar_(244910903).jpg,40bbdf57b7082820e01bc7060028f8f03545d4f1,1944,2592,CC BY 2.0,"Akuppa John Wigham from Newcastle upon Tyne, England"
65810260,samathi,unresolved:samathi:04b1be59d330,text_search,"""Dhyana mudra"" Thailand Buddha",File:Buddha and Naga Canopy (411778142).jpg,https://commons.wikimedia.org/wiki/File:Buddha_and_Naga_Canopy_(411778142).jpg,https://upload.wikimedia.org/wikipedia/commons/thumb/4/40/Buddha_and_Naga_Canopy_%28411778142%29.jpg/1920px-Buddha_and_Naga_Canopy_%28411778142%29.jpg,images/samathi/65810260_Buddha_and_Naga_Canopy_(411778142).jpg,6c9fbfde6eab715c9d9975649420df4aed9488f1,2592,3888,CC BY 2.0,"Akuppa John Wigham from Newcastle upon Tyne, England"
65810325,samathi,unresolved:samathi:44a8ae99a667,text_search,"""Dhyana mudra"" Thailand Buddha",File:Buddha (3090910144).jpg,https://commons.wikimedia.org/wiki/File:Buddha_(3090910144).jpg,https://upload.wikimedia.org/wikipedia/commons/e/e5/Buddha_%283090910144%29.jpg,images/samathi/65810325_Buddha_(3090910144).jpg,5d2490a6245c42c3d2e62d2841519fe8451667ff,1536,2048,CC BY 2.0,"Akuppa John Wigham from Newcastle upon Tyne, England"
65810523,samathi,unresolved:samathi:695c8053e94d,text_search,"""Dhyana mudra"" Thailand Buddha",File:Amida Buddha (17316035251).jpg,https://commons.wikimedia.org/wiki/File:Amida_Buddha_(17316035251).jpg,https://upload.wikimedia.org/wikipedia/commons/thumb/8/8f/Amida_Buddha_%2817316035251%29.jpg/1920px-Amida_Buddha_%2817316035251%29.jpg,images/samathi/65810523_Amida_Buddha_(17316035251).jpg,52d02102a53b8d0f379b0220ce7a3c2649ed3f95,2690,3341,CC BY 2.0,"Akuppa John Wigham from Newcastle upon Tyne, England"
65810527,samathi,unresolved:samathi:7f91765368e6,text_search,"""Dhyana mudra"" Thailand Buddha",File:Buddha (17290525806).jpg,https://commons.wikimedia.org/wiki/File:Buddha_(17290525806).jpg,https://upload.wikimedia.org/wikipedia/commons/thumb/a/af/Buddha_%2817290525806%29.jpg/1920px-Buddha_%2817290525806%29.jpg,images/samathi/65810527_Buddha_(17290525806).jpg,04ef6370f15b208c66301c67bfdb92ad2c38e095,2672,3151,CC BY 2.0,"Akuppa John Wigham from Newcastle upon Tyne, England"
65810534,samathi,unresolved:samathi:70b0e4b74222,text_search,"""Dhyana mudra"" Thailand Buddha",File:Buddha (17314610462).jpg,https://commons.wikimedia.org/wiki/File:Buddha_(17314610462).jpg,https://upload.wikimedia.org/wikipedia/commons/thumb/6/65/Buddha_%2817314610462%29.jpg/1920px-Buddha_%2817314610462%29.jpg,images/samathi/65810534_Buddha_(17314610462).jpg,304097cac9987ef1af3f649405376d602f1e4d81,3334,3483,CC BY 2.0,"Akuppa John Wigham from Newcastle upon Tyne, England"
65810537,samathi,unresolved:samathi:fa05a386867d,text_search,"""Dhyana mudra"" Thailand Buddha",File:Buddha (17290488356).jpg,https://commons.wikimedia.org/wiki/File:Buddha_(17290488356).jpg,https://upload.wikimedia.org/wikipedia/commons/thumb/c/c9/Buddha_%2817290488356%29.jpg/1920px-Buddha_%2817290488356%29.jpg,images/samathi/65810537_Buddha_(17290488356).jpg,aedf41b0c9169b8a5634a65df532bc90ba440ab7,3456,4608,CC BY 2.0,"Akuppa John Wigham from Newcastle upon Tyne, England"
65820735,samathi,unresolved:samathi:803040122f43,text_search,"""Dhyana mudra"" Thailand Buddha",File:Buddha (AM 1934.336-14).jpg,https://commons.wikimedia.org/wiki/File:Buddha_(AM_1934.336-14).jpg,https://upload.wikimedia.org/wikipedia/commons/thumb/b/b6/Buddha_%28AM_1934.336-14%29.jpg/1920px-Buddha_%28AM_1934.336-14%29.jpg,images/samathi/65820735_Buddha_(AM_1934.336-14).jpg,3f2dc38d576d2c53427d947fdbbd84510b760ad5,3048,3936,CC BY 4.0,
65820738,samathi,unresolved:samathi:a04f3e11c31f,text_search,"""Dhyana mudra"" Thailand Buddha",File:Buddha (AM 1934.336-15).jpg,https://commons.wikimedia.org/wiki/File:Buddha_(AM_1934.336-15).jpg,https://upload.wikimedia.org/wikipedia/commons/thumb/4/4e/Buddha_%28AM_1934.336-15%29.jpg/1920px-Buddha_%28AM_1934.336-15%29.jpg,images/samathi/65820738_Buddha_(AM_1934.336-15).jpg,9af20fa90c0803b2b9b375929c39a81189a6eca8,2423,4200,CC BY 4.0,
68960768,samathi,unresolved:samathi:57a7727c8305,text_search,"""Dhyana mudra"" Thailand Buddha",File:Man painting in gold a statue of the Buddha.jpg,https://commons.wikimedia.org/wiki/File:Man_painting_in_gold_a_statue_of_the_Buddha.jpg,https://upload.wikimedia.org/wikipedia/commons/thumb/b/bf/Man_painting_in_gold_a_statue_of_the_Buddha.jpg/1920px-Man_painting_in_gold_a_statue_of_the_Buddha.jpg,images/samathi/68960768_Man_painting_in_gold_a_statue_of_the_Buddha.jpg,b042cc5eae1add397852c09cac114edff4338ba4,4104,6156,CC BY-SA 4.0,Basile Morin
71849726,samathi,unresolved:samathi:ec3dc5d72b01,text_search,"""Dhyana mudra"" Thailand Buddha",File:Small Buddha statue in Wat Pho Wai.jpg,https://commons.wikimedia.org/wiki/File:Small_Buddha_statue_in_Wat_Pho_Wai.jpg,https://upload.wikimedia.org/wikipedia/commons/thumb/3/3a/Small_Buddha_statue_in_Wat_Pho_Wai.jpg/1920px-Small_Buddha_statue_in_Wat_Pho_Wai.jpg,images/samathi/71849726_Small_Buddha_statue_in_Wat_Pho_Wai.jpg,db61d6d6a14c9be7d3150f7e8b982f4a68fb1f2b,2547,3821,CC BY-SA 4.0,Ahoerstemeier
72470636,samathi,unresolved:samathi:f2270f40435e,text_search,"""Dhyana mudra"" Thailand Buddha",File:Patung Buddha di Kuta.jpg,https://commons.wikimedia.org/wiki/File:Patung_Buddha_di_Kuta.jpg,https://upload.wikimedia.org/wikipedia/commons/thumb/2/23/Patung_Buddha_di_Kuta.jpg/1920px-Patung_Buddha_di_Kuta.jpg,images/samathi/72470636_Patung_Buddha_di_Kuta.jpg,2ed10e99d247e8a7bb8993176cae30789f457281,2448,3264,CC BY-SA 4.0,Herryz
79484201,samathi,unresolved:samathi:ff73cddc26ea,text_search,"""Dhyana mudra"" Thailand Buddha",File:Beautiful Buddha Statue.jpg,https://commons.wikimedia.org/wiki/File:Beautiful_Buddha_Statue.jpg,https://upload.wikimedia.org/wikipedia/commons/thumb/5/50/Beautiful_Buddha_Statue.jpg/1920px-Beautiful_Buddha_Statue.jpg,images/samathi/79484201_Beautiful_Buddha_Statue.jpg,6bbf8e81b7f3aaa283a2332f1c7cde893dc8edc1,6016,4000,CC BY-SA 4.0,VINUKR86
79690671,samathi,unresolved:samathi:73e6e435ad5d,text_search,"""Dhyana mudra"" Thailand Buddha",File:Buddha Sign of Nepal.jpg,https://commons.wikimedia.org/wiki/File:Buddha_Sign_of_Nepal.jpg,https://upload.wikimedia.org/wikipedia/commons/thumb/d/d8/Buddha_Sign_of_Nepal.jpg/1920px-Buddha_Sign_of_Nepal.jpg,images/samathi/79690671_Buddha_Sign_of_Nepal.jpg,aa049bb9b907afc6a266e1077e675439c2a72d07,4000,6000,CC BY-SA 4.0,Subasis Mahat
82559889,samathi,unresolved:samathi:0f37996b582e,text_search,"""Dhyana mudra"" Thailand Buddha","File:Gautam Buddha Statue at Dhulikhel, Nepal.jpg","https://commons.wikimedia.org/wiki/File:Gautam_Buddha_Statue_at_Dhulikhel,_Nepal.jpg",https://upload.wikimedia.org/wikipedia/commons/b/bc/Gautam_Buddha_Statue_at_Dhulikhel%2C_Nepal.jpg,"images/samathi/82559889_Gautam_Buddha_Statue_at_Dhulikhel,_Nepal.jpg",053231507e617b5dda8d92737bdc33be30f50f05,1650,2377,CC BY-SA 4.0,Anuja Sharma
91597064,samathi,unresolved:samathi:ba4e0114c750,text_search,"""Dhyana mudra"" Thailand Buddha",File:Thisarana Arama Buddha Statue.png,https://commons.wikimedia.org/wiki/File:Thisarana_Arama_Buddha_Statue.png,https://upload.wikimedia.org/wikipedia/commons/e/ec/Thisarana_Arama_Buddha_Statue.png,images/samathi/91597064_Thisarana_Arama_Buddha_Statue.png,bf761a05f08eaa159b6a058ec962179f3039e6cf,868,1056,CC BY-SA 4.0,Thisarana Arama
98212821,samathi,unresolved:samathi:2220e3673854,text_search,"""Dhyana mudra"" Thailand Buddha",File:Buddha Statue at Empty Cloud.jpg,https://commons.wikimedia.org/wiki/File:Buddha_Statue_at_Empty_Cloud.jpg,https://upload.wikimedia.org/wikipedia/commons/3/37/Buddha_Statue_at_Empty_Cloud.jpg,images/samathi/98212821_Buddha_Statue_at_Empty_Cloud.jpg,69bf7c811c0b1b8a31f4bfa92d91bdd216c22abe,800,560,CC BY-SA 4.0,Rikku411
99375469,samathi,unresolved:samathi:ee3c9ffcfca3,text_search,"""Dhyana mudra"" Thailand Buddha",File:Oc Eo Culture Buddha Statue 01.jpg,https://commons.wikimedia.org/wiki/File:Oc_Eo_Culture_Buddha_Statue_01.jpg,https://upload.wikimedia.org/wikipedia/commons/thumb/5/5d/Oc_Eo_Culture_Buddha_Statue_01.jpg/1920px-Oc_Eo_Culture_Buddha_Statue_01.jpg,images/samathi/99375469_Oc_Eo_Culture_Buddha_Statue_01.jpg,c8c86d91e2191d8fa03864b1f7a744865ab10d13,3456,5184,CC0,Gary Todd
99778331,samathi,unresolved:samathi:cee526d86056,text_search,"""Dhyana mudra"" Thailand Buddha","File:Chinese Porcelain Buddha, 17th-18th Century.jpg","https://commons.wikimedia.org/wiki/File:Chinese_Porcelain_Buddha,_17th-18th_Century.jpg",https://upload.wikimedia.org/wikipedia/commons/thumb/c/c9/Chinese_Porcelain_Buddha%2C_17th-18th_Century.jpg/1920px-Chinese_Porcelain_Buddha%2C_17th-18th_Century.jpg,"images/samathi/99778331_Chinese_Porcelain_Buddha,_17th-18th_Century.jpg",b9c9feb85f9f0621b0b876e25927aa1c90f90b9b,3456,5184,CC0,Gary Todd
109523745,samathi,unresolved:samathi:b8840144af6f,text_search,"""Dhyana mudra"" Thailand Buddha",File:Statue af Buddha Amida siddende med hænderne i dhyanamudra.jpg,https://commons.wikimedia.org/wiki/File:Statue_af_Buddha_Amida_siddende_med_h%C3%A6nderne_i_dhyanamudra.jpg,https://upload.wikimedia.org/wikipedia/commons/thumb/0/09/Statue_af_Buddha_Amida_siddende_med_h%C3%A6nderne_i_dhyanamudra.jpg/1920px-Statue_af_Buddha_Amida_siddende_med_h%C3%A6nderne_i_dhyanamudra.jpg,images/samathi/109523745_Statue_af_Buddha_Amida_siddende_med_hænderne_i_dhyanamudra.jpg,688c9e7dadfd9e592d573a4dcda383c04136211f,4432,4531,CC BY-SA 4.0,"Matopmaæ,iseet"
110492487,samathi,unresolved:samathi:9e12f30c49aa,text_search,"""Dhyana mudra"" Thailand Buddha","File:The Great Buddha statue, Bodh Gaya.jpg","https://commons.wikimedia.org/wiki/File:The_Great_Buddha_statue,_Bodh_Gaya.jpg",https://upload.wikimedia.org/wikipedia/commons/d/d9/The_Great_Buddha_statue%2C_Bodh_Gaya.jpg,"images/samathi/110492487_The_Great_Buddha_statue,_Bodh_Gaya.jpg",2f82f1112e61e287e6b7f4b46cb9efe557061314,1901,1901,CC BY-SA 4.0,Santoshponnam
125252156,samathi,unresolved:samathi:cc9fb5b8a568,text_search,"""Dhyana mudra"" Thailand Buddha",File:Buddha statue (2022-10-04) 03.jpg,https://commons.wikimedia.org/wiki/File:Buddha_statue_(2022-10-04)_03.jpg,https://upload.wikimedia.org/wikipedia/commons/thumb/e/ef/Buddha_statue_%282022-10-04%29_03.jpg/1920px-Buddha_statue_%282022-10-04%29_03.jpg,images/samathi/125252156_Buddha_statue_(2022-10-04)_03.jpg,6493ca5931e93ef2249dcfdb0db0f2e550cb52da,3864,5152,CC BY-SA 4.0,Vyacheslav Kirillin
136915029,samathi,unresolved:samathi:9d04b0230376,text_search,"""Dhyana mudra"" Thailand Buddha","File:Sculpture of Buddha Muchalinda, NUS Museum (111152).jpg","https://commons.wikimedia.org/wiki/File:Sculpture_of_Buddha_Muchalinda,_NUS_Museum_(111152).jpg",https://upload.wikimedia.org/wikipedia/commons/thumb/3/31/Sculpture_of_Buddha_Muchalinda%2C_NUS_Museum_%28111152%29.jpg/1920px-Sculpture_of_Buddha_Muchalinda%2C_NUS_Museum_%28111152%29.jpg,"images/samathi/136915029_Sculpture_of_Buddha_Muchalinda,_NUS_Museum_(111152).jpg",b5f4e3dd8fa5418d94328c901f62c147dc8daca2,2667,4000,Public domain,Moheen Reeyad
141255558,samathi,unresolved:samathi:d296a5b2e0e2,text_search,"""Dhyana mudra"" Thailand Buddha",File:ACM-Buddha enthroned by a naga-03692.jpg,https://commons.wikimedia.org/wiki/File:ACM-Buddha_enthroned_by_a_naga-03692.jpg,https://upload.wikimedia.org/wikipedia/commons/thumb/1/18/ACM-Buddha_enthroned_by_a_naga-03692.jpg/1920px-ACM-Buddha_enthroned_by_a_naga-03692.jpg,images/samathi/141255558_ACM-Buddha_enthroned_by_a_naga-03692.jpg,818a298768fa226da86c577a2abfb4b360919c19,3790,5685,CC0,
146898255,samathi,unresolved:samathi:8c12e50ad868,text_search,"""Dhyana mudra"" Thailand Buddha","File:048 Amitabha Buddha, Brahmavihara Monastery, Melaka, Malaysia, photograph by Anandajoti Bhikkhu.jpg","https://commons.wikimedia.org/wiki/File:048_Amitabha_Buddha,_Brahmavihara_Monastery,_Melaka,_Malaysia,_photograph_by_Anandajoti_Bhikkhu.jpg",https://upload.wikimedia.org/wikipedia/commons/thumb/2/2a/048_Amitabha_Buddha%2C_Brahmavihara_Monastery%2C_Melaka%2C_Malaysia%2C_photograph_by_Anandajoti_Bhikkhu.jpg/1920px-048_Amitabha_Buddha%2C_Brahmavihara_Monastery%2C_Melaka%2C_Malaysia%2C_photograph_by_Anandajoti_Bhikkhu.jpg,"images/samathi/146898255_048_Amitabha_Buddha,_Brahmavihara_Monastery,_Melaka,_Malaysia,_photograph_by_Anandajoti_Bhikkhu.jpg",34478f77c13176c538c7357bd5ec5aace9081f48,3648,5472,CC BY-SA 4.0,Anandajoti
154048859,samathi,unresolved:samathi:aee45552f3fa,text_search,"""Dhyana mudra"" Thailand Buddha",File:Emerald Buddha statue in Wat Phra That Doi Suthep.jpg,https://commons.wikimedia.org/wiki/File:Emerald_Buddha_statue_in_Wat_Phra_That_Doi_Suthep.jpg,https://upload.wikimedia.org/wikipedia/commons/thumb/5/56/Emerald_Buddha_statue_in_Wat_Phra_That_Doi_Suthep.jpg/1920px-Emerald_Buddha_statue_in_Wat_Phra_That_Doi_Suthep.jpg,images/samathi/154048859_Emerald_Buddha_statue_in_Wat_Phra_That_Doi_Suthep.jpg,4960b0d4989a0da1e631e32d2f0792028c71354c,2252,4000,CC0,Deepak-nsk
181870377,samathi,unresolved:samathi:1f745cebbbe5,text_search,"""Dhyana mudra"" Thailand Buddha","File:Sculpture of Buddha seated in Dhyana Mudra, circa 700 CE, Sandstone Sanchi Museum, Madhya Pradesh.jpg","https://commons.wikimedia.org/wiki/File:Sculpture_of_Buddha_seated_in_Dhyana_Mudra,_circa_700_CE,_Sandstone_Sanchi_Museum,_Madhya_Pradesh.jpg",https://upload.wikimedia.org/wikipedia/commons/6/63/Sculpture_of_Buddha_seated_in_Dhyana_Mudra%2C_circa_700_CE%2C_Sandstone_Sanchi_Museum%2C_Madhya_Pradesh.jpg,"images/samathi/181870377_Sculpture_of_Buddha_seated_in_Dhyana_Mudra,_circa_700_CE,_Sandstone_Sanchi_Museum,_Madhya_Pradesh.jpg",c091ed91fce6fdf201648388c4f32b3dfc8fa52a,736,810,CC BY-SA 4.0,SpeakingArch
3618979,nakprok,unresolved:nakprok:ae9fdd104b52,text_search,"""พระนาคปรก"" Thailand",File:Watphomap.png,https://commons.wikimedia.org/wiki/File:Watphomap.png,https://upload.wikimedia.org/wikipedia/commons/4/4b/Watphomap.png,images/nakprok/3618979_Watphomap.png,4fb21f807ca6d91b99fc331ddd89e2e026e84ec5,1800,1177,CC BY-SA 4.0,"Heinrich Damm (User:Hdamm, Hdamm at de.wikipedia.org)"
55201538,nakprok,unresolved:nakprok:887245a1caa6,text_search,"""พระนาคปรก"" Thailand",File:พระนาคปรก กรุนาดูน.jpg,https://commons.wikimedia.org/wiki/File:%E0%B8%9E%E0%B8%A3%E0%B8%B0%E0%B8%99%E0%B8%B2%E0%B8%84%E0%B8%9B%E0%B8%A3%E0%B8%81_%E0%B8%81%E0%B8%A3%E0%B8%B8%E0%B8%99%E0%B8%B2%E0%B8%94%E0%B8%B9%E0%B8%99.jpg,https://upload.wikimedia.org/wikipedia/commons/thumb/f/fb/%E0%B8%9E%E0%B8%A3%E0%B8%B0%E0%B8%99%E0%B8%B2%E0%B8%84%E0%B8%9B%E0%B8%A3%E0%B8%81_%E0%B8%81%E0%B8%A3%E0%B8%B8%E0%B8%99%E0%B8%B2%E0%B8%94%E0%B8%B9%E0%B8%99.jpg/1920px-%E0%B8%9E%E0%B8%A3%E0%B8%B0%E0%B8%99%E0%B8%B2%E0%B8%84%E0%B8%9B%E0%B8%A3%E0%B8%81_%E0%B8%81%E0%B8%A3%E0%B8%B8%E0%B8%99%E0%B8%B2%E0%B8%94%E0%B8%B9%E0%B8%99.jpg,images/nakprok/55201538_พระนาคปรก_กรุนาดูน.jpg,3d6d0dca433f14f8548d101cfe3e70a795bc4ff6,3120,4160,CC BY-SA 4.0,Suriya aruno
69969762,nakprok,unresolved:nakprok:0a1da92d73b3,text_search,"""พระนาคปรก"" Thailand",File:พระนาคปรกหินทราย.jpg,https://commons.wikimedia.org/wiki/File:%E0%B8%9E%E0%B8%A3%E0%B8%B0%E0%B8%99%E0%B8%B2%E0%B8%84%E0%B8%9B%E0%B8%A3%E0%B8%81%E0%B8%AB%E0%B8%B4%E0%B8%99%E0%B8%97%E0%B8%A3%E0%B8%B2%E0%B8%A2.jpg,https://upload.wikimedia.org/wikipedia/commons/thumb/d/d0/%E0%B8%9E%E0%B8%A3%E0%B8%B0%E0%B8%99%E0%B8%B2%E0%B8%84%E0%B8%9B%E0%B8%A3%E0%B8%81%E0%B8%AB%E0%B8%B4%E0%B8%99%E0%B8%97%E0%B8%A3%E0%B8%B2%E0%B8%A2.jpg/1920px-%E0%B8%9E%E0%B8%A3%E0%B8%B0%E0%B8%99%E0%B8%B2%E0%B8%84%E0%B8%9B%E0%B8%A3%E0%B8%81%E0%B8%AB%E0%B8%B4%E0%B8%99%E0%B8%97%E0%B8%A3%E0%B8%B2%E0%B8%A2.jpg,images/nakprok/69969762_พระนาคปรกหินทราย.jpg,f62321e2d00c2ceaf1a4b64fbce91a6720ade9e6,4608,3456,CC BY-SA 4.0,พระครูสุทธิปัญญาโสภณ
191704137,nakprok,unresolved:nakprok:7a32609304ab,text_search,"""พระนาคปรก"" Thailand",File:Angkor Wat (3).jpg,https://commons.wikimedia.org/wiki/File:Angkor_Wat_(3).jpg,https://upload.wikimedia.org/wikipedia/commons/thumb/5/57/Angkor_Wat_%283%29.jpg/1920px-Angkor_Wat_%283%29.jpg,images/nakprok/191704137_Angkor_Wat_(3).jpg,8126bbc8d5119d33bb2dd93eb6a353774a217457,2500,3882,Public domain,Unknown authorUnknown author
3461069,nakprok,unresolved:nakprok:9d254a34f3b8,text_search,"""Mucilinda in Thailand""",File:SalaKeoKou 2.jpg,https://commons.wikimedia.org/wiki/File:SalaKeoKou_2.jpg,https://upload.wikimedia.org/wikipedia/commons/4/4f/SalaKeoKou_2.jpg,images/nakprok/3461069_SalaKeoKou_2.jpg,256e4c0cd7ad6b9f34c5759609568c136beb03ea,752,600,CC BY-SA 3.0,Der aus Uebersee kommt
5336531,nakprok,unresolved:nakprok:1b52b14ca93e,text_search,"""Mucilinda in Thailand""",File:Phimai-pano-8.jpg,https://commons.wikimedia.org/wiki/File:Phimai-pano-8.jpg,https://upload.wikimedia.org/wikipedia/commons/thumb/7/7f/Phimai-pano-8.jpg/1920px-Phimai-pano-8.jpg,images/nakprok/5336531_Phimai-pano-8.jpg,ceadb9320ccdbb412010cec7ea2ef15deace51a6,5903,2954,CC BY-SA 3.0,Ddalbiez
17099774,nakprok,unresolved:nakprok:5e8e9ed282f5,text_search,"""Mucilinda in Thailand""","File:Muchilinda Buddha from Thailand, Angkor kingdom, Lopburi style, 13th-14th century, sandstone, promised gift to HAA.JPG","https://commons.wikimedia.org/wiki/File:Muchilinda_Buddha_from_Thailand,_Angkor_kingdom,_Lopburi_style,_13th-14th_century,_sandstone,_promised_gift_to_HAA.JPG",https://upload.wikimedia.org/wikipedia/commons/7/72/Muchilinda_Buddha_from_Thailand%2C_Angkor_kingdom%2C_Lopburi_style%2C_13th-14th_century%2C_sandstone%2C_promised_gift_to_HAA.JPG,"images/nakprok/17099774_Muchilinda_Buddha_from_Thailand,_Angkor_kingdom,_Lopburi_style,_13th-14th_century,_sandstone,_promis.jpg",6b4df0f99b3d2afe7f11ed71d7d62d39799c78f6,1218,2970,CC0,Hiart
22921512,nakprok,unresolved:nakprok:181789e8a9e9,text_search,"""Mucilinda in Thailand""",File:Buddha Naga2 Square Large.JPG,https://commons.wikimedia.org/wiki/File:Buddha_Naga2_Square_Large.JPG,https://upload.wikimedia.org/wikipedia/commons/thumb/d/df/Buddha_Naga2_Square_Large.JPG/1920px-Buddha_Naga2_Square_Large.JPG,images/nakprok/22921512_Buddha_Naga2_Square_Large.jpg,17f464d9208f1ece4e5a5776d2f335af9e78fddd,2000,2000,CC BY-SA 4.0,User: (WT-shared) Jpatokal at  wts wikivoyage
25682791,nakprok,unresolved:nakprok:90fe541fea29,text_search,"""Mucilinda in Thailand""",File:201304061028c Wat Tham Nakarat Geisterhäuschen Nagas.jpg,https://commons.wikimedia.org/wiki/File:201304061028c_Wat_Tham_Nakarat_Geisterh%C3%A4uschen_Nagas.jpg,https://upload.wikimedia.org/wikipedia/commons/thumb/5/5e/201304061028c_Wat_Tham_Nakarat_Geisterh%C3%A4uschen_Nagas.jpg/1920px-201304061028c_Wat_Tham_Nakarat_Geisterh%C3%A4uschen_Nagas.jpg,images/nakprok/25682791_201304061028c_Wat_Tham_Nakarat_Geisterhäuschen_Nagas.jpg,9c0b793fcbcdee922f2a2223bacd6a26e8347168,2584,4336,CC BY-SA 4.0,Hartmann Linge
25683934,nakprok,unresolved:nakprok:53bc64d0b301,text_search,"""Mucilinda in Thailand""",File:201304061107c Wat Tham Nakarat.jpg,https://commons.wikimedia.org/wiki/File:201304061107c_Wat_Tham_Nakarat.jpg,https://upload.wikimedia.org/wikipedia/commons/thumb/8/8d/201304061107c_Wat_Tham_Nakarat.jpg/1920px-201304061107c_Wat_Tham_Nakarat.jpg,images/nakprok/25683934_201304061107c_Wat_Tham_Nakarat.jpg,475144c6c6c0e6184e922e155af13fa90c6cbec6,2659,3583,CC BY-SA 4.0,Hartmann Linge
40212972,nakprok,unresolved:nakprok:541ec208df5f,text_search,"""Mucilinda in Thailand""",File:Wat Tham Khao Rup Chang - 149 Mucilinda Protects Buddha (14478051150).jpg,https://commons.wikimedia.org/wiki/File:Wat_Tham_Khao_Rup_Chang_-_149_Mucilinda_Protects_Buddha_(14478051150).jpg,https://upload.wikimedia.org/wikipedia/commons/7/7d/Wat_Tham_Khao_Rup_Chang_-_149_Mucilinda_Protects_Buddha_%2814478051150%29.jpg,images/nakprok/40212972_Wat_Tham_Khao_Rup_Chang_-_149_Mucilinda_Protects_Buddha_(14478051150).jpg,38ae46cc56b9a07583f92ec6f821d576c852d03d,1676,2764,CC BY 2.0,"Photo Dharma from Penang, Malaysia"
50795200,nakprok,unresolved:nakprok:8b4daf35b779,text_search,"""Mucilinda in Thailand""",File:028 Buddha protected by Mucilinda (9261608770).jpg,https://commons.wikimedia.org/wiki/File:028_Buddha_protected_by_Mucilinda_(9261608770).jpg,https://upload.wikimedia.org/wikipedia/commons/thumb/d/d1/028_Buddha_protected_by_Mucilinda_%289261608770%29.jpg/1920px-028_Buddha_protected_by_Mucilinda_%289261608770%29.jpg,images/nakprok/50795200_028_Buddha_protected_by_Mucilinda_(9261608770).jpg,162bed9215b2588e2c31415146a2d0553525e400,3072,2304,CC BY 2.0,"Photo Dharma from Sadao, Thailand"
56264522,nakprok,unresolved:nakprok:a4663ee7efde,text_search,"""Mucilinda in Thailand""",File:Chao Sam Phraya Museum - 2017-02-13 (043).jpg,https://commons.wikimedia.org/wiki/File:Chao_Sam_Phraya_Museum_-_2017-02-13_(043).jpg,https://upload.wikimedia.org/wikipedia/commons/thumb/7/77/Chao_Sam_Phraya_Museum_-_2017-02-13_%28043%29.jpg/1920px-Chao_Sam_Phraya_Museum_-_2017-02-13_%28043%29.jpg,images/nakprok/56264522_Chao_Sam_Phraya_Museum_-_2017-02-13_(043).jpg,72b88782c54c3c6546c14ce9aac4fa8fd2b25eaf,3024,4032,CC0,Iudexvivorum
56264523,nakprok,unresolved:nakprok:cf3634d49767,text_search,"""Mucilinda in Thailand""",File:Chao Sam Phraya Museum - 2017-02-13 (042).jpg,https://commons.wikimedia.org/wiki/File:Chao_Sam_Phraya_Museum_-_2017-02-13_(042).jpg,https://upload.wikimedia.org/wikipedia/commons/thumb/c/cd/Chao_Sam_Phraya_Museum_-_2017-02-13_%28042%29.jpg/1920px-Chao_Sam_Phraya_Museum_-_2017-02-13_%28042%29.jpg,images/nakprok/56264523_Chao_Sam_Phraya_Museum_-_2017-02-13_(042).jpg,38cdc0fcfe16faf2de8ad66da7cd10d7217dccf6,3024,4032,CC0,Iudexvivorum
56264531,nakprok,unresolved:nakprok:a6dd744d1926,text_search,"""Mucilinda in Thailand""",File:Chao Sam Phraya Museum - 2017-02-13 (050).jpg,https://commons.wikimedia.org/wiki/File:Chao_Sam_Phraya_Museum_-_2017-02-13_(050).jpg,https://upload.wikimedia.org/wikipedia/commons/thumb/5/54/Chao_Sam_Phraya_Museum_-_2017-02-13_%28050%29.jpg/1920px-Chao_Sam_Phraya_Museum_-_2017-02-13_%28050%29.jpg,images/nakprok/56264531_Chao_Sam_Phraya_Museum_-_2017-02-13_(050).jpg,7a2babacfc16c7ed143e3afd492b8e751dc0e2ad,3024,4032,CC0,Iudexvivorum
56264533,nakprok,unresolved:nakprok:77bc0eedca2a,text_search,"""Mucilinda in Thailand""",File:Chao Sam Phraya Museum - 2017-02-13 (049).jpg,https://commons.wikimedia.org/wiki/File:Chao_Sam_Phraya_Museum_-_2017-02-13_(049).jpg,https://upload.wikimedia.org/wikipedia/commons/thumb/f/f0/Chao_Sam_Phraya_Museum_-_2017-02-13_%28049%29.jpg/1920px-Chao_Sam_Phraya_Museum_-_2017-02-13_%28049%29.jpg,images/nakprok/56264533_Chao_Sam_Phraya_Museum_-_2017-02-13_(049).jpg,3594663a3efe421535d89ade923944000f78e8af,2925,3926,CC0,Iudexvivorum
56264534,nakprok,unresolved:nakprok:726020f44551,text_search,"""Mucilinda in Thailand""",File:Chao Sam Phraya Museum - 2017-02-13 (052).jpg,https://commons.wikimedia.org/wiki/File:Chao_Sam_Phraya_Museum_-_2017-02-13_(052).jpg,https://upload.wikimedia.org/wikipedia/commons/thumb/b/b2/Chao_Sam_Phraya_Museum_-_2017-02-13_%28052%29.jpg/1920px-Chao_Sam_Phraya_Museum_-_2017-02-13_%28052%29.jpg,images/nakprok/56264534_Chao_Sam_Phraya_Museum_-_2017-02-13_(052).jpg,a09c9de3640e6ec4fede5c73e5430c95093d6bea,3024,4032,CC0,Iudexvivorum
56264535,nakprok,unresolved:nakprok:f4e43216a01b,text_search,"""Mucilinda in Thailand""",File:Chao Sam Phraya Museum - 2017-02-13 (053).jpg,https://commons.wikimedia.org/wiki/File:Chao_Sam_Phraya_Museum_-_2017-02-13_(053).jpg,https://upload.wikimedia.org/wikipedia/commons/thumb/a/af/Chao_Sam_Phraya_Museum_-_2017-02-13_%28053%29.jpg/1920px-Chao_Sam_Phraya_Museum_-_2017-02-13_%28053%29.jpg,images/nakprok/56264535_Chao_Sam_Phraya_Museum_-_2017-02-13_(053).jpg,2349e84a45f5e16bd96f1f53e8a6358b38167a95,3024,4032,CC0,Iudexvivorum
56264537,nakprok,unresolved:nakprok:4f9b467ad74c,text_search,"""Mucilinda in Thailand""",File:Chao Sam Phraya Museum - 2017-02-13 (051).jpg,https://commons.wikimedia.org/wiki/File:Chao_Sam_Phraya_Museum_-_2017-02-13_(051).jpg,https://upload.wikimedia.org/wikipedia/commons/thumb/8/82/Chao_Sam_Phraya_Museum_-_2017-02-13_%28051%29.jpg/1920px-Chao_Sam_Phraya_Museum_-_2017-02-13_%28051%29.jpg,images/nakprok/56264537_Chao_Sam_Phraya_Museum_-_2017-02-13_(051).jpg,1df526a64064040125d77b9e1be59d1d11e8a825,3024,4032,CC0,Iudexvivorum
56264539,nakprok,unresolved:nakprok:bb6ef301399d,text_search,"""Mucilinda in Thailand""",File:Chao Sam Phraya Museum - 2017-02-13 (054).jpg,https://commons.wikimedia.org/wiki/File:Chao_Sam_Phraya_Museum_-_2017-02-13_(054).jpg,https://upload.wikimedia.org/wikipedia/commons/thumb/e/ea/Chao_Sam_Phraya_Museum_-_2017-02-13_%28054%29.jpg/1920px-Chao_Sam_Phraya_Museum_-_2017-02-13_%28054%29.jpg,images/nakprok/56264539_Chao_Sam_Phraya_Museum_-_2017-02-13_(054).jpg,c91d6f82b64e503af534caea7cd1165c238759a1,3024,4032,CC0,Iudexvivorum
58879838,nakprok,unresolved:nakprok:4f65acffb743,text_search,"""Mucilinda in Thailand""",File:Wat Traimit - 2017-05-12 (113).jpg,https://commons.wikimedia.org/wiki/File:Wat_Traimit_-_2017-05-12_(113).jpg,https://upload.wikimedia.org/wikipedia/commons/thumb/4/48/Wat_Traimit_-_2017-05-12_%28113%29.jpg/1920px-Wat_Traimit_-_2017-05-12_%28113%29.jpg,images/nakprok/58879838_Wat_Traimit_-_2017-05-12_(113).jpg,64cb967820ffdd1a2c4972859717645e8c52c768,3024,4032,CC0,Iudexvivorum
89325925,nakprok,unresolved:nakprok:2ba76a9cb750,text_search,"""Mucilinda in Thailand""",File:Sala Keoku 9.jpg,https://commons.wikimedia.org/wiki/File:Sala_Keoku_9.jpg,https://upload.wikimedia.org/wikipedia/commons/thumb/4/4e/Sala_Keoku_9.jpg/1920px-Sala_Keoku_9.jpg,images/nakprok/89325925_Sala_Keoku_9.jpg,160872750cb32c578dca6c849b13eeb4142e88d2,3888,5184,CC BY-SA 4.0,Christophe95
137773573,nakprok,unresolved:nakprok:758063be4bf2,text_search,"""Mucilinda in Thailand""",File:(2023) วัดสุทัศนเทพวรารามราชวรมหาวิหาร เขตพระนคร กรุงเทพมหานคร (10).jpg,https://commons.wikimedia.org/wiki/File:(2023)_%E0%B8%A7%E0%B8%B1%E0%B8%94%E0%B8%AA%E0%B8%B8%E0%B8%97%E0%B8%B1%E0%B8%A8%E0%B8%99%E0%B9%80%E0%B8%97%E0%B8%9E%E0%B8%A7%E0%B8%A3%E0%B8%B2%E0%B8%A3%E0%B8%B2%E0%B8%A1%E0%B8%A3%E0%B8%B2%E0%B8%8A%E0%B8%A7%E0%B8%A3%E0%B8%A1%E0%B8%AB%E0%B8%B2%E0%B8%A7%E0%B8%B4%E0%B8%AB%E0%B8%B2%E0%B8%A3_%E0%B9%80%E0%B8%82%E0%B8%95%E0%B8%9E%E0%B8%A3%E0%B8%B0%E0%B8%99%E0%B8%84%E0%B8%A3_%E0%B8%81%E0%B8%A3%E0%B8%B8%E0%B8%87%E0%B9%80%E0%B8%97%E0%B8%9E%E0%B8%A1%E0%B8%AB%E0%B8%B2%E0%B8%99%E0%B8%84%E0%B8%A3_(10).jpg,https://upload.wikimedia.org/wikipedia/commons/thumb/b/ba/%282023%29_%E0%B8%A7%E0%B8%B1%E0%B8%94%E0%B8%AA%E0%B8%B8%E0%B8%97%E0%B8%B1%E0%B8%A8%E0%B8%99%E0%B9%80%E0%B8%97%E0%B8%9E%E0%B8%A7%E0%B8%A3%E0%B8%B2%E0%B8%A3%E0%B8%B2%E0%B8%A1%E0%B8%A3%E0%B8%B2%E0%B8%8A%E0%B8%A7%E0%B8%A3%E0%B8%A1%E0%B8%AB%E0%B8%B2%E0%B8%A7%E0%B8%B4%E0%B8%AB%E0%B8%B2%E0%B8%A3_%E0%B9%80%E0%B8%82%E0%B8%95%E0%B8%9E%E0%B8%A3%E0%B8%B0%E0%B8%99%E0%B8%84%E0%B8%A3_%E0%B8%81%E0%B8%A3%E0%B8%B8%E0%B8%87%E0%B9%80%E0%B8%97%E0%B8%9E%E0%B8%A1%E0%B8%AB%E0%B8%B2%E0%B8%99%E0%B8%84%E0%B8%A3_%2810%29.jpg/1920px-thumbnail.jpg,images/nakprok/137773573_(2023)_วัดสุทัศนเทพวรารามราชวรมหาวิหาร_เขตพระนคร_กรุงเทพมหานคร_(10).jpg,e968d0e090216d3c7d47308955c355e5f6a72b10,3448,4592,CC BY-SA 4.0,กสิณธร ราชโอรส
137773598,nakprok,unresolved:nakprok:6275df23c6a0,text_search,"""Mucilinda in Thailand""",File:(2023) วัดสุทัศนเทพวรารามราชวรมหาวิหาร เขตพระนคร กรุงเทพมหานคร (28).jpg,https://commons.wikimedia.org/wiki/File:(2023)_%E0%B8%A7%E0%B8%B1%E0%B8%94%E0%B8%AA%E0%B8%B8%E0%B8%97%E0%B8%B1%E0%B8%A8%E0%B8%99%E0%B9%80%E0%B8%97%E0%B8%9E%E0%B8%A7%E0%B8%A3%E0%B8%B2%E0%B8%A3%E0%B8%B2%E0%B8%A1%E0%B8%A3%E0%B8%B2%E0%B8%8A%E0%B8%A7%E0%B8%A3%E0%B8%A1%E0%B8%AB%E0%B8%B2%E0%B8%A7%E0%B8%B4%E0%B8%AB%E0%B8%B2%E0%B8%A3_%E0%B9%80%E0%B8%82%E0%B8%95%E0%B8%9E%E0%B8%A3%E0%B8%B0%E0%B8%99%E0%B8%84%E0%B8%A3_%E0%B8%81%E0%B8%A3%E0%B8%B8%E0%B8%87%E0%B9%80%E0%B8%97%E0%B8%9E%E0%B8%A1%E0%B8%AB%E0%B8%B2%E0%B8%99%E0%B8%84%E0%B8%A3_(28).jpg,https://upload.wikimedia.org/wikipedia/commons/thumb/1/1c/%282023%29_%E0%B8%A7%E0%B8%B1%E0%B8%94%E0%B8%AA%E0%B8%B8%E0%B8%97%E0%B8%B1%E0%B8%A8%E0%B8%99%E0%B9%80%E0%B8%97%E0%B8%9E%E0%B8%A7%E0%B8%A3%E0%B8%B2%E0%B8%A3%E0%B8%B2%E0%B8%A1%E0%B8%A3%E0%B8%B2%E0%B8%8A%E0%B8%A7%E0%B8%A3%E0%B8%A1%E0%B8%AB%E0%B8%B2%E0%B8%A7%E0%B8%B4%E0%B8%AB%E0%B8%B2%E0%B8%A3_%E0%B9%80%E0%B8%82%E0%B8%95%E0%B8%9E%E0%B8%A3%E0%B8%B0%E0%B8%99%E0%B8%84%E0%B8%A3_%E0%B8%81%E0%B8%A3%E0%B8%B8%E0%B8%87%E0%B9%80%E0%B8%97%E0%B8%9E%E0%B8%A1%E0%B8%AB%E0%B8%B2%E0%B8%99%E0%B8%84%E0%B8%A3_%2828%29.jpg/1920px-thumbnail.jpg,images/nakprok/137773598_(2023)_วัดสุทัศนเทพวรารามราชวรมหาวิหาร_เขตพระนคร_กรุงเทพมหานคร_(28).jpg,e5f21ee1e52e66e0b32262a02f1b7dd291d3469d,3448,4592,CC BY-SA 4.0,กสิณธร ราชโอรส
181262937,nakprok,unresolved:nakprok:c374dc440b27,text_search,"""Mucilinda in Thailand""",File:(2023) วัดสุทัศนเทพวรารามราชวรมหาวิหาร เขตพระนคร กรุงเทพมหานคร (28) (close up).jpg,https://commons.wikimedia.org/wiki/File:(2023)_%E0%B8%A7%E0%B8%B1%E0%B8%94%E0%B8%AA%E0%B8%B8%E0%B8%97%E0%B8%B1%E0%B8%A8%E0%B8%99%E0%B9%80%E0%B8%97%E0%B8%9E%E0%B8%A7%E0%B8%A3%E0%B8%B2%E0%B8%A3%E0%B8%B2%E0%B8%A1%E0%B8%A3%E0%B8%B2%E0%B8%8A%E0%B8%A7%E0%B8%A3%E0%B8%A1%E0%B8%AB%E0%B8%B2%E0%B8%A7%E0%B8%B4%E0%B8%AB%E0%B8%B2%E0%B8%A3_%E0%B9%80%E0%B8%82%E0%B8%95%E0%B8%9E%E0%B8%A3%E0%B8%B0%E0%B8%99%E0%B8%84%E0%B8%A3_%E0%B8%81%E0%B8%A3%E0%B8%B8%E0%B8%87%E0%B9%80%E0%B8%97%E0%B8%9E%E0%B8%A1%E0%B8%AB%E0%B8%B2%E0%B8%99%E0%B8%84%E0%B8%A3_(28)_(close_up).jpg,https://upload.wikimedia.org/wikipedia/commons/thumb/4/44/%282023%29_%E0%B8%A7%E0%B8%B1%E0%B8%94%E0%B8%AA%E0%B8%B8%E0%B8%97%E0%B8%B1%E0%B8%A8%E0%B8%99%E0%B9%80%E0%B8%97%E0%B8%9E%E0%B8%A7%E0%B8%A3%E0%B8%B2%E0%B8%A3%E0%B8%B2%E0%B8%A1%E0%B8%A3%E0%B8%B2%E0%B8%8A%E0%B8%A7%E0%B8%A3%E0%B8%A1%E0%B8%AB%E0%B8%B2%E0%B8%A7%E0%B8%B4%E0%B8%AB%E0%B8%B2%E0%B8%A3_%E0%B9%80%E0%B8%82%E0%B8%95%E0%B8%9E%E0%B8%A3%E0%B8%B0%E0%B8%99%E0%B8%84%E0%B8%A3_%E0%B8%81%E0%B8%A3%E0%B8%B8%E0%B8%87%E0%B9%80%E0%B8%97%E0%B8%9E%E0%B8%A1%E0%B8%AB%E0%B8%B2%E0%B8%99%E0%B8%84%E0%B8%A3_%2828%29_%28close_up%29.jpg/1920px-thumbnail.jpg,images/nakprok/181262937_(2023)_วัดสุทัศนเทพวรารามราชวรมหาวิหาร_เขตพระนคร_กรุงเทพมหานคร_(28)_(close_up).jpg,2a61ac0b3ebc5c6ef80091421acd5e517f943b4a,3442,3214,CC BY-SA 4.0,กสิณธร ราชโอรส
6255816,prathanphon,unresolved:prathanphon:e2d14b1cf7c6,text_search,ปางประทานพร พระพุทธรูป,File:Dhammikarama-Burmese-Temple-Standing-Buddha-Mar-2001-00.JPG,https://commons.wikimedia.org/wiki/File:Dhammikarama-Burmese-Temple-Standing-Buddha-Mar-2001-00.JPG,https://upload.wikimedia.org/wikipedia/commons/e/e3/Dhammikarama-Burmese-Temple-Standing-Buddha-Mar-2001-00.JPG,images/prathanphon/6255816_Dhammikarama-Burmese-Temple-Standing-Buddha-Mar-2001-00.jpg,a054ffe6f010816257a316c6a98e471f99a9daea,768,1024,CC BY-SA 3.0,Acred99
21256985,prathanphon,unresolved:prathanphon:312f38975971,text_search,ปางประทานพร พระพุทธรูป,File:Standing Buddha!.JPG,https://commons.wikimedia.org/wiki/File:Standing_Buddha!.JPG,https://upload.wikimedia.org/wikipedia/commons/thumb/3/32/Standing_Buddha%21.JPG/1920px-Standing_Buddha%21.JPG,images/prathanphon/21256985_Standing_Buddha!.jpg,b9ae83549cb76f1204e3a9ebe9364b44c686b7e7,3888,2592,CC BY-SA 3.0,Sandeepramamurthi
30702717,prathanphon,unresolved:prathanphon:2fd1f61b279f,text_search,ปางประทานพร พระพุทธรูป,"File:Standing Buddha, National Museum, New Delhi.jpg","https://commons.wikimedia.org/wiki/File:Standing_Buddha,_National_Museum,_New_Delhi.jpg",https://upload.wikimedia.org/wikipedia/commons/e/e1/Standing_Buddha%2C_National_Museum%2C_New_Delhi.jpg,"images/prathanphon/30702717_Standing_Buddha,_National_Museum,_New_Delhi.jpg",35c4b35a04d53728456e484ff7dc5ce7fb40f5a0,575,1024,CC BY-SA 3.0,Anwaraj
59879669,prathanphon,unresolved:prathanphon:9b8ee9319416,text_search,ปางประทานพร พระพุทธรูป,"File:041 Standing Buddha 1, 13c, Lopburi (34408704404).jpg","https://commons.wikimedia.org/wiki/File:041_Standing_Buddha_1,_13c,_Lopburi_(34408704404).jpg",https://upload.wikimedia.org/wikipedia/commons/thumb/c/c1/041_Standing_Buddha_1%2C_13c%2C_Lopburi_%2834408704404%29.jpg/1920px-041_Standing_Buddha_1%2C_13c%2C_Lopburi_%2834408704404%29.jpg,"images/prathanphon/59879669_041_Standing_Buddha_1,_13c,_Lopburi_(34408704404).jpg",10e4361b635ce7114c492af94e928fc2c08aaa3c,2547,5858,CC BY 2.0,"Photo Dharma from Sadao, Thailand"
59879686,prathanphon,unresolved:prathanphon:9abcdea933f8,text_search,ปางประทานพร พระพุทธรูป,"File:044 Standing Buddha 3, 13c, Lopburi (34865451300).jpg","https://commons.wikimedia.org/wiki/File:044_Standing_Buddha_3,_13c,_Lopburi_(34865451300).jpg",https://upload.wikimedia.org/wikipedia/commons/thumb/4/4e/044_Standing_Buddha_3%2C_13c%2C_Lopburi_%2834865451300%29.jpg/1920px-044_Standing_Buddha_3%2C_13c%2C_Lopburi_%2834865451300%29.jpg,"images/prathanphon/59879686_044_Standing_Buddha_3,_13c,_Lopburi_(34865451300).jpg",eaa6e3ab364d6cba276a04567d456af919b0e116,2290,6000,CC BY 2.0,"Photo Dharma from Sadao, Thailand"
59879773,prathanphon,unresolved:prathanphon:4b880753b633,text_search,ปางประทานพร พระพุทธรูป,"File:098 Standing Crowned Buddha, 16c, Ayutthaya (35122822921).jpg","https://commons.wikimedia.org/wiki/File:098_Standing_Crowned_Buddha,_16c,_Ayutthaya_(35122822921).jpg",https://upload.wikimedia.org/wikipedia/commons/thumb/e/ec/098_Standing_Crowned_Buddha%2C_16c%2C_Ayutthaya_%2835122822921%29.jpg/1920px-098_Standing_Crowned_Buddha%2C_16c%2C_Ayutthaya_%2835122822921%29.jpg,"images/prathanphon/59879773_098_Standing_Crowned_Buddha,_16c,_Ayutthaya_(35122822921).jpg",a74beeb27a994bcb0e5dcc32f4587556d8d09d09,2513,5599,CC BY 2.0,"Photo Dharma from Sadao, Thailand"
59879777,prathanphon,unresolved:prathanphon:4e38ca5e38b4,text_search,ปางประทานพร พระพุทธรูป,"File:097 Standing Crowned Buddha, 16c, Ayutthaya (35122825211).jpg","https://commons.wikimedia.org/wiki/File:097_Standing_Crowned_Buddha,_16c,_Ayutthaya_(35122825211).jpg",https://upload.wikimedia.org/wikipedia/commons/thumb/e/ec/097_Standing_Crowned_Buddha%2C_16c%2C_Ayutthaya_%2835122825211%29.jpg/1920px-097_Standing_Crowned_Buddha%2C_16c%2C_Ayutthaya_%2835122825211%29.jpg,"images/prathanphon/59879777_097_Standing_Crowned_Buddha,_16c,_Ayutthaya_(35122825211).jpg",232305a59e7b10a4eed835c7bef941bb89e06a22,2519,5344,CC BY 2.0,"Photo Dharma from Sadao, Thailand"
59879782,prathanphon,unresolved:prathanphon:e0b905292faf,text_search,ปางประทานพร พระพุทธรูป,"File:100 Standing Crowned Buddha, 17c, Ayutthaya (35122819481).jpg","https://commons.wikimedia.org/wiki/File:100_Standing_Crowned_Buddha,_17c,_Ayutthaya_(35122819481).jpg",https://upload.wikimedia.org/wikipedia/commons/thumb/3/3a/100_Standing_Crowned_Buddha%2C_17c%2C_Ayutthaya_%2835122819481%29.jpg/1920px-100_Standing_Crowned_Buddha%2C_17c%2C_Ayutthaya_%2835122819481%29.jpg,"images/prathanphon/59879782_100_Standing_Crowned_Buddha,_17c,_Ayutthaya_(35122819481).jpg",21ce6f543f55f1bab400697966af1974c3c2a5df,2028,5977,CC BY 2.0,"Photo Dharma from Sadao, Thailand"
62498678,prathanphon,unresolved:prathanphon:b8784bb98f66,text_search,ปางประทานพร พระพุทธรูป,File:Standing Buddha Guimet MA8146 n02.jpg,https://commons.wikimedia.org/wiki/File:Standing_Buddha_Guimet_MA8146_n02.jpg,https://upload.wikimedia.org/wikipedia/commons/thumb/3/31/Standing_Buddha_Guimet_MA8146_n02.jpg/1920px-Standing_Buddha_Guimet_MA8146_n02.jpg,images/prathanphon/62498678_Standing_Buddha_Guimet_MA8146_n02.jpg,a720e539eeac9f9bb4421c29eb40599a46b5a751,4531,6789,Public domain,Marie-Lan Nguyen
62498679,prathanphon,unresolved:prathanphon:6171d3828aed,text_search,ปางประทานพร พระพุทธรูป,File:Standing Buddha Guimet MA8146 n01.jpg,https://commons.wikimedia.org/wiki/File:Standing_Buddha_Guimet_MA8146_n01.jpg,https://upload.wikimedia.org/wikipedia/commons/thumb/d/dd/Standing_Buddha_Guimet_MA8146_n01.jpg/1920px-Standing_Buddha_Guimet_MA8146_n01.jpg,images/prathanphon/62498679_Standing_Buddha_Guimet_MA8146_n01.jpg,34087d644d8daf9fb9ed9b7091d3e8825959e81c,4754,7125,Public domain,Marie-Lan Nguyen
62877062,prathanphon,unresolved:prathanphon:53a2e555f68a,text_search,ปางประทานพร พระพุทธรูป,File:Standing Buddha in Dehradun.jpg,https://commons.wikimedia.org/wiki/File:Standing_Buddha_in_Dehradun.jpg,https://upload.wikimedia.org/wikipedia/commons/0/0b/Standing_Buddha_in_Dehradun.jpg,images/prathanphon/62877062_Standing_Buddha_in_Dehradun.jpg,55c22111c69295e4063dc1b99430161a01bfb5be,1200,1600,CC BY-SA 4.0,Saptarshi Kayal
82984471,prathanphon,unresolved:prathanphon:02a092f4f6ac,text_search,ปางประทานพร พระพุทธรูป,File:Standing Buddha in Pyi Lone Chamtha Pagoda.jpg,https://commons.wikimedia.org/wiki/File:Standing_Buddha_in_Pyi_Lone_Chamtha_Pagoda.jpg,https://upload.wikimedia.org/wikipedia/commons/thumb/2/2d/Standing_Buddha_in_Pyi_Lone_Chamtha_Pagoda.jpg/1920px-Standing_Buddha_in_Pyi_Lone_Chamtha_Pagoda.jpg,images/prathanphon/82984471_Standing_Buddha_in_Pyi_Lone_Chamtha_Pagoda.jpg,874072d8683f13e60e1aba2ebd67aa5b2916dff9,3888,5184,CC BY-SA 4.0,Christophe95
86235111,prathanphon,unresolved:prathanphon:e76aeb37ca53,text_search,ปางประทานพร พระพุทธรูป,File:Standing Buddha statue.jpg,https://commons.wikimedia.org/wiki/File:Standing_Buddha_statue.jpg,https://upload.wikimedia.org/wikipedia/commons/8/8d/Standing_Buddha_statue.jpg,images/prathanphon/86235111_Standing_Buddha_statue.jpg,bae127d6d59c83e73415b69ebb107b137fc38636,720,720,CC BY-SA 4.0,Sona Shrestha
95210557,prathanphon,unresolved:prathanphon:3fe0d72fab3f,text_search,ปางประทานพร พระพุทธรูป,File:Standing Buddha Guimet MA6284.jpg,https://commons.wikimedia.org/wiki/File:Standing_Buddha_Guimet_MA6284.jpg,https://upload.wikimedia.org/wikipedia/commons/thumb/f/f5/Standing_Buddha_Guimet_MA6284.jpg/1920px-Standing_Buddha_Guimet_MA6284.jpg,images/prathanphon/95210557_Standing_Buddha_Guimet_MA6284.jpg,f43aed215ceff2f0473cbd13610fbff1cb7929dc,4000,6000,Public domain,Marie-Lan Nguyen
98518484,prathanphon,unresolved:prathanphon:30e6f0118b93,text_search,ปางประทานพร พระพุทธรูป,"File:Bagan, Myanmar, Standing Buddha in Ananda Temple.jpg","https://commons.wikimedia.org/wiki/File:Bagan,_Myanmar,_Standing_Buddha_in_Ananda_Temple.jpg",https://upload.wikimedia.org/wikipedia/commons/thumb/8/8c/Bagan%2C_Myanmar%2C_Standing_Buddha_in_Ananda_Temple.jpg/1920px-Bagan%2C_Myanmar%2C_Standing_Buddha_in_Ananda_Temple.jpg,"images/prathanphon/98518484_Bagan,_Myanmar,_Standing_Buddha_in_Ananda_Temple.jpg",7bad22e5c846b25823f795ad1bb771ebca2ad013,4000,3000,CC BY 4.0,Vyacheslav Argenberg
101612289,prathanphon,unresolved:prathanphon:40026761056b,text_search,ปางประทานพร พระพุทธรูป,File:Standing Buddha Varanasi.jpg,https://commons.wikimedia.org/wiki/File:Standing_Buddha_Varanasi.jpg,https://upload.wikimedia.org/wikipedia/commons/a/ac/Standing_Buddha_Varanasi.jpg,images/prathanphon/101612289_Standing_Buddha_Varanasi.jpg,ce64ff2435d16b3bdcba4752445d211c61e3aa3d,810,1440,CC BY-SA 4.0,Captainvyom20
146898245,prathanphon,unresolved:prathanphon:d6a3256f29af,text_search,ปางประทานพร พระพุทธรูป,"File:042 Standing Buddha in Bronze, Brahmavihara Monastery, Melaka, Malaysia, photograph by Anandajoti Bhikkhu.jpg","https://commons.wikimedia.org/wiki/File:042_Standing_Buddha_in_Bronze,_Brahmavihara_Monastery,_Melaka,_Malaysia,_photograph_by_Anandajoti_Bhikkhu.jpg",https://upload.wikimedia.org/wikipedia/commons/e/e9/042_Standing_Buddha_in_Bronze%2C_Brahmavihara_Monastery%2C_Melaka%2C_Malaysia%2C_photograph_by_Anandajoti_Bhikkhu.jpg,"images/prathanphon/146898245_042_Standing_Buddha_in_Bronze,_Brahmavihara_Monastery,_Melaka,_Malaysia,_photograph_by_Anandajoti_Bh.jpg",8fadef7ed966e61082ac0af9d8ede881ee3394c0,1662,5461,CC BY-SA 4.0,Anandajoti
178765263,prathanphon,unresolved:prathanphon:b09d77b0decd,text_search,ปางประทานพร พระพุทธรูป,"File:Sandstone standing Buddha, British Museum 01.jpg","https://commons.wikimedia.org/wiki/File:Sandstone_standing_Buddha,_British_Museum_01.jpg",https://upload.wikimedia.org/wikipedia/commons/thumb/9/90/Sandstone_standing_Buddha%2C_British_Museum_01.jpg/1920px-Sandstone_standing_Buddha%2C_British_Museum_01.jpg,"images/prathanphon/178765263_Sandstone_standing_Buddha,_British_Museum_01.jpg",7920195fb5d968955ade0f806190923fb66c2e0b,2666,4749,CC0,14GTR
178765264,prathanphon,unresolved:prathanphon:42f663c756c2,text_search,ปางประทานพร พระพุทธรูป,"File:Sandstone standing Buddha, British Museum 02.jpg","https://commons.wikimedia.org/wiki/File:Sandstone_standing_Buddha,_British_Museum_02.jpg",https://upload.wikimedia.org/wikipedia/commons/thumb/e/e5/Sandstone_standing_Buddha%2C_British_Museum_02.jpg/1920px-Sandstone_standing_Buddha%2C_British_Museum_02.jpg,"images/prathanphon/178765264_Sandstone_standing_Buddha,_British_Museum_02.jpg",c65df5f3d527048936a7504cb252941ad51dad91,2568,4462,CC0,14GTR
93329361,prathanphon,unresolved:prathanphon:ff53f1f64f80,text_search,"""พระพุทธรูปปางประทานพร""",File:วัดลาดทราย2.jpg,https://commons.wikimedia.org/wiki/File:%E0%B8%A7%E0%B8%B1%E0%B8%94%E0%B8%A5%E0%B8%B2%E0%B8%94%E0%B8%97%E0%B8%A3%E0%B8%B2%E0%B8%A22.jpg,https://upload.wikimedia.org/wikipedia/commons/e/ee/%E0%B8%A7%E0%B8%B1%E0%B8%94%E0%B8%A5%E0%B8%B2%E0%B8%94%E0%B8%97%E0%B8%A3%E0%B8%B2%E0%B8%A22.jpg,images/prathanphon/93329361_วัดลาดทราย2.jpg,46366cdeac8255d0f55a325d401b7fe841d3f7f0,397,656,CC BY-SA 4.0,Samuraikingbook
123206643,prathanphon,unresolved:prathanphon:2aa4410fe9f6,text_search,"""พระพุทธรูปปางประทานพร""",File:วัดพระธาตุเขาน้อย-2.jpg,https://commons.wikimedia.org/wiki/File:%E0%B8%A7%E0%B8%B1%E0%B8%94%E0%B8%9E%E0%B8%A3%E0%B8%B0%E0%B8%98%E0%B8%B2%E0%B8%95%E0%B8%B8%E0%B9%80%E0%B8%82%E0%B8%B2%E0%B8%99%E0%B9%89%E0%B8%AD%E0%B8%A2-2.jpg,https://upload.wikimedia.org/wikipedia/commons/thumb/1/1d/%E0%B8%A7%E0%B8%B1%E0%B8%94%E0%B8%9E%E0%B8%A3%E0%B8%B0%E0%B8%98%E0%B8%B2%E0%B8%95%E0%B8%B8%E0%B9%80%E0%B8%82%E0%B8%B2%E0%B8%99%E0%B9%89%E0%B8%AD%E0%B8%A2-2.jpg/1920px-%E0%B8%A7%E0%B8%B1%E0%B8%94%E0%B8%9E%E0%B8%A3%E0%B8%B0%E0%B8%98%E0%B8%B2%E0%B8%95%E0%B8%B8%E0%B9%80%E0%B8%82%E0%B8%B2%E0%B8%99%E0%B9%89%E0%B8%AD%E0%B8%A2-2.jpg,images/prathanphon/123206643_วัดพระธาตุเขาน้อย-2.jpg,63b5863842ff11b7767c6b84282e089b838821ca,3744,2106,CC BY-SA 4.0,Yakuzakorat
123206656,prathanphon,unresolved:prathanphon:57f767e947bc,text_search,"""พระพุทธรูปปางประทานพร""",File:วัดพระธาตุเขาน้อย--1.jpg,https://commons.wikimedia.org/wiki/File:%E0%B8%A7%E0%B8%B1%E0%B8%94%E0%B8%9E%E0%B8%A3%E0%B8%B0%E0%B8%98%E0%B8%B2%E0%B8%95%E0%B8%B8%E0%B9%80%E0%B8%82%E0%B8%B2%E0%B8%99%E0%B9%89%E0%B8%AD%E0%B8%A2--1.jpg,https://upload.wikimedia.org/wikipedia/commons/thumb/6/6b/%E0%B8%A7%E0%B8%B1%E0%B8%94%E0%B8%9E%E0%B8%A3%E0%B8%B0%E0%B8%98%E0%B8%B2%E0%B8%95%E0%B8%B8%E0%B9%80%E0%B8%82%E0%B8%B2%E0%B8%99%E0%B9%89%E0%B8%AD%E0%B8%A2--1.jpg/1920px-%E0%B8%A7%E0%B8%B1%E0%B8%94%E0%B8%9E%E0%B8%A3%E0%B8%B0%E0%B8%98%E0%B8%B2%E0%B8%95%E0%B8%B8%E0%B9%80%E0%B8%82%E0%B8%B2%E0%B8%99%E0%B9%89%E0%B8%AD%E0%B8%A2--1.jpg,images/prathanphon/123206656_วัดพระธาตุเขาน้อย--1.jpg,de3685d15dd8bbb06f562c8d4e28f3cd532d2333,5607,3738,CC BY-SA 4.0,Yakuzakorat
123206657,prathanphon,unresolved:prathanphon:99baf23c8860,text_search,"""พระพุทธรูปปางประทานพร""",File:วัดพระธาตุเขาน้อย-3.jpg,https://commons.wikimedia.org/wiki/File:%E0%B8%A7%E0%B8%B1%E0%B8%94%E0%B8%9E%E0%B8%A3%E0%B8%B0%E0%B8%98%E0%B8%B2%E0%B8%95%E0%B8%B8%E0%B9%80%E0%B8%82%E0%B8%B2%E0%B8%99%E0%B9%89%E0%B8%AD%E0%B8%A2-3.jpg,https://upload.wikimedia.org/wikipedia/commons/thumb/3/35/%E0%B8%A7%E0%B8%B1%E0%B8%94%E0%B8%9E%E0%B8%A3%E0%B8%B0%E0%B8%98%E0%B8%B2%E0%B8%95%E0%B8%B8%E0%B9%80%E0%B8%82%E0%B8%B2%E0%B8%99%E0%B9%89%E0%B8%AD%E0%B8%A2-3.jpg/1920px-%E0%B8%A7%E0%B8%B1%E0%B8%94%E0%B8%9E%E0%B8%A3%E0%B8%B0%E0%B8%98%E0%B8%B2%E0%B8%95%E0%B8%B8%E0%B9%80%E0%B8%82%E0%B8%B2%E0%B8%99%E0%B9%89%E0%B8%AD%E0%B8%A2-3.jpg,images/prathanphon/123206657_วัดพระธาตุเขาน้อย-3.jpg,992fc56233c86db010f20f47c256dbc55f85d8fd,7177,4935,CC BY-SA 4.0,Yakuzakorat
123206660,prathanphon,unresolved:prathanphon:c39e99b34c34,text_search,"""พระพุทธรูปปางประทานพร""",File:วัดพระธาตุเขาน้อย-4.jpg,https://commons.wikimedia.org/wiki/File:%E0%B8%A7%E0%B8%B1%E0%B8%94%E0%B8%9E%E0%B8%A3%E0%B8%B0%E0%B8%98%E0%B8%B2%E0%B8%95%E0%B8%B8%E0%B9%80%E0%B8%82%E0%B8%B2%E0%B8%99%E0%B9%89%E0%B8%AD%E0%B8%A2-4.jpg,https://upload.wikimedia.org/wikipedia/commons/thumb/5/52/%E0%B8%A7%E0%B8%B1%E0%B8%94%E0%B8%9E%E0%B8%A3%E0%B8%B0%E0%B8%98%E0%B8%B2%E0%B8%95%E0%B8%B8%E0%B9%80%E0%B8%82%E0%B8%B2%E0%B8%99%E0%B9%89%E0%B8%AD%E0%B8%A2-4.jpg/1920px-%E0%B8%A7%E0%B8%B1%E0%B8%94%E0%B8%9E%E0%B8%A3%E0%B8%B0%E0%B8%98%E0%B8%B2%E0%B8%95%E0%B8%B8%E0%B9%80%E0%B8%82%E0%B8%B2%E0%B8%99%E0%B9%89%E0%B8%AD%E0%B8%A2-4.jpg,images/prathanphon/123206660_วัดพระธาตุเขาน้อย-4.jpg,81dd677b04f12c3f60dcee32f8be132b3a5ec999,7876,5907,CC BY-SA 4.0,Yakuzakorat
123206673,prathanphon,unresolved:prathanphon:6cfb57f2d2f6,text_search,"""พระพุทธรูปปางประทานพร""",File:วัดพระธาตุเขาน้อย-5.jpg,https://commons.wikimedia.org/wiki/File:%E0%B8%A7%E0%B8%B1%E0%B8%94%E0%B8%9E%E0%B8%A3%E0%B8%B0%E0%B8%98%E0%B8%B2%E0%B8%95%E0%B8%B8%E0%B9%80%E0%B8%82%E0%B8%B2%E0%B8%99%E0%B9%89%E0%B8%AD%E0%B8%A2-5.jpg,https://upload.wikimedia.org/wikipedia/commons/thumb/e/eb/%E0%B8%A7%E0%B8%B1%E0%B8%94%E0%B8%9E%E0%B8%A3%E0%B8%B0%E0%B8%98%E0%B8%B2%E0%B8%95%E0%B8%B8%E0%B9%80%E0%B8%82%E0%B8%B2%E0%B8%99%E0%B9%89%E0%B8%AD%E0%B8%A2-5.jpg/1920px-%E0%B8%A7%E0%B8%B1%E0%B8%94%E0%B8%9E%E0%B8%A3%E0%B8%B0%E0%B8%98%E0%B8%B2%E0%B8%95%E0%B8%B8%E0%B9%80%E0%B8%82%E0%B8%B2%E0%B8%99%E0%B9%89%E0%B8%AD%E0%B8%A2-5.jpg,images/prathanphon/123206673_วัดพระธาตุเขาน้อย-5.jpg,2fae0ceb42fe27c4d5b34e0d3f45cc0b25f7db7f,8192,3258,CC BY-SA 4.0,Yakuzakorat
123206674,prathanphon,unresolved:prathanphon:f347d5d1dcd6,text_search,"""พระพุทธรูปปางประทานพร""",File:วัดพระธาตุเขาน้อย-6.jpg,https://commons.wikimedia.org/wiki/File:%E0%B8%A7%E0%B8%B1%E0%B8%94%E0%B8%9E%E0%B8%A3%E0%B8%B0%E0%B8%98%E0%B8%B2%E0%B8%95%E0%B8%B8%E0%B9%80%E0%B8%82%E0%B8%B2%E0%B8%99%E0%B9%89%E0%B8%AD%E0%B8%A2-6.jpg,https://upload.wikimedia.org/wikipedia/commons/thumb/f/f3/%E0%B8%A7%E0%B8%B1%E0%B8%94%E0%B8%9E%E0%B8%A3%E0%B8%B0%E0%B8%98%E0%B8%B2%E0%B8%95%E0%B8%B8%E0%B9%80%E0%B8%82%E0%B8%B2%E0%B8%99%E0%B9%89%E0%B8%AD%E0%B8%A2-6.jpg/1920px-%E0%B8%A7%E0%B8%B1%E0%B8%94%E0%B8%9E%E0%B8%A3%E0%B8%B0%E0%B8%98%E0%B8%B2%E0%B8%95%E0%B8%B8%E0%B9%80%E0%B8%82%E0%B8%B2%E0%B8%99%E0%B9%89%E0%B8%AD%E0%B8%A2-6.jpg,images/prathanphon/123206674_วัดพระธาตุเขาน้อย-6.jpg,592bcab43337fb03a0269fd21070fbce64ba43b3,7658,5744,CC BY-SA 4.0,Yakuzakorat
123206677,prathanphon,unresolved:prathanphon:2bafd4bcac30,text_search,"""พระพุทธรูปปางประทานพร""",File:วัดพระธาตุเขาน้อย-7.jpg,https://commons.wikimedia.org/wiki/File:%E0%B8%A7%E0%B8%B1%E0%B8%94%E0%B8%9E%E0%B8%A3%E0%B8%B0%E0%B8%98%E0%B8%B2%E0%B8%95%E0%B8%B8%E0%B9%80%E0%B8%82%E0%B8%B2%E0%B8%99%E0%B9%89%E0%B8%AD%E0%B8%A2-7.jpg,https://upload.wikimedia.org/wikipedia/commons/thumb/d/d9/%E0%B8%A7%E0%B8%B1%E0%B8%94%E0%B8%9E%E0%B8%A3%E0%B8%B0%E0%B8%98%E0%B8%B2%E0%B8%95%E0%B8%B8%E0%B9%80%E0%B8%82%E0%B8%B2%E0%B8%99%E0%B9%89%E0%B8%AD%E0%B8%A2-7.jpg/1920px-%E0%B8%A7%E0%B8%B1%E0%B8%94%E0%B8%9E%E0%B8%A3%E0%B8%B0%E0%B8%98%E0%B8%B2%E0%B8%95%E0%B8%B8%E0%B9%80%E0%B8%82%E0%B8%B2%E0%B8%99%E0%B9%89%E0%B8%AD%E0%B8%A2-7.jpg,images/prathanphon/123206677_วัดพระธาตุเขาน้อย-7.jpg,0f4f7389eabd4cddf0f074b3695d9e8b952b1283,6784,4816,CC BY-SA 4.0,Yakuzakorat
186219307,prathanphon,unresolved:prathanphon:07a53ffff466,text_search,"""พระพุทธรูปปางประทานพร""",File:WATMAHATTHAI ANGTHONG.jpg,https://commons.wikimedia.org/wiki/File:WATMAHATTHAI_ANGTHONG.jpg,https://upload.wikimedia.org/wikipedia/commons/e/ed/WATMAHATTHAI_ANGTHONG.jpg,images/prathanphon/186219307_WATMAHATTHAI_ANGTHONG.jpg,079b93cc98a89aa508bc62781d2ebadf1cc0ff97,922,943,CC BY-SA 4.0,Raphind
7751748,prathanphon,unresolved:prathanphon:d3e0907552bb,text_search,"""ประทานพร"" พระพุทธรูป",File:HAT YAI MUNICIPAL 417.jpg,https://commons.wikimedia.org/wiki/File:HAT_YAI_MUNICIPAL_417.jpg,https://upload.wikimedia.org/wikipedia/commons/c/cc/HAT_YAI_MUNICIPAL_417.jpg,images/prathanphon/7751748_HAT_YAI_MUNICIPAL_417.jpg,789be37ddf98acacefc43c9894369cb0a1bd0912,432,644,CC BY-SA 3.0,Hannah 50
51667463,prathanphon,unresolved:prathanphon:e00c0e8db526,text_search,"""Luang Pho Chin Prathan Phon""",File:วัดถ้ำเสือ กาญจนบุรี.jpg,https://commons.wikimedia.org/wiki/File:%E0%B8%A7%E0%B8%B1%E0%B8%94%E0%B8%96%E0%B9%89%E0%B8%B3%E0%B9%80%E0%B8%AA%E0%B8%B7%E0%B8%AD_%E0%B8%81%E0%B8%B2%E0%B8%8D%E0%B8%88%E0%B8%99%E0%B8%9A%E0%B8%B8%E0%B8%A3%E0%B8%B5.jpg,https://upload.wikimedia.org/wikipedia/commons/1/1c/%E0%B8%A7%E0%B8%B1%E0%B8%94%E0%B8%96%E0%B9%89%E0%B8%B3%E0%B9%80%E0%B8%AA%E0%B8%B7%E0%B8%AD_%E0%B8%81%E0%B8%B2%E0%B8%8D%E0%B8%88%E0%B8%99%E0%B8%9A%E0%B8%B8%E0%B8%A3%E0%B8%B5.jpg,images/prathanphon/51667463_วัดถ้ำเสือ_กาญจนบุรี.jpg,db22abe4c2e6541bc2d5fb92af7338427c704575,1000,667,CC BY-SA 4.0,Jusung
148680564,prathanphon,unresolved:prathanphon:465fdbb8a9d0,text_search,"""Luang Pho Chin Prathan Phon""","File:Wat Tham Suea,Kanchanaburi (5).jpg","https://commons.wikimedia.org/wiki/File:Wat_Tham_Suea,Kanchanaburi_(5).jpg",https://upload.wikimedia.org/wikipedia/commons/thumb/1/17/Wat_Tham_Suea%2CKanchanaburi_%285%29.jpg/1920px-Wat_Tham_Suea%2CKanchanaburi_%285%29.jpg,"images/prathanphon/148680564_Wat_Tham_Suea,Kanchanaburi_(5).jpg",de682803f8723645595e4a1413e7116b6b74ca58,4320,3240,CC BY-SA 4.0,กสิณธร ราชโอรส
148680581,prathanphon,unresolved:prathanphon:e065ebec6f2c,text_search,"""Luang Pho Chin Prathan Phon""","File:Wat Tham Suea,Kanchanaburi (14).jpg","https://commons.wikimedia.org/wiki/File:Wat_Tham_Suea,Kanchanaburi_(14).jpg",https://upload.wikimedia.org/wikipedia/commons/thumb/5/5e/Wat_Tham_Suea%2CKanchanaburi_%2814%29.jpg/1920px-Wat_Tham_Suea%2CKanchanaburi_%2814%29.jpg,"images/prathanphon/148680581_Wat_Tham_Suea,Kanchanaburi_(14).jpg",5cae4ce1272f150a65a6c8abb7f04dba9b105bed,3240,4320,CC BY-SA 4.0,กสิณธร ราชโอรส
148773612,prathanphon,unresolved:prathanphon:92e2ff9a234a,text_search,"""Luang Pho Chin Prathan Phon""","File:Wat Tham Suea,Kanchanaburi (57).jpg","https://commons.wikimedia.org/wiki/File:Wat_Tham_Suea,Kanchanaburi_(57).jpg",https://upload.wikimedia.org/wikipedia/commons/thumb/b/b9/Wat_Tham_Suea%2CKanchanaburi_%2857%29.jpg/1920px-Wat_Tham_Suea%2CKanchanaburi_%2857%29.jpg,"images/prathanphon/148773612_Wat_Tham_Suea,Kanchanaburi_(57).jpg",c7a0ce8dea4a6f7d268ce2fc13ae88bfdb626a97,3240,4320,CC BY-SA 4.0,กสิณธร ราชโอรส
148773681,prathanphon,unresolved:prathanphon:ac758e6dc275,text_search,"""Luang Pho Chin Prathan Phon""","File:Wat Tham Suea,Kanchanaburi (79).jpg","https://commons.wikimedia.org/wiki/File:Wat_Tham_Suea,Kanchanaburi_(79).jpg",https://upload.wikimedia.org/wikipedia/commons/thumb/9/9d/Wat_Tham_Suea%2CKanchanaburi_%2879%29.jpg/1920px-Wat_Tham_Suea%2CKanchanaburi_%2879%29.jpg,"images/prathanphon/148773681_Wat_Tham_Suea,Kanchanaburi_(79).jpg",ddb934152749730f4b2f4d646b6c6f1bfbf079da,4592,3448,CC BY-SA 4.0,กสิณธร ราชโอรส
