"page_id","candidate_label","statue_id","source_type","source_query","commons_title","commons_page_url","download_url","local_path","sha1","width","height","license","author","cropper_key"
"14534125","samathi","Emerald Buddha","category","Category:Emerald Buddha","File:Emerald Buddah Bangkok.jpg","https://commons.wikimedia.org/wiki/File:Emerald_Buddah_Bangkok.jpg","https://upload.wikimedia.org/wikipedia/commons/9/9b/Emerald_Buddah_Bangkok.jpg","images/samathi/14534125_Emerald_Buddah_Bangkok.jpg","8e3d18f7add4513a32d0627d609f1456fb268bf8","1247","1149","CC0","Russell Wade","batch22/samathi/14534125_Emerald_Buddah_Bangkok.jpg"
"123334815","samathi","Emerald Buddha","category","Category:Emerald Buddha","File:(2022) พระบรมมหาราชวังและวัดพระศรีรัตนศาสดาราม เขตพระนคร กรุงเทพมหานคร (34).jpg","https://commons.wikimedia.org/wiki/File:(2022)_%E0%B8%9E%E0%B8%A3%E0%B8%B0%E0%B8%9A%E0%B8%A3%E0%B8%A1%E0%B8%A1%E0%B8%AB%E0%B8%B2%E0%B8%A3%E0%B8%B2%E0%B8%8A%E0%B8%A7%E0%B8%B1%E0%B8%87%E0%B9%81%E0%B8%A5%E0%B8%B0%E0%B8%A7%E0%B8%B1%E0%B8%94%E0%B8%9E%E0%B8%A3%E0%B8%B0%E0%B8%A8%E0%B8%A3%E0%B8%B5%E0%B8%A3%E0%B8%B1%E0%B8%95%E0%B8%99%E0%B8%A8%E0%B8%B2%E0%B8%AA%E0%B8%94%E0%B8%B2%E0%B8%A3%E0%B8%B2%E0%B8%A1_%E0%B9%80%E0%B8%82%E0%B8%95%E0%B8%9E%E0%B8%A3%E0%B8%B0%E0%B8%99%E0%B8%84%E0%B8%A3_%E0%B8%81%E0%B8%A3%E0%B8%B8%E0%B8%87%E0%B9%80%E0%B8%97%E0%B8%9E%E0%B8%A1%E0%B8%AB%E0%B8%B2%E0%B8%99%E0%B8%84%E0%B8%A3_(34).jpg","https://upload.wikimedia.org/wikipedia/commons/thumb/6/61/%282022%29_%E0%B8%9E%E0%B8%A3%E0%B8%B0%E0%B8%9A%E0%B8%A3%E0%B8%A1%E0%B8%A1%E0%B8%AB%E0%B8%B2%E0%B8%A3%E0%B8%B2%E0%B8%8A%E0%B8%A7%E0%B8%B1%E0%B8%87%E0%B9%81%E0%B8%A5%E0%B8%B0%E0%B8%A7%E0%B8%B1%E0%B8%94%E0%B8%9E%E0%B8%A3%E0%B8%B0%E0%B8%A8%E0%B8%A3%E0%B8%B5%E0%B8%A3%E0%B8%B1%E0%B8%95%E0%B8%99%E0%B8%A8%E0%B8%B2%E0%B8%AA%E0%B8%94%E0%B8%B2%E0%B8%A3%E0%B8%B2%E0%B8%A1_%E0%B9%80%E0%B8%82%E0%B8%95%E0%B8%9E%E0%B8%A3%E0%B8%B0%E0%B8%99%E0%B8%84%E0%B8%A3_%E0%B8%81%E0%B8%A3%E0%B8%B8%E0%B8%87%E0%B9%80%E0%B8%97%E0%B8%9E%E0%B8%A1%E0%B8%AB%E0%B8%B2%E0%B8%99%E0%B8%84%E0%B8%A3_%2834%29.jpg/1920px-thumbnail.jpg","images/samathi/123334815_(2022)_พระบรมมหาราชวังและวัดพระศรีรัตนศาสดาราม_เขตพระนคร_กรุงเทพมหานคร_(34).jpg","8865345f711a5a3c13cc3c7c032087dcc4a3ddfd","4000","6000","CC BY-SA 4.0","กสิณธร ราชโอรส","batch22/samathi/123334815_(2022)_พระบรมมหาราชวังและวัดพระศรีรัตนศาสดาราม_เขตพระนคร_กรุงเทพมหานคร_(34).jpg"
"123334850","samathi","Emerald Buddha","category","Category:Emerald Buddha","File:(2022) พระบรมมหาราชวังและวัดพระศรีรัตนศาสดาราม เขตพระนคร กรุงเทพมหานคร (48).jpg","https://commons.wikimedia.org/wiki/File:(2022)_%E0%B8%9E%E0%B8%A3%E0%B8%B0%E0%B8%9A%E0%B8%A3%E0%B8%A1%E0%B8%A1%E0%B8%AB%E0%B8%B2%E0%B8%A3%E0%B8%B2%E0%B8%8A%E0%B8%A7%E0%B8%B1%E0%B8%87%E0%B9%81%E0%B8%A5%E0%B8%B0%E0%B8%A7%E0%B8%B1%E0%B8%94%E0%B8%9E%E0%B8%A3%E0%B8%B0%E0%B8%A8%E0%B8%A3%E0%B8%B5%E0%B8%A3%E0%B8%B1%E0%B8%95%E0%B8%99%E0%B8%A8%E0%B8%B2%E0%B8%AA%E0%B8%94%E0%B8%B2%E0%B8%A3%E0%B8%B2%E0%B8%A1_%E0%B9%80%E0%B8%82%E0%B8%95%E0%B8%9E%E0%B8%A3%E0%B8%B0%E0%B8%99%E0%B8%84%E0%B8%A3_%E0%B8%81%E0%B8%A3%E0%B8%B8%E0%B8%87%E0%B9%80%E0%B8%97%E0%B8%9E%E0%B8%A1%E0%B8%AB%E0%B8%B2%E0%B8%99%E0%B8%84%E0%B8%A3_(48).jpg","https://upload.wikimedia.org/wikipedia/commons/thumb/1/10/%282022%29_%E0%B8%9E%E0%B8%A3%E0%B8%B0%E0%B8%9A%E0%B8%A3%E0%B8%A1%E0%B8%A1%E0%B8%AB%E0%B8%B2%E0%B8%A3%E0%B8%B2%E0%B8%8A%E0%B8%A7%E0%B8%B1%E0%B8%87%E0%B9%81%E0%B8%A5%E0%B8%B0%E0%B8%A7%E0%B8%B1%E0%B8%94%E0%B8%9E%E0%B8%A3%E0%B8%B0%E0%B8%A8%E0%B8%A3%E0%B8%B5%E0%B8%A3%E0%B8%B1%E0%B8%95%E0%B8%99%E0%B8%A8%E0%B8%B2%E0%B8%AA%E0%B8%94%E0%B8%B2%E0%B8%A3%E0%B8%B2%E0%B8%A1_%E0%B9%80%E0%B8%82%E0%B8%95%E0%B8%9E%E0%B8%A3%E0%B8%B0%E0%B8%99%E0%B8%84%E0%B8%A3_%E0%B8%81%E0%B8%A3%E0%B8%B8%E0%B8%87%E0%B9%80%E0%B8%97%E0%B8%9E%E0%B8%A1%E0%B8%AB%E0%B8%B2%E0%B8%99%E0%B8%84%E0%B8%A3_%2848%29.jpg/1920px-thumbnail.jpg","images/samathi/123334850_(2022)_พระบรมมหาราชวังและวัดพระศรีรัตนศาสดาราม_เขตพระนคร_กรุงเทพมหานคร_(48).jpg","aa277952c0a8c7a8b5abd3caaddf25fe7e233e2d","4592","3448","CC BY-SA 4.0","กสิณธร ราชโอรส","batch22/samathi/123334850_(2022)_พระบรมมหาราชวังและวัดพระศรีรัตนศาสดาราม_เขตพระนคร_กรุงเทพมหานคร_(48).jpg"
"123334874","samathi","Emerald Buddha","category","Category:Emerald Buddha","File:(2022) พระบรมมหาราชวังและวัดพระศรีรัตนศาสดาราม เขตพระนคร กรุงเทพมหานคร (29).jpg","https://commons.wikimedia.org/wiki/File:(2022)_%E0%B8%9E%E0%B8%A3%E0%B8%B0%E0%B8%9A%E0%B8%A3%E0%B8%A1%E0%B8%A1%E0%B8%AB%E0%B8%B2%E0%B8%A3%E0%B8%B2%E0%B8%8A%E0%B8%A7%E0%B8%B1%E0%B8%87%E0%B9%81%E0%B8%A5%E0%B8%B0%E0%B8%A7%E0%B8%B1%E0%B8%94%E0%B8%9E%E0%B8%A3%E0%B8%B0%E0%B8%A8%E0%B8%A3%E0%B8%B5%E0%B8%A3%E0%B8%B1%E0%B8%95%E0%B8%99%E0%B8%A8%E0%B8%B2%E0%B8%AA%E0%B8%94%E0%B8%B2%E0%B8%A3%E0%B8%B2%E0%B8%A1_%E0%B9%80%E0%B8%82%E0%B8%95%E0%B8%9E%E0%B8%A3%E0%B8%B0%E0%B8%99%E0%B8%84%E0%B8%A3_%E0%B8%81%E0%B8%A3%E0%B8%B8%E0%B8%87%E0%B9%80%E0%B8%97%E0%B8%9E%E0%B8%A1%E0%B8%AB%E0%B8%B2%E0%B8%99%E0%B8%84%E0%B8%A3_(29).jpg","https://upload.wikimedia.org/wikipedia/commons/thumb/6/6d/%282022%29_%E0%B8%9E%E0%B8%A3%E0%B8%B0%E0%B8%9A%E0%B8%A3%E0%B8%A1%E0%B8%A1%E0%B8%AB%E0%B8%B2%E0%B8%A3%E0%B8%B2%E0%B8%8A%E0%B8%A7%E0%B8%B1%E0%B8%87%E0%B9%81%E0%B8%A5%E0%B8%B0%E0%B8%A7%E0%B8%B1%E0%B8%94%E0%B8%9E%E0%B8%A3%E0%B8%B0%E0%B8%A8%E0%B8%A3%E0%B8%B5%E0%B8%A3%E0%B8%B1%E0%B8%95%E0%B8%99%E0%B8%A8%E0%B8%B2%E0%B8%AA%E0%B8%94%E0%B8%B2%E0%B8%A3%E0%B8%B2%E0%B8%A1_%E0%B9%80%E0%B8%82%E0%B8%95%E0%B8%9E%E0%B8%A3%E0%B8%B0%E0%B8%99%E0%B8%84%E0%B8%A3_%E0%B8%81%E0%B8%A3%E0%B8%B8%E0%B8%87%E0%B9%80%E0%B8%97%E0%B8%9E%E0%B8%A1%E0%B8%AB%E0%B8%B2%E0%B8%99%E0%B8%84%E0%B8%A3_%2829%29.jpg/1920px-thumbnail.jpg","images/samathi/123334874_(2022)_พระบรมมหาราชวังและวัดพระศรีรัตนศาสดาราม_เขตพระนคร_กรุงเทพมหานคร_(29).jpg","6481b38ae1142a1ae8508743c7a66ae62cef8396","4000","6000","CC BY-SA 4.0","กสิณธร ราชโอรส","batch22/samathi/123334874_(2022)_พระบรมมหาราชวังและวัดพระศรีรัตนศาสดาราม_เขตพระนคร_กรุงเทพมหานคร_(29).jpg"
"131094489","samathi","Emerald Buddha","category","Category:Emerald Buddha","File:Burmese sign at Na Phra Lan Pedestrian Tunnel.jpg","https://commons.wikimedia.org/wiki/File:Burmese_sign_at_Na_Phra_Lan_Pedestrian_Tunnel.jpg","https://upload.wikimedia.org/wikipedia/commons/thumb/1/1e/Burmese_sign_at_Na_Phra_Lan_Pedestrian_Tunnel.jpg/1920px-Burmese_sign_at_Na_Phra_Lan_Pedestrian_Tunnel.jpg","images/samathi/131094489_Burmese_sign_at_Na_Phra_Lan_Pedestrian_Tunnel.jpg","35ac6a0e88bddf025b790b7b151881afd1028f09","3024","4032","CC BY-SA 4.0","Griff88","batch22/samathi/131094489_Burmese_sign_at_Na_Phra_Lan_Pedestrian_Tunnel.jpg"
"5802733","samathi","Jade Buddha of Chiang Rai","category","Category:Jade Buddha of Chiang Rai","File:Chiang Rai-Wat Phra Kaeo-001.jpg","https://commons.wikimedia.org/wiki/File:Chiang_Rai-Wat_Phra_Kaeo-001.jpg","https://upload.wikimedia.org/wikipedia/commons/thumb/6/65/Chiang_Rai-Wat_Phra_Kaeo-001.jpg/1920px-Chiang_Rai-Wat_Phra_Kaeo-001.jpg","images/samathi/5802733_Chiang_Rai-Wat_Phra_Kaeo-001.jpg","631ce36ce7b2085b31bb9073f9a05c8c556ee0d1","2491","3737","CC BY-SA 3.0","Ddalbiez","batch22/samathi/5802733_Chiang_Rai-Wat_Phra_Kaeo-001.jpg"
"61046397","samathi","Jade Buddha of Chiang Rai","category","Category:Jade Buddha of Chiang Rai","File:Wat Phra Kaeo, Chiang Rai - 2017-06-27 (054).jpg","https://commons.wikimedia.org/wiki/File:Wat_Phra_Kaeo,_Chiang_Rai_-_2017-06-27_(054).jpg","https://upload.wikimedia.org/wikipedia/commons/thumb/c/c6/Wat_Phra_Kaeo%2C_Chiang_Rai_-_2017-06-27_%28054%29.jpg/1920px-Wat_Phra_Kaeo%2C_Chiang_Rai_-_2017-06-27_%28054%29.jpg","images/samathi/61046397_Wat_Phra_Kaeo,_Chiang_Rai_-_2017-06-27_(054).jpg","c7d2697d9635effbda91cade1d63da4e02e4b061","4032","3024","CC0","Iudexvivorum","batch22/samathi/61046397_Wat_Phra_Kaeo,_Chiang_Rai_-_2017-06-27_(054).jpg"
"61046398","samathi","Jade Buddha of Chiang Rai","category","Category:Jade Buddha of Chiang Rai","File:Wat Phra Kaeo, Chiang Rai - 2017-06-27 (055).jpg","https://commons.wikimedia.org/wiki/File:Wat_Phra_Kaeo,_Chiang_Rai_-_2017-06-27_(055).jpg","https://upload.wikimedia.org/wikipedia/commons/thumb/6/62/Wat_Phra_Kaeo%2C_Chiang_Rai_-_2017-06-27_%28055%29.jpg/1920px-Wat_Phra_Kaeo%2C_Chiang_Rai_-_2017-06-27_%28055%29.jpg","images/samathi/61046398_Wat_Phra_Kaeo,_Chiang_Rai_-_2017-06-27_(055).jpg","9d445683361de64d58525a035e6cc3d662316adc","3024","4032","CC0","Iudexvivorum","batch22/samathi/61046398_Wat_Phra_Kaeo,_Chiang_Rai_-_2017-06-27_(055).jpg"
"61046399","samathi","Jade Buddha of Chiang Rai","category","Category:Jade Buddha of Chiang Rai","File:Wat Phra Kaeo, Chiang Rai - 2017-06-27 (056).jpg","https://commons.wikimedia.org/wiki/File:Wat_Phra_Kaeo,_Chiang_Rai_-_2017-06-27_(056).jpg","https://upload.wikimedia.org/wikipedia/commons/thumb/f/ff/Wat_Phra_Kaeo%2C_Chiang_Rai_-_2017-06-27_%28056%29.jpg/1920px-Wat_Phra_Kaeo%2C_Chiang_Rai_-_2017-06-27_%28056%29.jpg","images/samathi/61046399_Wat_Phra_Kaeo,_Chiang_Rai_-_2017-06-27_(056).jpg","f4e6daa77e17115df50f7644caafaea83df90e3d","3024","4032","CC0","Iudexvivorum","batch22/samathi/61046399_Wat_Phra_Kaeo,_Chiang_Rai_-_2017-06-27_(056).jpg"
"61046400","samathi","Jade Buddha of Chiang Rai","category","Category:Jade Buddha of Chiang Rai","File:Wat Phra Kaeo, Chiang Rai - 2017-06-27 (057).jpg","https://commons.wikimedia.org/wiki/File:Wat_Phra_Kaeo,_Chiang_Rai_-_2017-06-27_(057).jpg","https://upload.wikimedia.org/wikipedia/commons/thumb/6/61/Wat_Phra_Kaeo%2C_Chiang_Rai_-_2017-06-27_%28057%29.jpg/1920px-Wat_Phra_Kaeo%2C_Chiang_Rai_-_2017-06-27_%28057%29.jpg","images/samathi/61046400_Wat_Phra_Kaeo,_Chiang_Rai_-_2017-06-27_(057).jpg","f54aecfa2b3b6037b0a3f9453fa0967846494373","3024","4032","CC0","Iudexvivorum","batch22/samathi/61046400_Wat_Phra_Kaeo,_Chiang_Rai_-_2017-06-27_(057).jpg"
"51610967","samathi","Phra Phuttha Sihing","category","Category:Phra Phuttha Sihing","File:หอพระสิหิงค์.jpg","https://commons.wikimedia.org/wiki/File:%E0%B8%AB%E0%B8%AD%E0%B8%9E%E0%B8%A3%E0%B8%B0%E0%B8%AA%E0%B8%B4%E0%B8%AB%E0%B8%B4%E0%B8%87%E0%B8%84%E0%B9%8C.jpg","https://upload.wikimedia.org/wikipedia/commons/thumb/5/57/%E0%B8%AB%E0%B8%AD%E0%B8%9E%E0%B8%A3%E0%B8%B0%E0%B8%AA%E0%B8%B4%E0%B8%AB%E0%B8%B4%E0%B8%87%E0%B8%84%E0%B9%8C.jpg/1920px-%E0%B8%AB%E0%B8%AD%E0%B8%9E%E0%B8%A3%E0%B8%B0%E0%B8%AA%E0%B8%B4%E0%B8%AB%E0%B8%B4%E0%B8%87%E0%B8%84%E0%B9%8C.jpg","images/samathi/51610967_หอพระสิหิงค์.jpg","2d5c44a46e0a06a41f145f1b725b073f9d95e374","3456","2304","CC BY-SA 4.0","KOSIN SUKHUM","batch22/samathi/51610967_หอพระสิหิงค์.jpg"
"70165659","samathi","Phra Phuttha Sihing","category","Category:Phra Phuttha Sihing","File:Phra Phuttha Sihing in Wat Ratchapradit.jpg","https://commons.wikimedia.org/wiki/File:Phra_Phuttha_Sihing_in_Wat_Ratchapradit.jpg","https://upload.wikimedia.org/wikipedia/commons/thumb/3/37/Phra_Phuttha_Sihing_in_Wat_Ratchapradit.jpg/1920px-Phra_Phuttha_Sihing_in_Wat_Ratchapradit.jpg","images/samathi/70165659_Phra_Phuttha_Sihing_in_Wat_Ratchapradit.jpg","751f65e8c582bde2ab71289178118b003eac97b9","5144","3674","CC BY 4.0","This Photo was taken by Supanut Arunoprayote.

Feel free to use any of my images, but please mention me as the author and may send me a message.  (สามารถใช้ภาพได้อิสระ แต่กรุณาใส่เครดิตผู้ถ่ายและอาจส่งข้อความบอกกล่าวด้วย) 



Please do not upload an updated image here without consultation with the Author. The author would like to make corrections only at his own source. This ensures that the changes are preserved.Please if you think that any changes should be required, please inform the author.Otherwise you can upload a new image with a new name. Please use one of the templates derivative or extract.","batch22/samathi/70165659_Phra_Phuttha_Sihing_in_Wat_Ratchapradit.jpg"
"87654176","samathi","Phra Phuttha Sihing","category","Category:Phra Phuttha Sihing","File:Phra Phuttha Sihing, Nakhon Si Thammarat (หอพระสิหิงค์).jpg","https://commons.wikimedia.org/wiki/File:Phra_Phuttha_Sihing,_Nakhon_Si_Thammarat_(%E0%B8%AB%E0%B8%AD%E0%B8%9E%E0%B8%A3%E0%B8%B0%E0%B8%AA%E0%B8%B4%E0%B8%AB%E0%B8%B4%E0%B8%87%E0%B8%84%E0%B9%8C).jpg","https://upload.wikimedia.org/wikipedia/commons/8/82/Phra_Phuttha_Sihing%2C_Nakhon_Si_Thammarat_%28%E0%B8%AB%E0%B8%AD%E0%B8%9E%E0%B8%A3%E0%B8%B0%E0%B8%AA%E0%B8%B4%E0%B8%AB%E0%B8%B4%E0%B8%87%E0%B8%84%E0%B9%8C%29.jpg","images/samathi/87654176_Phra_Phuttha_Sihing,_Nakhon_Si_Thammarat_(หอพระสิหิงค์).jpg","27e9e1751c6708bbb14656291adc5b2a2e4a4f6e","513","330","CC BY-SA 4.0","KOSIN SUKHUM","batch22/samathi/87654176_Phra_Phuttha_Sihing,_Nakhon_Si_Thammarat_(หอพระสิหิงค์).jpg"
"187695013","samathi","Phra Phuttha Sihing","category","Category:Phra Phuttha Sihing","File:Phra Phuttha Sihing Replica, Nakhon Si Thammarat.jpg","https://commons.wikimedia.org/wiki/File:Phra_Phuttha_Sihing_Replica,_Nakhon_Si_Thammarat.jpg","https://upload.wikimedia.org/wikipedia/commons/thumb/9/9c/Phra_Phuttha_Sihing_Replica%2C_Nakhon_Si_Thammarat.jpg/1920px-Phra_Phuttha_Sihing_Replica%2C_Nakhon_Si_Thammarat.jpg","images/samathi/187695013_Phra_Phuttha_Sihing_Replica,_Nakhon_Si_Thammarat.jpg","5906714e5b450683fc41beba3d4b2f9d4fb18126","3060","4080","CC BY 4.0","Wutkh","batch22/samathi/187695013_Phra_Phuttha_Sihing_Replica,_Nakhon_Si_Thammarat.jpg"
"53215177","prathanphon","Luang Pho Chin Prathan Phon","category","Category:Luang Pho Chin Prathan Phon","File:Muang Chum, Tha Muang District, Kanchanaburi, Thailand - panoramio (3).jpg","https://commons.wikimedia.org/wiki/File:Muang_Chum,_Tha_Muang_District,_Kanchanaburi,_Thailand_-_panoramio_(3).jpg","https://upload.wikimedia.org/wikipedia/commons/thumb/7/7c/Muang_Chum%2C_Tha_Muang_District%2C_Kanchanaburi%2C_Thailand_-_panoramio_%283%29.jpg/1920px-Muang_Chum%2C_Tha_Muang_District%2C_Kanchanaburi%2C_Thailand_-_panoramio_%283%29.jpg","images/prathanphon/53215177_Muang_Chum,_Tha_Muang_District,_Kanchanaburi,_Thailand_-_panoramio_(3).jpg","6f531ccaf7385ee6b50e5e19de9bbcff9b53469b","2048","1536","CC BY-SA 3.0","Andreyka Q","batch22/prathanphon/53215177_Muang_Chum,_Tha_Muang_District,_Kanchanaburi,_Thailand_-_panoramio_(3).jpg"
"83567790","prathanphon","Luang Pho Chin Prathan Phon","category","Category:Luang Pho Chin Prathan Phon","File:Temple (205827271).jpeg","https://commons.wikimedia.org/wiki/File:Temple_(205827271).jpeg","https://upload.wikimedia.org/wikipedia/commons/thumb/4/44/Temple_%28205827271%29.jpeg/1920px-Temple_%28205827271%29.jpeg","images/prathanphon/83567790_Temple_(205827271).jpg","b10275b4e464f31ff35e87c796b58c4f46d0c133","2048","1365","CC0","Kanchana Naoak","batch22/prathanphon/83567790_Temple_(205827271).jpg"
"83567791","prathanphon","Luang Pho Chin Prathan Phon","category","Category:Luang Pho Chin Prathan Phon","File:Temple (205827189).jpeg","https://commons.wikimedia.org/wiki/File:Temple_(205827189).jpeg","https://upload.wikimedia.org/wikipedia/commons/thumb/f/fc/Temple_%28205827189%29.jpeg/1920px-Temple_%28205827189%29.jpeg","images/prathanphon/83567791_Temple_(205827189).jpg","149c8de75f16a3af54b49ea7df655bcef80e4001","2048","1365","CC0","Kanchana Naoak","batch22/prathanphon/83567791_Temple_(205827189).jpg"
"83747201","prathanphon","Luang Pho Chin Prathan Phon","category","Category:Luang Pho Chin Prathan Phon","File:Big Buddha Wat Tham Seua.jpg","https://commons.wikimedia.org/wiki/File:Big_Buddha_Wat_Tham_Seua.jpg","https://upload.wikimedia.org/wikipedia/commons/6/6e/Big_Buddha_Wat_Tham_Seua.jpg","images/prathanphon/83747201_Big_Buddha_Wat_Tham_Seua.jpg","b594a643e169bd7f383343af26704700bf932a51","693","908","CC BY-SA 4.0","Chainwit.","batch22/prathanphon/83747201_Big_Buddha_Wat_Tham_Seua.jpg"
"148680573","prathanphon","Luang Pho Chin Prathan Phon","category","Category:Luang Pho Chin Prathan Phon","File:Wat Tham Suea,Kanchanaburi (11).jpg","https://commons.wikimedia.org/wiki/File:Wat_Tham_Suea,Kanchanaburi_(11).jpg","https://upload.wikimedia.org/wikipedia/commons/thumb/9/98/Wat_Tham_Suea%2CKanchanaburi_%2811%29.jpg/1920px-Wat_Tham_Suea%2CKanchanaburi_%2811%29.jpg","images/prathanphon/148680573_Wat_Tham_Suea,Kanchanaburi_(11).jpg","ed4071d17b8f97a29b24adabb3569e9fa02461d6","3240","4320","CC BY-SA 4.0","กสิณธร ราชโอรส","batch22/prathanphon/148680573_Wat_Tham_Suea,Kanchanaburi_(11).jpg"
"35362876","samathi","unresolved:samathi:825575b9caf2","text_search","ปางสมาธิ พระพุทธรูป","File:พระมหาพุทธพิมพ์ หรือ หลวงพ่อโต วัดไชโย Phra Maha Buddha Pim or Great Buddha of Wat Chaiyo.jpg","https://commons.wikimedia.org/wiki/File:%E0%B8%9E%E0%B8%A3%E0%B8%B0%E0%B8%A1%E0%B8%AB%E0%B8%B2%E0%B8%9E%E0%B8%B8%E0%B8%97%E0%B8%98%E0%B8%9E%E0%B8%B4%E0%B8%A1%E0%B8%9E%E0%B9%8C_%E0%B8%AB%E0%B8%A3%E0%B8%B7%E0%B8%AD_%E0%B8%AB%E0%B8%A5%E0%B8%A7%E0%B8%87%E0%B8%9E%E0%B9%88%E0%B8%AD%E0%B9%82%E0%B8%95_%E0%B8%A7%E0%B8%B1%E0%B8%94%E0%B9%84%E0%B8%8A%E0%B9%82%E0%B8%A2_Phra_Maha_Buddha_Pim_or_Great_Buddha_of_Wat_Chaiyo.jpg","https://upload.wikimedia.org/wikipedia/commons/2/2e/%E0%B8%9E%E0%B8%A3%E0%B8%B0%E0%B8%A1%E0%B8%AB%E0%B8%B2%E0%B8%9E%E0%B8%B8%E0%B8%97%E0%B8%98%E0%B8%9E%E0%B8%B4%E0%B8%A1%E0%B8%9E%E0%B9%8C_%E0%B8%AB%E0%B8%A3%E0%B8%B7%E0%B8%AD_%E0%B8%AB%E0%B8%A5%E0%B8%A7%E0%B8%87%E0%B8%9E%E0%B9%88%E0%B8%AD%E0%B9%82%E0%B8%95_%E0%B8%A7%E0%B8%B1%E0%B8%94%E0%B9%84%E0%B8%8A%E0%B9%82%E0%B8%A2_Phra_Maha_Buddha_Pim_or_Great_Buddha_of_Wat_Chaiyo.jpg","images/samathi/35362876_พระมหาพุทธพิมพ์_หรือ_หลวงพ่อโต_วัดไชโย_Phra_Maha_Buddha_Pim_or_Great_Buddha_of_Wat_Chaiyo.jpg","19fef52b34bcfdbec716ed12ea29786f4beb121a","720","960","CC BY-SA 3.0","กสิณธร ราชโอรส","batch22/samathi/35362876_พระมหาพุทธพิมพ์_หรือ_หลวงพ่อโต_วัดไชโย_Phra_Maha_Buddha_Pim_or_Great_Buddha_of_Wat_Chaiyo.jpg"
"35749823","samathi","unresolved:samathi:d66f9ee08392","text_search","ปางสมาธิ พระพุทธรูป","File:วัดพนัญเชิงวรวิหาร 2.JPG","https://commons.wikimedia.org/wiki/File:%E0%B8%A7%E0%B8%B1%E0%B8%94%E0%B8%9E%E0%B8%99%E0%B8%B1%E0%B8%8D%E0%B9%80%E0%B8%8A%E0%B8%B4%E0%B8%87%E0%B8%A7%E0%B8%A3%E0%B8%A7%E0%B8%B4%E0%B8%AB%E0%B8%B2%E0%B8%A3_2.JPG","https://upload.wikimedia.org/wikipedia/commons/thumb/b/ba/%E0%B8%A7%E0%B8%B1%E0%B8%94%E0%B8%9E%E0%B8%99%E0%B8%B1%E0%B8%8D%E0%B9%80%E0%B8%8A%E0%B8%B4%E0%B8%87%E0%B8%A7%E0%B8%A3%E0%B8%A7%E0%B8%B4%E0%B8%AB%E0%B8%B2%E0%B8%A3_2.JPG/1920px-%E0%B8%A7%E0%B8%B1%E0%B8%94%E0%B8%9E%E0%B8%99%E0%B8%B1%E0%B8%8D%E0%B9%80%E0%B8%8A%E0%B8%B4%E0%B8%87%E0%B8%A7%E0%B8%A3%E0%B8%A7%E0%B8%B4%E0%B8%AB%E0%B8%B2%E0%B8%A3_2.JPG","images/samathi/35749823_วัดพนัญเชิงวรวิหาร_2.jpg","85fbfc78c7a2edc99912595014d9356a39fdd426","4752","3168","CC BY-SA 3.0","Yakuzakorat","batch22/samathi/35749823_วัดพนัญเชิงวรวิหาร_2.jpg"
"35749825","samathi","unresolved:samathi:3dfb92fbc29f","text_search","ปางสมาธิ พระพุทธรูป","File:วัดพนัญเชิงวรวิหาร 3.JPG","https://commons.wikimedia.org/wiki/File:%E0%B8%A7%E0%B8%B1%E0%B8%94%E0%B8%9E%E0%B8%99%E0%B8%B1%E0%B8%8D%E0%B9%80%E0%B8%8A%E0%B8%B4%E0%B8%87%E0%B8%A7%E0%B8%A3%E0%B8%A7%E0%B8%B4%E0%B8%AB%E0%B8%B2%E0%B8%A3_3.JPG","https://upload.wikimedia.org/wikipedia/commons/thumb/7/7f/%E0%B8%A7%E0%B8%B1%E0%B8%94%E0%B8%9E%E0%B8%99%E0%B8%B1%E0%B8%8D%E0%B9%80%E0%B8%8A%E0%B8%B4%E0%B8%87%E0%B8%A7%E0%B8%A3%E0%B8%A7%E0%B8%B4%E0%B8%AB%E0%B8%B2%E0%B8%A3_3.JPG/1920px-%E0%B8%A7%E0%B8%B1%E0%B8%94%E0%B8%9E%E0%B8%99%E0%B8%B1%E0%B8%8D%E0%B9%80%E0%B8%8A%E0%B8%B4%E0%B8%87%E0%B8%A7%E0%B8%A3%E0%B8%A7%E0%B8%B4%E0%B8%AB%E0%B8%B2%E0%B8%A3_3.JPG","images/samathi/35749825_วัดพนัญเชิงวรวิหาร_3.jpg","df670a7b4abe8c36553b1c0e5665e393f6c7948f","4752","3168","CC BY-SA 3.0","Yakuzakorat","batch22/samathi/35749825_วัดพนัญเชิงวรวิหาร_3.jpg"
"35749826","samathi","unresolved:samathi:9c9b72e6ff4b","text_search","ปางสมาธิ พระพุทธรูป","File:วัดพนัญเชิงวรวิหาร 1.JPG","https://commons.wikimedia.org/wiki/File:%E0%B8%A7%E0%B8%B1%E0%B8%94%E0%B8%9E%E0%B8%99%E0%B8%B1%E0%B8%8D%E0%B9%80%E0%B8%8A%E0%B8%B4%E0%B8%87%E0%B8%A7%E0%B8%A3%E0%B8%A7%E0%B8%B4%E0%B8%AB%E0%B8%B2%E0%B8%A3_1.JPG","https://upload.wikimedia.org/wikipedia/commons/thumb/b/bd/%E0%B8%A7%E0%B8%B1%E0%B8%94%E0%B8%9E%E0%B8%99%E0%B8%B1%E0%B8%8D%E0%B9%80%E0%B8%8A%E0%B8%B4%E0%B8%87%E0%B8%A7%E0%B8%A3%E0%B8%A7%E0%B8%B4%E0%B8%AB%E0%B8%B2%E0%B8%A3_1.JPG/1920px-%E0%B8%A7%E0%B8%B1%E0%B8%94%E0%B8%9E%E0%B8%99%E0%B8%B1%E0%B8%8D%E0%B9%80%E0%B8%8A%E0%B8%B4%E0%B8%87%E0%B8%A7%E0%B8%A3%E0%B8%A7%E0%B8%B4%E0%B8%AB%E0%B8%B2%E0%B8%A3_1.JPG","images/samathi/35749826_วัดพนัญเชิงวรวิหาร_1.jpg","2f828c5987aebbd4dd24ef2ce21eee871d250906","4501","3001","CC BY-SA 3.0","Yakuzakorat","batch22/samathi/35749826_วัดพนัญเชิงวรวิหาร_1.jpg"
"35750090","samathi","unresolved:samathi:e3338adf4ec5","text_search","ปางสมาธิ พระพุทธรูป","File:วัดพนัญเชิงวรวิหาร 5.JPG","https://commons.wikimedia.org/wiki/File:%E0%B8%A7%E0%B8%B1%E0%B8%94%E0%B8%9E%E0%B8%99%E0%B8%B1%E0%B8%8D%E0%B9%80%E0%B8%8A%E0%B8%B4%E0%B8%87%E0%B8%A7%E0%B8%A3%E0%B8%A7%E0%B8%B4%E0%B8%AB%E0%B8%B2%E0%B8%A3_5.JPG","https://upload.wikimedia.org/wikipedia/commons/thumb/3/34/%E0%B8%A7%E0%B8%B1%E0%B8%94%E0%B8%9E%E0%B8%99%E0%B8%B1%E0%B8%8D%E0%B9%80%E0%B8%8A%E0%B8%B4%E0%B8%87%E0%B8%A7%E0%B8%A3%E0%B8%A7%E0%B8%B4%E0%B8%AB%E0%B8%B2%E0%B8%A3_5.JPG/1920px-%E0%B8%A7%E0%B8%B1%E0%B8%94%E0%B8%9E%E0%B8%99%E0%B8%B1%E0%B8%8D%E0%B9%80%E0%B8%8A%E0%B8%B4%E0%B8%87%E0%B8%A7%E0%B8%A3%E0%B8%A7%E0%B8%B4%E0%B8%AB%E0%B8%B2%E0%B8%A3_5.JPG","images/samathi/35750090_วัดพนัญเชิงวรวิหาร_5.jpg","948459bcab449bdbb89861fcafef854090f8aa47","5472","3648","CC BY-SA 3.0","Yakuzakorat","batch22/samathi/35750090_วัดพนัญเชิงวรวิหาร_5.jpg"
"35750095","samathi","unresolved:samathi:b1e9e361827b","text_search","ปางสมาธิ พระพุทธรูป","File:วัดพนัญเชิงวรวิหาร 7.JPG","https://commons.wikimedia.org/wiki/File:%E0%B8%A7%E0%B8%B1%E0%B8%94%E0%B8%9E%E0%B8%99%E0%B8%B1%E0%B8%8D%E0%B9%80%E0%B8%8A%E0%B8%B4%E0%B8%87%E0%B8%A7%E0%B8%A3%E0%B8%A7%E0%B8%B4%E0%B8%AB%E0%B8%B2%E0%B8%A3_7.JPG","https://upload.wikimedia.org/wikipedia/commons/thumb/b/be/%E0%B8%A7%E0%B8%B1%E0%B8%94%E0%B8%9E%E0%B8%99%E0%B8%B1%E0%B8%8D%E0%B9%80%E0%B8%8A%E0%B8%B4%E0%B8%87%E0%B8%A7%E0%B8%A3%E0%B8%A7%E0%B8%B4%E0%B8%AB%E0%B8%B2%E0%B8%A3_7.JPG/1920px-%E0%B8%A7%E0%B8%B1%E0%B8%94%E0%B8%9E%E0%B8%99%E0%B8%B1%E0%B8%8D%E0%B9%80%E0%B8%8A%E0%B8%B4%E0%B8%87%E0%B8%A7%E0%B8%A3%E0%B8%A7%E0%B8%B4%E0%B8%AB%E0%B8%B2%E0%B8%A3_7.JPG","images/samathi/35750095_วัดพนัญเชิงวรวิหาร_7.jpg","db0daa45b631c17f542fa5df23f3a6c56b7e7440","3648","5472","CC BY-SA 3.0","Yakuzakorat","batch22/samathi/35750095_วัดพนัญเชิงวรวิหาร_7.jpg"
"35750096","samathi","unresolved:samathi:b3be32ccb81b","text_search","ปางสมาธิ พระพุทธรูป","File:วัดพนัญเชิงวรวิหาร 9.JPG","https://commons.wikimedia.org/wiki/File:%E0%B8%A7%E0%B8%B1%E0%B8%94%E0%B8%9E%E0%B8%99%E0%B8%B1%E0%B8%8D%E0%B9%80%E0%B8%8A%E0%B8%B4%E0%B8%87%E0%B8%A7%E0%B8%A3%E0%B8%A7%E0%B8%B4%E0%B8%AB%E0%B8%B2%E0%B8%A3_9.JPG","https://upload.wikimedia.org/wikipedia/commons/thumb/1/11/%E0%B8%A7%E0%B8%B1%E0%B8%94%E0%B8%9E%E0%B8%99%E0%B8%B1%E0%B8%8D%E0%B9%80%E0%B8%8A%E0%B8%B4%E0%B8%87%E0%B8%A7%E0%B8%A3%E0%B8%A7%E0%B8%B4%E0%B8%AB%E0%B8%B2%E0%B8%A3_9.JPG/1920px-%E0%B8%A7%E0%B8%B1%E0%B8%94%E0%B8%9E%E0%B8%99%E0%B8%B1%E0%B8%8D%E0%B9%80%E0%B8%8A%E0%B8%B4%E0%B8%87%E0%B8%A7%E0%B8%A3%E0%B8%A7%E0%B8%B4%E0%B8%AB%E0%B8%B2%E0%B8%A3_9.JPG","images/samathi/35750096_วัดพนัญเชิงวรวิหาร_9.jpg","b41e300dd55ce7c73d33e55ecb46260b0d303263","5472","3648","CC BY-SA 3.0","Yakuzakorat","batch22/samathi/35750096_วัดพนัญเชิงวรวิหาร_9.jpg"
"35750097","samathi","unresolved:samathi:bec440afac47","text_search","ปางสมาธิ พระพุทธรูป","File:วัดพนัญเชิงวรวิหาร 8.JPG","https://commons.wikimedia.org/wiki/File:%E0%B8%A7%E0%B8%B1%E0%B8%94%E0%B8%9E%E0%B8%99%E0%B8%B1%E0%B8%8D%E0%B9%80%E0%B8%8A%E0%B8%B4%E0%B8%87%E0%B8%A7%E0%B8%A3%E0%B8%A7%E0%B8%B4%E0%B8%AB%E0%B8%B2%E0%B8%A3_8.JPG","https://upload.wikimedia.org/wikipedia/commons/thumb/f/f0/%E0%B8%A7%E0%B8%B1%E0%B8%94%E0%B8%9E%E0%B8%99%E0%B8%B1%E0%B8%8D%E0%B9%80%E0%B8%8A%E0%B8%B4%E0%B8%87%E0%B8%A7%E0%B8%A3%E0%B8%A7%E0%B8%B4%E0%B8%AB%E0%B8%B2%E0%B8%A3_8.JPG/1920px-%E0%B8%A7%E0%B8%B1%E0%B8%94%E0%B8%9E%E0%B8%99%E0%B8%B1%E0%B8%8D%E0%B9%80%E0%B8%8A%E0%B8%B4%E0%B8%87%E0%B8%A7%E0%B8%A3%E0%B8%A7%E0%B8%B4%E0%B8%AB%E0%B8%B2%E0%B8%A3_8.JPG","images/samathi/35750097_วัดพนัญเชิงวรวิหาร_8.jpg","ba282a88e5818b721735fb8cd8b9a341c89048ac","5472","3648","CC BY-SA 3.0","Yakuzakorat","batch22/samathi/35750097_วัดพนัญเชิงวรวิหาร_8.jpg"
"35750367","samathi","unresolved:samathi:b6e645d51c25","text_search","ปางสมาธิ พระพุทธรูป","File:วัดพนัญเชิงวรวิหาร 6.JPG","https://commons.wikimedia.org/wiki/File:%E0%B8%A7%E0%B8%B1%E0%B8%94%E0%B8%9E%E0%B8%99%E0%B8%B1%E0%B8%8D%E0%B9%80%E0%B8%8A%E0%B8%B4%E0%B8%87%E0%B8%A7%E0%B8%A3%E0%B8%A7%E0%B8%B4%E0%B8%AB%E0%B8%B2%E0%B8%A3_6.JPG","https://upload.wikimedia.org/wikipedia/commons/thumb/d/d3/%E0%B8%A7%E0%B8%B1%E0%B8%94%E0%B8%9E%E0%B8%99%E0%B8%B1%E0%B8%8D%E0%B9%80%E0%B8%8A%E0%B8%B4%E0%B8%87%E0%B8%A7%E0%B8%A3%E0%B8%A7%E0%B8%B4%E0%B8%AB%E0%B8%B2%E0%B8%A3_6.JPG/1920px-%E0%B8%A7%E0%B8%B1%E0%B8%94%E0%B8%9E%E0%B8%99%E0%B8%B1%E0%B8%8D%E0%B9%80%E0%B8%8A%E0%B8%B4%E0%B8%87%E0%B8%A7%E0%B8%A3%E0%B8%A7%E0%B8%B4%E0%B8%AB%E0%B8%B2%E0%B8%A3_6.JPG","images/samathi/35750367_วัดพนัญเชิงวรวิหาร_6.jpg","2af106f6d4a6af966f376527501528d3a73b2e37","5472","3648","CC BY-SA 3.0","Yakuzakorat","batch22/samathi/35750367_วัดพนัญเชิงวรวิหาร_6.jpg"
"36579786","samathi","unresolved:samathi:76beff4369c6","text_search","ปางสมาธิ พระพุทธรูป","File:พระประธานกลางโดมลานธรรมวัดบ้านอรุณพัฒนา n.jpg","https://commons.wikimedia.org/wiki/File:%E0%B8%9E%E0%B8%A3%E0%B8%B0%E0%B8%9B%E0%B8%A3%E0%B8%B0%E0%B8%98%E0%B8%B2%E0%B8%99%E0%B8%81%E0%B8%A5%E0%B8%B2%E0%B8%87%E0%B9%82%E0%B8%94%E0%B8%A1%E0%B8%A5%E0%B8%B2%E0%B8%99%E0%B8%98%E0%B8%A3%E0%B8%A3%E0%B8%A1%E0%B8%A7%E0%B8%B1%E0%B8%94%E0%B8%9A%E0%B9%89%E0%B8%B2%E0%B8%99%E0%B8%AD%E0%B8%A3%E0%B8%B8%E0%B8%93%E0%B8%9E%E0%B8%B1%E0%B8%92%E0%B8%99%E0%B8%B2_n.jpg","https://upload.wikimedia.org/wikipedia/commons/a/ad/%E0%B8%9E%E0%B8%A3%E0%B8%B0%E0%B8%9B%E0%B8%A3%E0%B8%B0%E0%B8%98%E0%B8%B2%E0%B8%99%E0%B8%81%E0%B8%A5%E0%B8%B2%E0%B8%87%E0%B9%82%E0%B8%94%E0%B8%A1%E0%B8%A5%E0%B8%B2%E0%B8%99%E0%B8%98%E0%B8%A3%E0%B8%A3%E0%B8%A1%E0%B8%A7%E0%B8%B1%E0%B8%94%E0%B8%9A%E0%B9%89%E0%B8%B2%E0%B8%99%E0%B8%AD%E0%B8%A3%E0%B8%B8%E0%B8%93%E0%B8%9E%E0%B8%B1%E0%B8%92%E0%B8%99%E0%B8%B2_n.jpg","images/samathi/36579786_พระประธานกลางโดมลานธรรมวัดบ้านอรุณพัฒนา_n.jpg","bdaed59bb2b7c42ed135fcd0b99a7c55d360cf04","960","720","CC BY-SA 4.0","Phuchai","batch22/samathi/36579786_พระประธานกลางโดมลานธรรมวัดบ้านอรุณพัฒนา_n.jpg"
"36579789","samathi","unresolved:samathi:6a2aeca5ba5e","text_search","ปางสมาธิ พระพุทธรูป","File:พระประธานพระพุทธรูปประจำศาลา ปาง นั้งสมาธิ n.jpg","https://commons.wikimedia.org/wiki/File:%E0%B8%9E%E0%B8%A3%E0%B8%B0%E0%B8%9B%E0%B8%A3%E0%B8%B0%E0%B8%98%E0%B8%B2%E0%B8%99%E0%B8%9E%E0%B8%A3%E0%B8%B0%E0%B8%9E%E0%B8%B8%E0%B8%97%E0%B8%98%E0%B8%A3%E0%B8%B9%E0%B8%9B%E0%B8%9B%E0%B8%A3%E0%B8%B0%E0%B8%88%E0%B8%B3%E0%B8%A8%E0%B8%B2%E0%B8%A5%E0%B8%B2_%E0%B8%9B%E0%B8%B2%E0%B8%87_%E0%B8%99%E0%B8%B1%E0%B9%89%E0%B8%87%E0%B8%AA%E0%B8%A1%E0%B8%B2%E0%B8%98%E0%B8%B4_n.jpg","https://upload.wikimedia.org/wikipedia/commons/a/a3/%E0%B8%9E%E0%B8%A3%E0%B8%B0%E0%B8%9B%E0%B8%A3%E0%B8%B0%E0%B8%98%E0%B8%B2%E0%B8%99%E0%B8%9E%E0%B8%A3%E0%B8%B0%E0%B8%9E%E0%B8%B8%E0%B8%97%E0%B8%98%E0%B8%A3%E0%B8%B9%E0%B8%9B%E0%B8%9B%E0%B8%A3%E0%B8%B0%E0%B8%88%E0%B8%B3%E0%B8%A8%E0%B8%B2%E0%B8%A5%E0%B8%B2_%E0%B8%9B%E0%B8%B2%E0%B8%87_%E0%B8%99%E0%B8%B1%E0%B9%89%E0%B8%87%E0%B8%AA%E0%B8%A1%E0%B8%B2%E0%B8%98%E0%B8%B4_n.jpg","images/samathi/36579789_พระประธานพระพุทธรูปประจำศาลา_ปาง_นั้งสมาธิ_n.jpg","c2c9318af341d0eeb3e5e8dbb5bda3cde1ac5da9","720","960","CC BY-SA 4.0","Phuchai","batch22/samathi/36579789_พระประธานพระพุทธรูปประจำศาลา_ปาง_นั้งสมาธิ_n.jpg"
"50126182","samathi","unresolved:samathi:3ce225380b64","text_search","ปางสมาธิ พระพุทธรูป","File:พระพิมพ์ปางปาฏิหาริย์(พิมพ์บาง).jpg","https://commons.wikimedia.org/wiki/File:%E0%B8%9E%E0%B8%A3%E0%B8%B0%E0%B8%9E%E0%B8%B4%E0%B8%A1%E0%B8%9E%E0%B9%8C%E0%B8%9B%E0%B8%B2%E0%B8%87%E0%B8%9B%E0%B8%B2%E0%B8%8F%E0%B8%B4%E0%B8%AB%E0%B8%B2%E0%B8%A3%E0%B8%B4%E0%B8%A2%E0%B9%8C(%E0%B8%9E%E0%B8%B4%E0%B8%A1%E0%B8%9E%E0%B9%8C%E0%B8%9A%E0%B8%B2%E0%B8%87).jpg","https://upload.wikimedia.org/wikipedia/commons/1/13/%E0%B8%9E%E0%B8%A3%E0%B8%B0%E0%B8%9E%E0%B8%B4%E0%B8%A1%E0%B8%9E%E0%B9%8C%E0%B8%9B%E0%B8%B2%E0%B8%87%E0%B8%9B%E0%B8%B2%E0%B8%8F%E0%B8%B4%E0%B8%AB%E0%B8%B2%E0%B8%A3%E0%B8%B4%E0%B8%A2%E0%B9%8C%28%E0%B8%9E%E0%B8%B4%E0%B8%A1%E0%B8%9E%E0%B9%8C%E0%B8%9A%E0%B8%B2%E0%B8%87%29.jpg","images/samathi/50126182_พระพิมพ์ปางปาฏิหาริย์(พิมพ์บาง).jpg","f5e955768134873632de000d8edb495dfa0929e7","1200","900","CC BY-SA 4.0","Tombrembo","batch22/samathi/50126182_พระพิมพ์ปางปาฏิหาริย์(พิมพ์บาง).jpg"
"50126214","samathi","unresolved:samathi:79fc01f5c191","text_search","ปางสมาธิ พระพุทธรูป","File:พระพิมพ์ปางปาฏิหาริย์(พิมพ์หนา).jpg","https://commons.wikimedia.org/wiki/File:%E0%B8%9E%E0%B8%A3%E0%B8%B0%E0%B8%9E%E0%B8%B4%E0%B8%A1%E0%B8%9E%E0%B9%8C%E0%B8%9B%E0%B8%B2%E0%B8%87%E0%B8%9B%E0%B8%B2%E0%B8%8F%E0%B8%B4%E0%B8%AB%E0%B8%B2%E0%B8%A3%E0%B8%B4%E0%B8%A2%E0%B9%8C(%E0%B8%9E%E0%B8%B4%E0%B8%A1%E0%B8%9E%E0%B9%8C%E0%B8%AB%E0%B8%99%E0%B8%B2).jpg","https://upload.wikimedia.org/wikipedia/commons/e/e2/%E0%B8%9E%E0%B8%A3%E0%B8%B0%E0%B8%9E%E0%B8%B4%E0%B8%A1%E0%B8%9E%E0%B9%8C%E0%B8%9B%E0%B8%B2%E0%B8%87%E0%B8%9B%E0%B8%B2%E0%B8%8F%E0%B8%B4%E0%B8%AB%E0%B8%B2%E0%B8%A3%E0%B8%B4%E0%B8%A2%E0%B9%8C%28%E0%B8%9E%E0%B8%B4%E0%B8%A1%E0%B8%9E%E0%B9%8C%E0%B8%AB%E0%B8%99%E0%B8%B2%29.jpg","images/samathi/50126214_พระพิมพ์ปางปาฏิหาริย์(พิมพ์หนา).jpg","07ca4a8bd07c07551908ea4483a3fdb44904a33b","1200","900","CC BY-SA 4.0","Tombrembo","batch22/samathi/50126214_พระพิมพ์ปางปาฏิหาริย์(พิมพ์หนา).jpg"
"51642551","samathi","unresolved:samathi:66782a757f2f","text_search","ปางสมาธิ พระพุทธรูป","File:วัดโสธรวรารามวรวิหาร1.jpg","https://commons.wikimedia.org/wiki/File:%E0%B8%A7%E0%B8%B1%E0%B8%94%E0%B9%82%E0%B8%AA%E0%B8%98%E0%B8%A3%E0%B8%A7%E0%B8%A3%E0%B8%B2%E0%B8%A3%E0%B8%B2%E0%B8%A1%E0%B8%A7%E0%B8%A3%E0%B8%A7%E0%B8%B4%E0%B8%AB%E0%B8%B2%E0%B8%A31.jpg","https://upload.wikimedia.org/wikipedia/commons/thumb/6/62/%E0%B8%A7%E0%B8%B1%E0%B8%94%E0%B9%82%E0%B8%AA%E0%B8%98%E0%B8%A3%E0%B8%A7%E0%B8%A3%E0%B8%B2%E0%B8%A3%E0%B8%B2%E0%B8%A1%E0%B8%A7%E0%B8%A3%E0%B8%A7%E0%B8%B4%E0%B8%AB%E0%B8%B2%E0%B8%A31.jpg/1920px-%E0%B8%A7%E0%B8%B1%E0%B8%94%E0%B9%82%E0%B8%AA%E0%B8%98%E0%B8%A3%E0%B8%A7%E0%B8%A3%E0%B8%B2%E0%B8%A3%E0%B8%B2%E0%B8%A1%E0%B8%A7%E0%B8%A3%E0%B8%A7%E0%B8%B4%E0%B8%AB%E0%B8%B2%E0%B8%A31.jpg","images/samathi/51642551_วัดโสธรวรารามวรวิหาร1.jpg","0facefd55b4f26188aba4fae0ec5102ef21faaba","4940","3294","CC BY-SA 4.0","Yakuzakorat","batch22/samathi/51642551_วัดโสธรวรารามวรวิหาร1.jpg"
"51642556","samathi","unresolved:samathi:2e688d1fd893","text_search","ปางสมาธิ พระพุทธรูป","File:วัดโสธรวรารามวรวิหาร2.jpg","https://commons.wikimedia.org/wiki/File:%E0%B8%A7%E0%B8%B1%E0%B8%94%E0%B9%82%E0%B8%AA%E0%B8%98%E0%B8%A3%E0%B8%A7%E0%B8%A3%E0%B8%B2%E0%B8%A3%E0%B8%B2%E0%B8%A1%E0%B8%A7%E0%B8%A3%E0%B8%A7%E0%B8%B4%E0%B8%AB%E0%B8%B2%E0%B8%A32.jpg","https://upload.wikimedia.org/wikipedia/commons/thumb/d/d2/%E0%B8%A7%E0%B8%B1%E0%B8%94%E0%B9%82%E0%B8%AA%E0%B8%98%E0%B8%A3%E0%B8%A7%E0%B8%A3%E0%B8%B2%E0%B8%A3%E0%B8%B2%E0%B8%A1%E0%B8%A7%E0%B8%A3%E0%B8%A7%E0%B8%B4%E0%B8%AB%E0%B8%B2%E0%B8%A32.jpg/1920px-%E0%B8%A7%E0%B8%B1%E0%B8%94%E0%B9%82%E0%B8%AA%E0%B8%98%E0%B8%A3%E0%B8%A7%E0%B8%A3%E0%B8%B2%E0%B8%A3%E0%B8%B2%E0%B8%A1%E0%B8%A7%E0%B8%A3%E0%B8%A7%E0%B8%B4%E0%B8%AB%E0%B8%B2%E0%B8%A32.jpg","images/samathi/51642556_วัดโสธรวรารามวรวิหาร2.jpg","6d2d6502c1a1a142c42d64accc3ecb69725349d3","5472","3648","CC BY-SA 4.0","Yakuzakorat","batch22/samathi/51642556_วัดโสธรวรารามวรวิหาร2.jpg"
"51829098","samathi","unresolved:samathi:b9a3a9691e6f","text_search","ปางสมาธิ พระพุทธรูป","File:Wat Sothon Wararam Worawihan.jpg","https://commons.wikimedia.org/wiki/File:Wat_Sothon_Wararam_Worawihan.jpg","https://upload.wikimedia.org/wikipedia/commons/thumb/2/2e/Wat_Sothon_Wararam_Worawihan.jpg/1920px-Wat_Sothon_Wararam_Worawihan.jpg","images/samathi/51829098_Wat_Sothon_Wararam_Worawihan.jpg","b3488dc8de1515da95277a5cda6307381c78f70d","4256","2832","CC BY-SA 4.0","Preecha.MJ","batch22/samathi/51829098_Wat_Sothon_Wararam_Worawihan.jpg"
"51829099","samathi","unresolved:samathi:8f40fb35a860","text_search","ปางสมาธิ พระพุทธรูป","File:Wat Sothon Wararam Woraviharn in Chachoengsao, Thailand.jpg","https://commons.wikimedia.org/wiki/File:Wat_Sothon_Wararam_Woraviharn_in_Chachoengsao,_Thailand.jpg","https://upload.wikimedia.org/wikipedia/commons/thumb/7/74/Wat_Sothon_Wararam_Woraviharn_in_Chachoengsao%2C_Thailand.jpg/1920px-Wat_Sothon_Wararam_Woraviharn_in_Chachoengsao%2C_Thailand.jpg","images/samathi/51829099_Wat_Sothon_Wararam_Woraviharn_in_Chachoengsao,_Thailand.jpg","e8a37ede6fa9c8fbe35d7bfcc409276bb045d6f3","4928","3264","CC BY-SA 4.0","Preecha.MJ","batch22/samathi/51829099_Wat_Sothon_Wararam_Woraviharn_in_Chachoengsao,_Thailand.jpg"
"51829100","samathi","unresolved:samathi:5a5f80a11708","text_search","ปางสมาธิ พระพุทธรูป","File:Wat Sothon Wararam Woraviharn in Chachoengsao.jpg","https://commons.wikimedia.org/wiki/File:Wat_Sothon_Wararam_Woraviharn_in_Chachoengsao.jpg","https://upload.wikimedia.org/wikipedia/commons/thumb/b/bd/Wat_Sothon_Wararam_Woraviharn_in_Chachoengsao.jpg/1920px-Wat_Sothon_Wararam_Woraviharn_in_Chachoengsao.jpg","images/samathi/51829100_Wat_Sothon_Wararam_Woraviharn_in_Chachoengsao.jpg","58f590cc10b5bb3bf161ad2637345258e5b192d7","4928","3264","CC BY-SA 4.0","Preecha.MJ","batch22/samathi/51829100_Wat_Sothon_Wararam_Woraviharn_in_Chachoengsao.jpg"
"51829103","samathi","unresolved:samathi:719baa5a1de4","text_search","ปางสมาธิ พระพุทธรูป","File:Wat Sothon Wararam Woraviharn at Chachoengsao.jpg","https://commons.wikimedia.org/wiki/File:Wat_Sothon_Wararam_Woraviharn_at_Chachoengsao.jpg","https://upload.wikimedia.org/wikipedia/commons/thumb/0/03/Wat_Sothon_Wararam_Woraviharn_at_Chachoengsao.jpg/1920px-Wat_Sothon_Wararam_Woraviharn_at_Chachoengsao.jpg","images/samathi/51829103_Wat_Sothon_Wararam_Woraviharn_at_Chachoengsao.jpg","e83ccc867caca041c1f7e581245ab4fd69e46ae9","4928","3264","CC BY-SA 4.0","Preecha.MJ","batch22/samathi/51829103_Wat_Sothon_Wararam_Woraviharn_at_Chachoengsao.jpg"
"55197431","samathi","unresolved:samathi:47a89ec639e3","text_search","ปางสมาธิ พระพุทธรูป","File:พระเชียงแสน สิงห์๑ (ลังกา).jpg","https://commons.wikimedia.org/wiki/File:%E0%B8%9E%E0%B8%A3%E0%B8%B0%E0%B9%80%E0%B8%8A%E0%B8%B5%E0%B8%A2%E0%B8%87%E0%B9%81%E0%B8%AA%E0%B8%99_%E0%B8%AA%E0%B8%B4%E0%B8%87%E0%B8%AB%E0%B9%8C%E0%B9%91_(%E0%B8%A5%E0%B8%B1%E0%B8%87%E0%B8%81%E0%B8%B2).jpg","https://upload.wikimedia.org/wikipedia/commons/thumb/5/5b/%E0%B8%9E%E0%B8%A3%E0%B8%B0%E0%B9%80%E0%B8%8A%E0%B8%B5%E0%B8%A2%E0%B8%87%E0%B9%81%E0%B8%AA%E0%B8%99_%E0%B8%AA%E0%B8%B4%E0%B8%87%E0%B8%AB%E0%B9%8C%E0%B9%91_%28%E0%B8%A5%E0%B8%B1%E0%B8%87%E0%B8%81%E0%B8%B2%29.jpg/1920px-%E0%B8%9E%E0%B8%A3%E0%B8%B0%E0%B9%80%E0%B8%8A%E0%B8%B5%E0%B8%A2%E0%B8%87%E0%B9%81%E0%B8%AA%E0%B8%99_%E0%B8%AA%E0%B8%B4%E0%B8%87%E0%B8%AB%E0%B9%8C%E0%B9%91_%28%E0%B8%A5%E0%B8%B1%E0%B8%87%E0%B8%81%E0%B8%B2%29.jpg","images/samathi/55197431_พระเชียงแสน_สิงห์๑_(ลังกา).jpg","87731a3c6106626f911a871184f1d9c5792ac521","3120","4160","CC BY-SA 4.0","Suriya aruno","batch22/samathi/55197431_พระเชียงแสน_สิงห์๑_(ลังกา).jpg"
"72389615","samathi","unresolved:samathi:8de3b097d4a5","text_search","ปางสมาธิ พระพุทธรูป","File:วิหารจักราฟ้า.jpg","https://commons.wikimedia.org/wiki/File:%E0%B8%A7%E0%B8%B4%E0%B8%AB%E0%B8%B2%E0%B8%A3%E0%B8%88%E0%B8%B1%E0%B8%81%E0%B8%A3%E0%B8%B2%E0%B8%9F%E0%B9%89%E0%B8%B2.jpg","https://upload.wikimedia.org/wikipedia/commons/thumb/c/c1/%E0%B8%A7%E0%B8%B4%E0%B8%AB%E0%B8%B2%E0%B8%A3%E0%B8%88%E0%B8%B1%E0%B8%81%E0%B8%A3%E0%B8%B2%E0%B8%9F%E0%B9%89%E0%B8%B2.jpg/1920px-%E0%B8%A7%E0%B8%B4%E0%B8%AB%E0%B8%B2%E0%B8%A3%E0%B8%88%E0%B8%B1%E0%B8%81%E0%B8%A3%E0%B8%B2%E0%B8%9F%E0%B9%89%E0%B8%B2.jpg","images/samathi/72389615_วิหารจักราฟ้า.jpg","2dd873d2c558ce99bd3ebb44c32294699ce2a787","2379","2538","CC BY-SA 4.0","Tanawat.b","batch22/samathi/72389615_วิหารจักราฟ้า.jpg"
"72942681","samathi","unresolved:samathi:7ea126e003b8","text_search","ปางสมาธิ พระพุทธรูป","File:Wat longprodam.jpg","https://commons.wikimedia.org/wiki/File:Wat_longprodam.jpg","https://upload.wikimedia.org/wikipedia/commons/thumb/8/82/Wat_longprodam.jpg/1920px-Wat_longprodam.jpg","images/samathi/72942681_Wat_longprodam.jpg","83d2c6183ff9ed4d050938af9a7a5d5810e1a37b","2448","3264","CC BY-SA 4.0","นายธนว.","batch22/samathi/72942681_Wat_longprodam.jpg"
"91930031","samathi","unresolved:samathi:a3ef87b29587","text_search","ปางสมาธิ พระพุทธรูป","File:พระประธานนอุโบสถ.jpg","https://commons.wikimedia.org/wiki/File:%E0%B8%9E%E0%B8%A3%E0%B8%B0%E0%B8%9B%E0%B8%A3%E0%B8%B0%E0%B8%98%E0%B8%B2%E0%B8%99%E0%B8%99%E0%B8%AD%E0%B8%B8%E0%B9%82%E0%B8%9A%E0%B8%AA%E0%B8%96.jpg","https://upload.wikimedia.org/wikipedia/commons/thumb/c/c8/%E0%B8%9E%E0%B8%A3%E0%B8%B0%E0%B8%9B%E0%B8%A3%E0%B8%B0%E0%B8%98%E0%B8%B2%E0%B8%99%E0%B8%99%E0%B8%AD%E0%B8%B8%E0%B9%82%E0%B8%9A%E0%B8%AA%E0%B8%96.jpg/1920px-%E0%B8%9E%E0%B8%A3%E0%B8%B0%E0%B8%9B%E0%B8%A3%E0%B8%B0%E0%B8%98%E0%B8%B2%E0%B8%99%E0%B8%99%E0%B8%AD%E0%B8%B8%E0%B9%82%E0%B8%9A%E0%B8%AA%E0%B8%96.jpg","images/samathi/91930031_พระประธานนอุโบสถ.jpg","a4d9e66b754f149380a18c7b76b4dcab10c80d3f","3024","4032","CC BY-SA 4.0","ณัฐพงษ์ ยศเครือ","batch22/samathi/91930031_พระประธานนอุโบสถ.jpg"
"91930418","samathi","unresolved:samathi:cfafb5a8b47b","text_search","ปางสมาธิ พระพุทธรูป","File:พระประธานอุโบสถหลังใหม่.jpg","https://commons.wikimedia.org/wiki/File:%E0%B8%9E%E0%B8%A3%E0%B8%B0%E0%B8%9B%E0%B8%A3%E0%B8%B0%E0%B8%98%E0%B8%B2%E0%B8%99%E0%B8%AD%E0%B8%B8%E0%B9%82%E0%B8%9A%E0%B8%AA%E0%B8%96%E0%B8%AB%E0%B8%A5%E0%B8%B1%E0%B8%87%E0%B9%83%E0%B8%AB%E0%B8%A1%E0%B9%88.jpg","https://upload.wikimedia.org/wikipedia/commons/thumb/a/aa/%E0%B8%9E%E0%B8%A3%E0%B8%B0%E0%B8%9B%E0%B8%A3%E0%B8%B0%E0%B8%98%E0%B8%B2%E0%B8%99%E0%B8%AD%E0%B8%B8%E0%B9%82%E0%B8%9A%E0%B8%AA%E0%B8%96%E0%B8%AB%E0%B8%A5%E0%B8%B1%E0%B8%87%E0%B9%83%E0%B8%AB%E0%B8%A1%E0%B9%88.jpg/1920px-%E0%B8%9E%E0%B8%A3%E0%B8%B0%E0%B8%9B%E0%B8%A3%E0%B8%B0%E0%B8%98%E0%B8%B2%E0%B8%99%E0%B8%AD%E0%B8%B8%E0%B9%82%E0%B8%9A%E0%B8%AA%E0%B8%96%E0%B8%AB%E0%B8%A5%E0%B8%B1%E0%B8%87%E0%B9%83%E0%B8%AB%E0%B8%A1%E0%B9%88.jpg","images/samathi/91930418_พระประธานอุโบสถหลังใหม่.jpg","b672be66a35a3c4685dadfb75c6f68286b87a93a","4032","3024","CC BY-SA 4.0","ณัฐพงษ์ ยศเครือ","batch22/samathi/91930418_พระประธานอุโบสถหลังใหม่.jpg"
"91930704","samathi","unresolved:samathi:59b44a8c73ff","text_search","ปางสมาธิ พระพุทธรูป","File:พระธรรมราชาอนันตโลกนาถ.jpg","https://commons.wikimedia.org/wiki/File:%E0%B8%9E%E0%B8%A3%E0%B8%B0%E0%B8%98%E0%B8%A3%E0%B8%A3%E0%B8%A1%E0%B8%A3%E0%B8%B2%E0%B8%8A%E0%B8%B2%E0%B8%AD%E0%B8%99%E0%B8%B1%E0%B8%99%E0%B8%95%E0%B9%82%E0%B8%A5%E0%B8%81%E0%B8%99%E0%B8%B2%E0%B8%96.jpg","https://upload.wikimedia.org/wikipedia/commons/thumb/9/99/%E0%B8%9E%E0%B8%A3%E0%B8%B0%E0%B8%98%E0%B8%A3%E0%B8%A3%E0%B8%A1%E0%B8%A3%E0%B8%B2%E0%B8%8A%E0%B8%B2%E0%B8%AD%E0%B8%99%E0%B8%B1%E0%B8%99%E0%B8%95%E0%B9%82%E0%B8%A5%E0%B8%81%E0%B8%99%E0%B8%B2%E0%B8%96.jpg/1920px-%E0%B8%9E%E0%B8%A3%E0%B8%B0%E0%B8%98%E0%B8%A3%E0%B8%A3%E0%B8%A1%E0%B8%A3%E0%B8%B2%E0%B8%8A%E0%B8%B2%E0%B8%AD%E0%B8%99%E0%B8%B1%E0%B8%99%E0%B8%95%E0%B9%82%E0%B8%A5%E0%B8%81%E0%B8%99%E0%B8%B2%E0%B8%96.jpg","images/samathi/91930704_พระธรรมราชาอนันตโลกนาถ.jpg","4b9d965ddcb0ca7ceb71f9e6990dfd275bcce3be","3024","4032","CC BY-SA 4.0","ณัฐพงษ์ ยศเครือ","batch22/samathi/91930704_พระธรรมราชาอนันตโลกนาถ.jpg"
"123592016","samathi","unresolved:samathi:1afed82282d3","text_search","ปางสมาธิ พระพุทธรูป","File:0017-Wat Nakhon Luang.jpg","https://commons.wikimedia.org/wiki/File:0017-Wat_Nakhon_Luang.jpg","https://upload.wikimedia.org/wikipedia/commons/thumb/d/d4/0017-Wat_Nakhon_Luang.jpg/1920px-0017-Wat_Nakhon_Luang.jpg","images/samathi/123592016_0017-Wat_Nakhon_Luang.jpg","e778d1eadea8f7f3c755a954d49eba7ddf9fedcd","5976","3989","CC BY-SA 4.0","Nawit science","batch22/samathi/123592016_0017-Wat_Nakhon_Luang.jpg"
"137137140","samathi","unresolved:samathi:cddfcf927af5","text_search","ปางสมาธิ พระพุทธรูป","File:ภายในพระอุโบสถวัดมกุฏกษัตริยาราม.jpg","https://commons.wikimedia.org/wiki/File:%E0%B8%A0%E0%B8%B2%E0%B8%A2%E0%B9%83%E0%B8%99%E0%B8%9E%E0%B8%A3%E0%B8%B0%E0%B8%AD%E0%B8%B8%E0%B9%82%E0%B8%9A%E0%B8%AA%E0%B8%96%E0%B8%A7%E0%B8%B1%E0%B8%94%E0%B8%A1%E0%B8%81%E0%B8%B8%E0%B8%8F%E0%B8%81%E0%B8%A9%E0%B8%B1%E0%B8%95%E0%B8%A3%E0%B8%B4%E0%B8%A2%E0%B8%B2%E0%B8%A3%E0%B8%B2%E0%B8%A1.jpg","https://upload.wikimedia.org/wikipedia/commons/thumb/6/67/%E0%B8%A0%E0%B8%B2%E0%B8%A2%E0%B9%83%E0%B8%99%E0%B8%9E%E0%B8%A3%E0%B8%B0%E0%B8%AD%E0%B8%B8%E0%B9%82%E0%B8%9A%E0%B8%AA%E0%B8%96%E0%B8%A7%E0%B8%B1%E0%B8%94%E0%B8%A1%E0%B8%81%E0%B8%B8%E0%B8%8F%E0%B8%81%E0%B8%A9%E0%B8%B1%E0%B8%95%E0%B8%A3%E0%B8%B4%E0%B8%A2%E0%B8%B2%E0%B8%A3%E0%B8%B2%E0%B8%A1.jpg/1920px-%E0%B8%A0%E0%B8%B2%E0%B8%A2%E0%B9%83%E0%B8%99%E0%B8%9E%E0%B8%A3%E0%B8%B0%E0%B8%AD%E0%B8%B8%E0%B9%82%E0%B8%9A%E0%B8%AA%E0%B8%96%E0%B8%A7%E0%B8%B1%E0%B8%94%E0%B8%A1%E0%B8%81%E0%B8%B8%E0%B8%8F%E0%B8%81%E0%B8%A9%E0%B8%B1%E0%B8%95%E0%B8%A3%E0%B8%B4%E0%B8%A2%E0%B8%B2%E0%B8%A3%E0%B8%B2%E0%B8%A1.jpg","images/samathi/137137140_ภายในพระอุโบสถวัดมกุฏกษัตริยาราม.jpg","3b0c2488ab072effcd53cddf3fb4d762868e4566","3326","2214","CC BY-SA 4.0","Jerdja Rujirat","batch22/samathi/137137140_ภายในพระอุโบสถวัดมกุฏกษัตริยาราม.jpg"
"137137141","samathi","unresolved:samathi:8b5b52d607f1","text_search","ปางสมาธิ พระพุทธรูป","File:ภายในพระอุโบสถวัดมกุฏฯ.jpg","https://commons.wikimedia.org/wiki/File:%E0%B8%A0%E0%B8%B2%E0%B8%A2%E0%B9%83%E0%B8%99%E0%B8%9E%E0%B8%A3%E0%B8%B0%E0%B8%AD%E0%B8%B8%E0%B9%82%E0%B8%9A%E0%B8%AA%E0%B8%96%E0%B8%A7%E0%B8%B1%E0%B8%94%E0%B8%A1%E0%B8%81%E0%B8%B8%E0%B8%8F%E0%B8%AF.jpg","https://upload.wikimedia.org/wikipedia/commons/thumb/4/42/%E0%B8%A0%E0%B8%B2%E0%B8%A2%E0%B9%83%E0%B8%99%E0%B8%9E%E0%B8%A3%E0%B8%B0%E0%B8%AD%E0%B8%B8%E0%B9%82%E0%B8%9A%E0%B8%AA%E0%B8%96%E0%B8%A7%E0%B8%B1%E0%B8%94%E0%B8%A1%E0%B8%81%E0%B8%B8%E0%B8%8F%E0%B8%AF.jpg/1920px-%E0%B8%A0%E0%B8%B2%E0%B8%A2%E0%B9%83%E0%B8%99%E0%B8%9E%E0%B8%A3%E0%B8%B0%E0%B8%AD%E0%B8%B8%E0%B9%82%E0%B8%9A%E0%B8%AA%E0%B8%96%E0%B8%A7%E0%B8%B1%E0%B8%94%E0%B8%A1%E0%B8%81%E0%B8%B8%E0%B8%8F%E0%B8%AF.jpg","images/samathi/137137141_ภายในพระอุโบสถวัดมกุฏฯ.jpg","59f0ff9dd33fb7435d7794764dde1dae9f67ec0f","3298","2196","CC BY-SA 4.0","Jerdja Rujirat","batch22/samathi/137137141_ภายในพระอุโบสถวัดมกุฏฯ.jpg"
"149502397","samathi","unresolved:samathi:22ccf91791c1","text_search","ปางสมาธิ พระพุทธรูป","File:พระพุทธรูปปางสมาธิ วัดพระปฐมเจดีย์ราชวรมหาวิหาร.jpg","https://commons.wikimedia.org/wiki/File:%E0%B8%9E%E0%B8%A3%E0%B8%B0%E0%B8%9E%E0%B8%B8%E0%B8%97%E0%B8%98%E0%B8%A3%E0%B8%B9%E0%B8%9B%E0%B8%9B%E0%B8%B2%E0%B8%87%E0%B8%AA%E0%B8%A1%E0%B8%B2%E0%B8%98%E0%B8%B4_%E0%B8%A7%E0%B8%B1%E0%B8%94%E0%B8%9E%E0%B8%A3%E0%B8%B0%E0%B8%9B%E0%B8%90%E0%B8%A1%E0%B9%80%E0%B8%88%E0%B8%94%E0%B8%B5%E0%B8%A2%E0%B9%8C%E0%B8%A3%E0%B8%B2%E0%B8%8A%E0%B8%A7%E0%B8%A3%E0%B8%A1%E0%B8%AB%E0%B8%B2%E0%B8%A7%E0%B8%B4%E0%B8%AB%E0%B8%B2%E0%B8%A3.jpg","https://upload.wikimedia.org/wikipedia/commons/thumb/3/37/%E0%B8%9E%E0%B8%A3%E0%B8%B0%E0%B8%9E%E0%B8%B8%E0%B8%97%E0%B8%98%E0%B8%A3%E0%B8%B9%E0%B8%9B%E0%B8%9B%E0%B8%B2%E0%B8%87%E0%B8%AA%E0%B8%A1%E0%B8%B2%E0%B8%98%E0%B8%B4_%E0%B8%A7%E0%B8%B1%E0%B8%94%E0%B8%9E%E0%B8%A3%E0%B8%B0%E0%B8%9B%E0%B8%90%E0%B8%A1%E0%B9%80%E0%B8%88%E0%B8%94%E0%B8%B5%E0%B8%A2%E0%B9%8C%E0%B8%A3%E0%B8%B2%E0%B8%8A%E0%B8%A7%E0%B8%A3%E0%B8%A1%E0%B8%AB%E0%B8%B2%E0%B8%A7%E0%B8%B4%E0%B8%AB%E0%B8%B2%E0%B8%A3.jpg/1920px-%E0%B8%9E%E0%B8%A3%E0%B8%B0%E0%B8%9E%E0%B8%B8%E0%B8%97%E0%B8%98%E0%B8%A3%E0%B8%B9%E0%B8%9B%E0%B8%9B%E0%B8%B2%E0%B8%87%E0%B8%AA%E0%B8%A1%E0%B8%B2%E0%B8%98%E0%B8%B4_%E0%B8%A7%E0%B8%B1%E0%B8%94%E0%B8%9E%E0%B8%A3%E0%B8%B0%E0%B8%9B%E0%B8%90%E0%B8%A1%E0%B9%80%E0%B8%88%E0%B8%94%E0%B8%B5%E0%B8%A2%E0%B9%8C%E0%B8%A3%E0%B8%B2%E0%B8%8A%E0%B8%A7%E0%B8%A3%E0%B8%A1%E0%B8%AB%E0%B8%B2%E0%B8%A7%E0%B8%B4%E0%B8%AB%E0%B8%B2%E0%B8%A3.jpg","images/samathi/149502397_พระพุทธรูปปางสมาธิ_วัดพระปฐมเจดีย์ราชวรมหาวิหาร.jpg","85f7b37cc5d3402ff21b83cc35981196ecc86fbf","3448","4592","CC BY-SA 4.0","กสิณธร ราชโอรส","batch22/samathi/149502397_พระพุทธรูปปางสมาธิ_วัดพระปฐมเจดีย์ราชวรมหาวิหาร.jpg"
"149502471","samathi","unresolved:samathi:2a815b448721","text_search","ปางสมาธิ พระพุทธรูป","File:พระพุทธรูปปางสมาธิเพชร วัดพระปฐมเจดีย์ราชวรมหาวิหาร.jpg","https://commons.wikimedia.org/wiki/File:%E0%B8%9E%E0%B8%A3%E0%B8%B0%E0%B8%9E%E0%B8%B8%E0%B8%97%E0%B8%98%E0%B8%A3%E0%B8%B9%E0%B8%9B%E0%B8%9B%E0%B8%B2%E0%B8%87%E0%B8%AA%E0%B8%A1%E0%B8%B2%E0%B8%98%E0%B8%B4%E0%B9%80%E0%B8%9E%E0%B8%8A%E0%B8%A3_%E0%B8%A7%E0%B8%B1%E0%B8%94%E0%B8%9E%E0%B8%A3%E0%B8%B0%E0%B8%9B%E0%B8%90%E0%B8%A1%E0%B9%80%E0%B8%88%E0%B8%94%E0%B8%B5%E0%B8%A2%E0%B9%8C%E0%B8%A3%E0%B8%B2%E0%B8%8A%E0%B8%A7%E0%B8%A3%E0%B8%A1%E0%B8%AB%E0%B8%B2%E0%B8%A7%E0%B8%B4%E0%B8%AB%E0%B8%B2%E0%B8%A3.jpg","https://upload.wikimedia.org/wikipedia/commons/thumb/b/bc/%E0%B8%9E%E0%B8%A3%E0%B8%B0%E0%B8%9E%E0%B8%B8%E0%B8%97%E0%B8%98%E0%B8%A3%E0%B8%B9%E0%B8%9B%E0%B8%9B%E0%B8%B2%E0%B8%87%E0%B8%AA%E0%B8%A1%E0%B8%B2%E0%B8%98%E0%B8%B4%E0%B9%80%E0%B8%9E%E0%B8%8A%E0%B8%A3_%E0%B8%A7%E0%B8%B1%E0%B8%94%E0%B8%9E%E0%B8%A3%E0%B8%B0%E0%B8%9B%E0%B8%90%E0%B8%A1%E0%B9%80%E0%B8%88%E0%B8%94%E0%B8%B5%E0%B8%A2%E0%B9%8C%E0%B8%A3%E0%B8%B2%E0%B8%8A%E0%B8%A7%E0%B8%A3%E0%B8%A1%E0%B8%AB%E0%B8%B2%E0%B8%A7%E0%B8%B4%E0%B8%AB%E0%B8%B2%E0%B8%A3.jpg/1920px-%E0%B8%9E%E0%B8%A3%E0%B8%B0%E0%B8%9E%E0%B8%B8%E0%B8%97%E0%B8%98%E0%B8%A3%E0%B8%B9%E0%B8%9B%E0%B8%9B%E0%B8%B2%E0%B8%87%E0%B8%AA%E0%B8%A1%E0%B8%B2%E0%B8%98%E0%B8%B4%E0%B9%80%E0%B8%9E%E0%B8%8A%E0%B8%A3_%E0%B8%A7%E0%B8%B1%E0%B8%94%E0%B8%9E%E0%B8%A3%E0%B8%B0%E0%B8%9B%E0%B8%90%E0%B8%A1%E0%B9%80%E0%B8%88%E0%B8%94%E0%B8%B5%E0%B8%A2%E0%B9%8C%E0%B8%A3%E0%B8%B2%E0%B8%8A%E0%B8%A7%E0%B8%A3%E0%B8%A1%E0%B8%AB%E0%B8%B2%E0%B8%A7%E0%B8%B4%E0%B8%AB%E0%B8%B2%E0%B8%A3.jpg","images/samathi/149502471_พระพุทธรูปปางสมาธิเพชร_วัดพระปฐมเจดีย์ราชวรมหาวิหาร.jpg","f068ff6e3aa5f3eb9efb7724e318ace406f73c13","3448","4592","CC BY-SA 4.0","กสิณธร ราชโอรส","batch22/samathi/149502471_พระพุทธรูปปางสมาธิเพชร_วัดพระปฐมเจดีย์ราชวรมหาวิหาร.jpg"
"28588440","nakprok","unresolved:nakprok:d7c25c44ff96","text_search","ปางนาคปรก พระพุทธรูป","File:วัดพระธาตุศรีสองรัก.jpg","https://commons.wikimedia.org/wiki/File:%E0%B8%A7%E0%B8%B1%E0%B8%94%E0%B8%9E%E0%B8%A3%E0%B8%B0%E0%B8%98%E0%B8%B2%E0%B8%95%E0%B8%B8%E0%B8%A8%E0%B8%A3%E0%B8%B5%E0%B8%AA%E0%B8%AD%E0%B8%87%E0%B8%A3%E0%B8%B1%E0%B8%81.jpg","https://upload.wikimedia.org/wikipedia/commons/thumb/5/50/%E0%B8%A7%E0%B8%B1%E0%B8%94%E0%B8%9E%E0%B8%A3%E0%B8%B0%E0%B8%98%E0%B8%B2%E0%B8%95%E0%B8%B8%E0%B8%A8%E0%B8%A3%E0%B8%B5%E0%B8%AA%E0%B8%AD%E0%B8%87%E0%B8%A3%E0%B8%B1%E0%B8%81.jpg/1920px-%E0%B8%A7%E0%B8%B1%E0%B8%94%E0%B8%9E%E0%B8%A3%E0%B8%B0%E0%B8%98%E0%B8%B2%E0%B8%95%E0%B8%B8%E0%B8%A8%E0%B8%A3%E0%B8%B5%E0%B8%AA%E0%B8%AD%E0%B8%87%E0%B8%A3%E0%B8%B1%E0%B8%81.jpg","images/nakprok/28588440_วัดพระธาตุศรีสองรัก.jpg","83e4e468142b51bf74022938a584ec0fb16324c3","3267","2178","CC BY-SA 3.0","Yakuzakorat","batch22/nakprok/28588440_วัดพระธาตุศรีสองรัก.jpg"
"35438672","nakprok","unresolved:nakprok:1e3421811ec3","text_search","ปางนาคปรก พระพุทธรูป","File:พระพุทธรูปปางนาคปรก หน้าอุโบสถ Buddha with Naga front Ordination Hall.jpg","https://commons.wikimedia.org/wiki/File:%E0%B8%9E%E0%B8%A3%E0%B8%B0%E0%B8%9E%E0%B8%B8%E0%B8%97%E0%B8%98%E0%B8%A3%E0%B8%B9%E0%B8%9B%E0%B8%9B%E0%B8%B2%E0%B8%87%E0%B8%99%E0%B8%B2%E0%B8%84%E0%B8%9B%E0%B8%A3%E0%B8%81_%E0%B8%AB%E0%B8%99%E0%B9%89%E0%B8%B2%E0%B8%AD%E0%B8%B8%E0%B9%82%E0%B8%9A%E0%B8%AA%E0%B8%96_Buddha_with_Naga_front_Ordination_Hall.jpg","https://upload.wikimedia.org/wikipedia/commons/thumb/f/f1/%E0%B8%9E%E0%B8%A3%E0%B8%B0%E0%B8%9E%E0%B8%B8%E0%B8%97%E0%B8%98%E0%B8%A3%E0%B8%B9%E0%B8%9B%E0%B8%9B%E0%B8%B2%E0%B8%87%E0%B8%99%E0%B8%B2%E0%B8%84%E0%B8%9B%E0%B8%A3%E0%B8%81_%E0%B8%AB%E0%B8%99%E0%B9%89%E0%B8%B2%E0%B8%AD%E0%B8%B8%E0%B9%82%E0%B8%9A%E0%B8%AA%E0%B8%96_Buddha_with_Naga_front_Ordination_Hall.jpg/1920px-%E0%B8%9E%E0%B8%A3%E0%B8%B0%E0%B8%9E%E0%B8%B8%E0%B8%97%E0%B8%98%E0%B8%A3%E0%B8%B9%E0%B8%9B%E0%B8%9B%E0%B8%B2%E0%B8%87%E0%B8%99%E0%B8%B2%E0%B8%84%E0%B8%9B%E0%B8%A3%E0%B8%81_%E0%B8%AB%E0%B8%99%E0%B9%89%E0%B8%B2%E0%B8%AD%E0%B8%B8%E0%B9%82%E0%B8%9A%E0%B8%AA%E0%B8%96_Buddha_with_Naga_front_Ordination_Hall.jpg","images/nakprok/35438672_พระพุทธรูปปางนาคปรก_หน้าอุโบสถ_Buddha_with_Naga_front_Ordination_Hall.jpg","8e788be76da6fc10c700e3edd69b13864d36ea32","3216","4288","CC BY-SA 3.0","กสิณธร ราชโอรส","batch22/nakprok/35438672_พระพุทธรูปปางนาคปรก_หน้าอุโบสถ_Buddha_with_Naga_front_Ordination_Hall.jpg"
"35438673","nakprok","unresolved:nakprok:5745e376fda5","text_search","ปางนาคปรก พระพุทธรูป","File:พระพุทธรูปปางนาคปรก Buddha with Naga.jpg","https://commons.wikimedia.org/wiki/File:%E0%B8%9E%E0%B8%A3%E0%B8%B0%E0%B8%9E%E0%B8%B8%E0%B8%97%E0%B8%98%E0%B8%A3%E0%B8%B9%E0%B8%9B%E0%B8%9B%E0%B8%B2%E0%B8%87%E0%B8%99%E0%B8%B2%E0%B8%84%E0%B8%9B%E0%B8%A3%E0%B8%81_Buddha_with_Naga.jpg","https://upload.wikimedia.org/wikipedia/commons/thumb/3/33/%E0%B8%9E%E0%B8%A3%E0%B8%B0%E0%B8%9E%E0%B8%B8%E0%B8%97%E0%B8%98%E0%B8%A3%E0%B8%B9%E0%B8%9B%E0%B8%9B%E0%B8%B2%E0%B8%87%E0%B8%99%E0%B8%B2%E0%B8%84%E0%B8%9B%E0%B8%A3%E0%B8%81_Buddha_with_Naga.jpg/1920px-%E0%B8%9E%E0%B8%A3%E0%B8%B0%E0%B8%9E%E0%B8%B8%E0%B8%97%E0%B8%98%E0%B8%A3%E0%B8%B9%E0%B8%9B%E0%B8%9B%E0%B8%B2%E0%B8%87%E0%B8%99%E0%B8%B2%E0%B8%84%E0%B8%9B%E0%B8%A3%E0%B8%81_Buddha_with_Naga.jpg","images/nakprok/35438673_พระพุทธรูปปางนาคปรก_Buddha_with_Naga.jpg","201e53e8eb0cfe64d31b6dd99f880fdef28440d7","3216","4288","CC BY-SA 3.0","กสิณธร ราชโอรส","batch22/nakprok/35438673_พระพุทธรูปปางนาคปรก_Buddha_with_Naga.jpg"
"35730884","nakprok","unresolved:nakprok:9f80327772e1","text_search","ปางนาคปรก พระพุทธรูป","File:วัดเศวตฉัตรวรวิหาร Wat Sawettachat Worawiharn (11).jpg","https://commons.wikimedia.org/wiki/File:%E0%B8%A7%E0%B8%B1%E0%B8%94%E0%B9%80%E0%B8%A8%E0%B8%A7%E0%B8%95%E0%B8%89%E0%B8%B1%E0%B8%95%E0%B8%A3%E0%B8%A7%E0%B8%A3%E0%B8%A7%E0%B8%B4%E0%B8%AB%E0%B8%B2%E0%B8%A3_Wat_Sawettachat_Worawiharn_(11).jpg","https://upload.wikimedia.org/wikipedia/commons/thumb/5/5e/%E0%B8%A7%E0%B8%B1%E0%B8%94%E0%B9%80%E0%B8%A8%E0%B8%A7%E0%B8%95%E0%B8%89%E0%B8%B1%E0%B8%95%E0%B8%A3%E0%B8%A7%E0%B8%A3%E0%B8%A7%E0%B8%B4%E0%B8%AB%E0%B8%B2%E0%B8%A3_Wat_Sawettachat_Worawiharn_%2811%29.jpg/1920px-%E0%B8%A7%E0%B8%B1%E0%B8%94%E0%B9%80%E0%B8%A8%E0%B8%A7%E0%B8%95%E0%B8%89%E0%B8%B1%E0%B8%95%E0%B8%A3%E0%B8%A7%E0%B8%A3%E0%B8%A7%E0%B8%B4%E0%B8%AB%E0%B8%B2%E0%B8%A3_Wat_Sawettachat_Worawiharn_%2811%29.jpg","images/nakprok/35730884_วัดเศวตฉัตรวรวิหาร_Wat_Sawettachat_Worawiharn_(11).jpg","44b680b04f75cc88e266afec511f540535cf1b1a","3216","4288","CC BY-SA 3.0","กสิณธร ราชโอรส","batch22/nakprok/35730884_วัดเศวตฉัตรวรวิหาร_Wat_Sawettachat_Worawiharn_(11).jpg"
"69155363","nakprok","unresolved:nakprok:95426d037a4d","text_search","ปางนาคปรก พระพุทธรูป","File:พิพิธภัณฑ์พระประยูรภัณฑาคาร.jpg","https://commons.wikimedia.org/wiki/File:%E0%B8%9E%E0%B8%B4%E0%B8%9E%E0%B8%B4%E0%B8%98%E0%B8%A0%E0%B8%B1%E0%B8%93%E0%B8%91%E0%B9%8C%E0%B8%9E%E0%B8%A3%E0%B8%B0%E0%B8%9B%E0%B8%A3%E0%B8%B0%E0%B8%A2%E0%B8%B9%E0%B8%A3%E0%B8%A0%E0%B8%B1%E0%B8%93%E0%B8%91%E0%B8%B2%E0%B8%84%E0%B8%B2%E0%B8%A3.jpg","https://upload.wikimedia.org/wikipedia/commons/thumb/1/15/%E0%B8%9E%E0%B8%B4%E0%B8%9E%E0%B8%B4%E0%B8%98%E0%B8%A0%E0%B8%B1%E0%B8%93%E0%B8%91%E0%B9%8C%E0%B8%9E%E0%B8%A3%E0%B8%B0%E0%B8%9B%E0%B8%A3%E0%B8%B0%E0%B8%A2%E0%B8%B9%E0%B8%A3%E0%B8%A0%E0%B8%B1%E0%B8%93%E0%B8%91%E0%B8%B2%E0%B8%84%E0%B8%B2%E0%B8%A3.jpg/1920px-%E0%B8%9E%E0%B8%B4%E0%B8%9E%E0%B8%B4%E0%B8%98%E0%B8%A0%E0%B8%B1%E0%B8%93%E0%B8%91%E0%B9%8C%E0%B8%9E%E0%B8%A3%E0%B8%B0%E0%B8%9B%E0%B8%A3%E0%B8%B0%E0%B8%A2%E0%B8%B9%E0%B8%A3%E0%B8%A0%E0%B8%B1%E0%B8%93%E0%B8%91%E0%B8%B2%E0%B8%84%E0%B8%B2%E0%B8%A3.jpg","images/nakprok/69155363_พิพิธภัณฑ์พระประยูรภัณฑาคาร.jpg","fc761a4c8351535a7247e714bd6b2cbfce5f0e8d","2560","1440","CC BY-SA 4.0","Yasawattago","batch22/nakprok/69155363_พิพิธภัณฑ์พระประยูรภัณฑาคาร.jpg"
"90508801","nakprok","unresolved:nakprok:f0641cedec2c","text_search","ปางนาคปรก พระพุทธรูป","File:Mucalinda and the Buddha.jpg","https://commons.wikimedia.org/wiki/File:Mucalinda_and_the_Buddha.jpg","https://upload.wikimedia.org/wikipedia/commons/e/e1/Mucalinda_and_the_Buddha.jpg","images/nakprok/90508801_Mucalinda_and_the_Buddha.jpg","e02295bd870a9ec5e52405cbf094cddb21877138","1577","3068","CC BY-SA 4.0","Chainwit.","batch22/nakprok/90508801_Mucalinda_and_the_Buddha.jpg"
"98992933","nakprok","unresolved:nakprok:d0effaf1372b","text_search","ปางนาคปรก พระพุทธรูป","File:พระพุทธรูปปางนาคปรก วัดโพธิ์.jpg","https://commons.wikimedia.org/wiki/File:%E0%B8%9E%E0%B8%A3%E0%B8%B0%E0%B8%9E%E0%B8%B8%E0%B8%97%E0%B8%98%E0%B8%A3%E0%B8%B9%E0%B8%9B%E0%B8%9B%E0%B8%B2%E0%B8%87%E0%B8%99%E0%B8%B2%E0%B8%84%E0%B8%9B%E0%B8%A3%E0%B8%81_%E0%B8%A7%E0%B8%B1%E0%B8%94%E0%B9%82%E0%B8%9E%E0%B8%98%E0%B8%B4%E0%B9%8C.jpg","https://upload.wikimedia.org/wikipedia/commons/thumb/d/d6/%E0%B8%9E%E0%B8%A3%E0%B8%B0%E0%B8%9E%E0%B8%B8%E0%B8%97%E0%B8%98%E0%B8%A3%E0%B8%B9%E0%B8%9B%E0%B8%9B%E0%B8%B2%E0%B8%87%E0%B8%99%E0%B8%B2%E0%B8%84%E0%B8%9B%E0%B8%A3%E0%B8%81_%E0%B8%A7%E0%B8%B1%E0%B8%94%E0%B9%82%E0%B8%9E%E0%B8%98%E0%B8%B4%E0%B9%8C.jpg/1920px-%E0%B8%9E%E0%B8%A3%E0%B8%B0%E0%B8%9E%E0%B8%B8%E0%B8%97%E0%B8%98%E0%B8%A3%E0%B8%B9%E0%B8%9B%E0%B8%9B%E0%B8%B2%E0%B8%87%E0%B8%99%E0%B8%B2%E0%B8%84%E0%B8%9B%E0%B8%A3%E0%B8%81_%E0%B8%A7%E0%B8%B1%E0%B8%94%E0%B9%82%E0%B8%9E%E0%B8%98%E0%B8%B4%E0%B9%8C.jpg","images/nakprok/98992933_พระพุทธรูปปางนาคปรก_วัดโพธิ์.jpg","f36d069b8ae71814a40e31fcfd73f5e270cd621a","3024","4032","CC BY-SA 4.0","Chainwit.","batch22/nakprok/98992933_พระพุทธรูปปางนาคปรก_วัดโพธิ์.jpg"
"137244381","nakprok","unresolved:nakprok:f02dc0f541d0","text_search","ปางนาคปรก พระพุทธรูป","File:หลวงพ่อพระลอย.jpg","https://commons.wikimedia.org/wiki/File:%E0%B8%AB%E0%B8%A5%E0%B8%A7%E0%B8%87%E0%B8%9E%E0%B9%88%E0%B8%AD%E0%B8%9E%E0%B8%A3%E0%B8%B0%E0%B8%A5%E0%B8%AD%E0%B8%A2.jpg","https://upload.wikimedia.org/wikipedia/commons/a/a0/%E0%B8%AB%E0%B8%A5%E0%B8%A7%E0%B8%87%E0%B8%9E%E0%B9%88%E0%B8%AD%E0%B8%9E%E0%B8%A3%E0%B8%B0%E0%B8%A5%E0%B8%AD%E0%B8%A2.jpg","images/nakprok/137244381_หลวงพ่อพระลอย.jpg","b1ae516790a8ac8a48d2e7ab617aa93483a1b39e","1418","1890","CC BY-SA 4.0","KaiserO5","batch22/nakprok/137244381_หลวงพ่อพระลอย.jpg"
"138275920","nakprok","unresolved:nakprok:b8f26e863cc0","text_search","ปางนาคปรก พระพุทธรูป","File:หลวงพ่อโคนสมอมหาลาภ วัดนาคปรก.jpg","https://commons.wikimedia.org/wiki/File:%E0%B8%AB%E0%B8%A5%E0%B8%A7%E0%B8%87%E0%B8%9E%E0%B9%88%E0%B8%AD%E0%B9%82%E0%B8%84%E0%B8%99%E0%B8%AA%E0%B8%A1%E0%B8%AD%E0%B8%A1%E0%B8%AB%E0%B8%B2%E0%B8%A5%E0%B8%B2%E0%B8%A0_%E0%B8%A7%E0%B8%B1%E0%B8%94%E0%B8%99%E0%B8%B2%E0%B8%84%E0%B8%9B%E0%B8%A3%E0%B8%81.jpg","https://upload.wikimedia.org/wikipedia/commons/8/84/%E0%B8%AB%E0%B8%A5%E0%B8%A7%E0%B8%87%E0%B8%9E%E0%B9%88%E0%B8%AD%E0%B9%82%E0%B8%84%E0%B8%99%E0%B8%AA%E0%B8%A1%E0%B8%AD%E0%B8%A1%E0%B8%AB%E0%B8%B2%E0%B8%A5%E0%B8%B2%E0%B8%A0_%E0%B8%A7%E0%B8%B1%E0%B8%94%E0%B8%99%E0%B8%B2%E0%B8%84%E0%B8%9B%E0%B8%A3%E0%B8%81.jpg","images/nakprok/138275920_หลวงพ่อโคนสมอมหาลาภ_วัดนาคปรก.jpg","e03d43d082884c6eee39375df725a17f63d1ff55","1652","2937","CC BY-SA 4.0","Pun2000pun","batch22/nakprok/138275920_หลวงพ่อโคนสมอมหาลาภ_วัดนาคปรก.jpg"
"149502411","nakprok","unresolved:nakprok:c8c4c7f64d40","text_search","ปางนาคปรก พระพุทธรูป","File:พระพุทธรูปปางนาคปรก วัดพระปฐมเจดีย์ราชวรมหาวิหาร.jpg","https://commons.wikimedia.org/wiki/File:%E0%B8%9E%E0%B8%A3%E0%B8%B0%E0%B8%9E%E0%B8%B8%E0%B8%97%E0%B8%98%E0%B8%A3%E0%B8%B9%E0%B8%9B%E0%B8%9B%E0%B8%B2%E0%B8%87%E0%B8%99%E0%B8%B2%E0%B8%84%E0%B8%9B%E0%B8%A3%E0%B8%81_%E0%B8%A7%E0%B8%B1%E0%B8%94%E0%B8%9E%E0%B8%A3%E0%B8%B0%E0%B8%9B%E0%B8%90%E0%B8%A1%E0%B9%80%E0%B8%88%E0%B8%94%E0%B8%B5%E0%B8%A2%E0%B9%8C%E0%B8%A3%E0%B8%B2%E0%B8%8A%E0%B8%A7%E0%B8%A3%E0%B8%A1%E0%B8%AB%E0%B8%B2%E0%B8%A7%E0%B8%B4%E0%B8%AB%E0%B8%B2%E0%B8%A3.jpg","https://upload.wikimedia.org/wikipedia/commons/thumb/6/64/%E0%B8%9E%E0%B8%A3%E0%B8%B0%E0%B8%9E%E0%B8%B8%E0%B8%97%E0%B8%98%E0%B8%A3%E0%B8%B9%E0%B8%9B%E0%B8%9B%E0%B8%B2%E0%B8%87%E0%B8%99%E0%B8%B2%E0%B8%84%E0%B8%9B%E0%B8%A3%E0%B8%81_%E0%B8%A7%E0%B8%B1%E0%B8%94%E0%B8%9E%E0%B8%A3%E0%B8%B0%E0%B8%9B%E0%B8%90%E0%B8%A1%E0%B9%80%E0%B8%88%E0%B8%94%E0%B8%B5%E0%B8%A2%E0%B9%8C%E0%B8%A3%E0%B8%B2%E0%B8%8A%E0%B8%A7%E0%B8%A3%E0%B8%A1%E0%B8%AB%E0%B8%B2%E0%B8%A7%E0%B8%B4%E0%B8%AB%E0%B8%B2%E0%B8%A3.jpg/1920px-%E0%B8%9E%E0%B8%A3%E0%B8%B0%E0%B8%9E%E0%B8%B8%E0%B8%97%E0%B8%98%E0%B8%A3%E0%B8%B9%E0%B8%9B%E0%B8%9B%E0%B8%B2%E0%B8%87%E0%B8%99%E0%B8%B2%E0%B8%84%E0%B8%9B%E0%B8%A3%E0%B8%81_%E0%B8%A7%E0%B8%B1%E0%B8%94%E0%B8%9E%E0%B8%A3%E0%B8%B0%E0%B8%9B%E0%B8%90%E0%B8%A1%E0%B9%80%E0%B8%88%E0%B8%94%E0%B8%B5%E0%B8%A2%E0%B9%8C%E0%B8%A3%E0%B8%B2%E0%B8%8A%E0%B8%A7%E0%B8%A3%E0%B8%A1%E0%B8%AB%E0%B8%B2%E0%B8%A7%E0%B8%B4%E0%B8%AB%E0%B8%B2%E0%B8%A3.jpg","images/nakprok/149502411_พระพุทธรูปปางนาคปรก_วัดพระปฐมเจดีย์ราชวรมหาวิหาร.jpg","302ed9c7728f5d1577ce548eb2b3927ad7644fa5","3448","4592","CC BY-SA 4.0","กสิณธร ราชโอรส","batch22/nakprok/149502411_พระพุทธรูปปางนาคปรก_วัดพระปฐมเจดีย์ราชวรมหาวิหาร.jpg"
"18763312","nakprok","unresolved:nakprok:9b5ad8f55c58","text_search","""naga protected Buddha"" Thailand","File:Thai - Head of the Buddha, from a Naga-Protected Buddha - Walters 25169.jpg","https://commons.wikimedia.org/wiki/File:Thai_-_Head_of_the_Buddha,_from_a_Naga-Protected_Buddha_-_Walters_25169.jpg","https://upload.wikimedia.org/wikipedia/commons/1/1a/Thai_-_Head_of_the_Buddha%2C_from_a_Naga-Protected_Buddha_-_Walters_25169.jpg","images/nakprok/18763312_Thai_-_Head_of_the_Buddha,_from_a_Naga-Protected_Buddha_-_Walters_25169.jpg","d0bc6f0fc236d96dc89a0534ee997a379e279d08","768","1075","Public domain","Anonymous (Thailand)Unknown author","batch22/nakprok/18763312_Thai_-_Head_of_the_Buddha,_from_a_Naga-Protected_Buddha_-_Walters_25169.jpg"
"18763317","nakprok","unresolved:nakprok:7a4068b855ef","text_search","""naga protected Buddha"" Thailand","File:Thai - Naga-Protected Buddha - Walters 25170.jpg","https://commons.wikimedia.org/wiki/File:Thai_-_Naga-Protected_Buddha_-_Walters_25170.jpg","https://upload.wikimedia.org/wikipedia/commons/a/a0/Thai_-_Naga-Protected_Buddha_-_Walters_25170.jpg","images/nakprok/18763317_Thai_-_Naga-Protected_Buddha_-_Walters_25170.jpg","b880abc0ba99a47a5dafab4cfaefe7db1fd47a1c","768","1103","Public domain","Anonymous (Thailand)Unknown author","batch22/nakprok/18763317_Thai_-_Naga-Protected_Buddha_-_Walters_25170.jpg"
"18763322","nakprok","unresolved:nakprok:dc02103698f7","text_search","""naga protected Buddha"" Thailand","File:Cambodian - Head of a Crowned Deity, Probably the Buddha - Walters 25173.jpg","https://commons.wikimedia.org/wiki/File:Cambodian_-_Head_of_a_Crowned_Deity,_Probably_the_Buddha_-_Walters_25173.jpg","https://upload.wikimedia.org/wikipedia/commons/5/5e/Cambodian_-_Head_of_a_Crowned_Deity%2C_Probably_the_Buddha_-_Walters_25173.jpg","images/nakprok/18763322_Cambodian_-_Head_of_a_Crowned_Deity,_Probably_the_Buddha_-_Walters_25173.jpg","864781695f8349168e1c6fa4bff0ecf704dcc2f7","768","1125","Public domain","Anonymous (Cambodia or Thailand)Unknown author","batch22/nakprok/18763322_Cambodian_-_Head_of_a_Crowned_Deity,_Probably_the_Buddha_-_Walters_25173.jpg"
"18763496","nakprok","unresolved:nakprok:d0044d3e3898","text_search","""naga protected Buddha"" Thailand","File:Cambodian - Naga-Protected Buddha - Walters 542730.jpg","https://commons.wikimedia.org/wiki/File:Cambodian_-_Naga-Protected_Buddha_-_Walters_542730.jpg","https://upload.wikimedia.org/wikipedia/commons/1/17/Cambodian_-_Naga-Protected_Buddha_-_Walters_542730.jpg","images/nakprok/18763496_Cambodian_-_Naga-Protected_Buddha_-_Walters_542730.jpg","93ff919a8289945b4ce674b213b1fbef68d6e252","768","1598","Public domain","Anonymous (Cambodia or Thailand)Unknown author","batch22/nakprok/18763496_Cambodian_-_Naga-Protected_Buddha_-_Walters_542730.jpg"
"18784137","nakprok","unresolved:nakprok:a04b9a20b6fb","text_search","""naga protected Buddha"" Thailand","File:Cambodian - Naga-Protected Buddha - Walters 2554.jpg","https://commons.wikimedia.org/wiki/File:Cambodian_-_Naga-Protected_Buddha_-_Walters_2554.jpg","https://upload.wikimedia.org/wikipedia/commons/4/4a/Cambodian_-_Naga-Protected_Buddha_-_Walters_2554.jpg","images/nakprok/18784137_Cambodian_-_Naga-Protected_Buddha_-_Walters_2554.jpg","33f21b49b87bb83a660ccd4f58e878abecf905b3","1800","1528","Public domain","Anonymous (Cambodia or Thailand)Unknown author","batch22/nakprok/18784137_Cambodian_-_Naga-Protected_Buddha_-_Walters_2554.jpg"
"18804671","nakprok","unresolved:nakprok:ef4fe4eea021","text_search","""naga protected Buddha"" Thailand","File:Thai - Naga-Protected Buddha - Walters 542707.jpg","https://commons.wikimedia.org/wiki/File:Thai_-_Naga-Protected_Buddha_-_Walters_542707.jpg","https://upload.wikimedia.org/wikipedia/commons/a/a3/Thai_-_Naga-Protected_Buddha_-_Walters_542707.jpg","images/nakprok/18804671_Thai_-_Naga-Protected_Buddha_-_Walters_542707.jpg","51a59159b8bcc909d98753222bd5dd19b989cfa0","1407","1799","Public domain","Anonymous (Thailand)Unknown author","batch22/nakprok/18804671_Thai_-_Naga-Protected_Buddha_-_Walters_542707.jpg"
"18809526","nakprok","unresolved:nakprok:51c219cdcbc0","text_search","""naga protected Buddha"" Thailand","File:Cambodian - Seated Buddha, in Meditation - Walters 542687.jpg","https://commons.wikimedia.org/wiki/File:Cambodian_-_Seated_Buddha,_in_Meditation_-_Walters_542687.jpg","https://upload.wikimedia.org/wikipedia/commons/a/aa/Cambodian_-_Seated_Buddha%2C_in_Meditation_-_Walters_542687.jpg","images/nakprok/18809526_Cambodian_-_Seated_Buddha,_in_Meditation_-_Walters_542687.jpg","834e2d5960b38551b5b90bdfbeb548573cd9c3dd","1344","1799","Public domain","Cambodian (?)

Thai (?)","batch22/nakprok/18809526_Cambodian_-_Seated_Buddha,_in_Meditation_-_Walters_542687.jpg"
"57866008","nakprok","unresolved:nakprok:6b86c5d32597","text_search","""naga protected Buddha"" Thailand","File:MET 1993 387 9.jpeg","https://commons.wikimedia.org/wiki/File:MET_1993_387_9.jpeg","https://upload.wikimedia.org/wikipedia/commons/c/cb/MET_1993_387_9.jpeg","images/nakprok/57866008_MET_1993_387_9.jpg","134818b4d9b9956483f936400c26b96d7526e3c9","701","900","CC0","","batch22/nakprok/57866008_MET_1993_387_9.jpg"
"338471","nakprok","unresolved:nakprok:c6d8ad2f3416","text_search","Mucalinda Thailand Buddha","File:Buddha sukhothainagbrok.jpg","https://commons.wikimedia.org/wiki/File:Buddha_sukhothainagbrok.jpg","https://upload.wikimedia.org/wikipedia/commons/c/c1/Buddha_sukhothainagbrok.jpg","images/nakprok/338471_Buddha_sukhothainagbrok.jpg","5ae68c52f74536bbb91e11bc82961781ddca6900","682","1066","CC BY 2.0","Fotograf / Photographer: Heinrich Damm (User:Hdamm, Hdamm at de.wikipedia.org)","batch22/nakprok/338471_Buddha_sukhothainagbrok.jpg"
"8747220","nakprok","unresolved:nakprok:f80d32f41e20","text_search","Mucalinda Thailand Buddha","File:WLA brooklynmuseum Seated Buddha Mucalinda Bronze.jpg","https://commons.wikimedia.org/wiki/File:WLA_brooklynmuseum_Seated_Buddha_Mucalinda_Bronze.jpg","https://upload.wikimedia.org/wikipedia/commons/c/cb/WLA_brooklynmuseum_Seated_Buddha_Mucalinda_Bronze.jpg","images/nakprok/8747220_WLA_brooklynmuseum_Seated_Buddha_Mucalinda_Bronze.jpg","3b3bb669086499a8f1fc9b13676cc994f52d939d","800","1200","CC BY-SA 2.5","Wikipedia Loves Art participant ""shooting_brooklyn""","batch22/nakprok/8747220_WLA_brooklynmuseum_Seated_Buddha_Mucalinda_Bronze.jpg"
"8747878","nakprok","unresolved:nakprok:3385db89824b","text_search","Mucalinda Thailand Buddha","File:WLA brooklynmuseum Seated Buddha Mucalinda 2.jpg","https://commons.wikimedia.org/wiki/File:WLA_brooklynmuseum_Seated_Buddha_Mucalinda_2.jpg","https://upload.wikimedia.org/wikipedia/commons/a/a2/WLA_brooklynmuseum_Seated_Buddha_Mucalinda_2.jpg","images/nakprok/8747878_WLA_brooklynmuseum_Seated_Buddha_Mucalinda_2.jpg","edc59ba168b80660ee0f784089d1e1bd960b8aae","600","800","CC BY 2.5","Wikipedia Loves Art participant ""trish""","batch22/nakprok/8747878_WLA_brooklynmuseum_Seated_Buddha_Mucalinda_2.jpg"
"8748488","nakprok","unresolved:nakprok:16ecc803ec0f","text_search","Mucalinda Thailand Buddha","File:WLA brooklynmuseum Seated Buddha Mucalinda late 12t 3.jpg","https://commons.wikimedia.org/wiki/File:WLA_brooklynmuseum_Seated_Buddha_Mucalinda_late_12t_3.jpg","https://upload.wikimedia.org/wikipedia/commons/f/f2/WLA_brooklynmuseum_Seated_Buddha_Mucalinda_late_12t_3.jpg","images/nakprok/8748488_WLA_brooklynmuseum_Seated_Buddha_Mucalinda_late_12t_3.jpg","b5ff01c5bab399e197b47ab43555f46d9343af6b","1696","2544","CC BY 2.5","Wikipedia Loves Art participant ""egotechnique""","batch22/nakprok/8748488_WLA_brooklynmuseum_Seated_Buddha_Mucalinda_late_12t_3.jpg"
"11570410","nakprok","unresolved:nakprok:aaaa6dd32ca4","text_search","Mucalinda Thailand Buddha","File:Wat Chet Yot 12 Mondop and Mucalinda pond.JPG","https://commons.wikimedia.org/wiki/File:Wat_Chet_Yot_12_Mondop_and_Mucalinda_pond.JPG","https://upload.wikimedia.org/wikipedia/commons/1/17/Wat_Chet_Yot_12_Mondop_and_Mucalinda_pond.JPG","images/nakprok/11570410_Wat_Chet_Yot_12_Mondop_and_Mucalinda_pond.jpg","ca2dd5351cdbd80e9085b9696c5f7e3f391df838","1286","1920","CC BY-SA 3.0","Takeaway","batch22/nakprok/11570410_Wat_Chet_Yot_12_Mondop_and_Mucalinda_pond.jpg"
"11577619","nakprok","unresolved:nakprok:2f1aa80c21f4","text_search","Mucalinda Thailand Buddha","File:2006 0922 wat phrathat doi suthep buddha mucalinda.JPG","https://commons.wikimedia.org/wiki/File:2006_0922_wat_phrathat_doi_suthep_buddha_mucalinda.JPG","https://upload.wikimedia.org/wikipedia/commons/a/a6/2006_0922_wat_phrathat_doi_suthep_buddha_mucalinda.JPG","images/nakprok/11577619_2006_0922_wat_phrathat_doi_suthep_buddha_mucalinda.jpg","f268e9f2055c5da92e16682c760b6c47b3d8c2ff","1600","1310","CC BY-SA 3.0","Takeaway","batch22/nakprok/11577619_2006_0922_wat_phrathat_doi_suthep_buddha_mucalinda.jpg"
"35424629","nakprok","unresolved:nakprok:3b04b82e173c","text_search","Mucalinda Thailand Buddha","File:Mucalinda Sheltering Buddha. Bangkok National Museum, b092.jpg","https://commons.wikimedia.org/wiki/File:Mucalinda_Sheltering_Buddha._Bangkok_National_Museum,_b092.jpg","https://upload.wikimedia.org/wikipedia/commons/f/fe/Mucalinda_Sheltering_Buddha._Bangkok_National_Museum%2C_b092.jpg","images/nakprok/35424629_Mucalinda_Sheltering_Buddha._Bangkok_National_Museum,_b092.jpg","bc87cce38c79e41fab48277ec1b3aa781cf3e276","1878","2542","CC BY-SA 4.0","Michael Gunther","batch22/nakprok/35424629_Mucalinda_Sheltering_Buddha._Bangkok_National_Museum,_b092.jpg"
"35424824","nakprok","unresolved:nakprok:923dd6e8bd49","text_search","Mucalinda Thailand Buddha","File:Buddha Protected by Mucalinda. Bangkok National Museum, b075.jpg","https://commons.wikimedia.org/wiki/File:Buddha_Protected_by_Mucalinda._Bangkok_National_Museum,_b075.jpg","https://upload.wikimedia.org/wikipedia/commons/5/56/Buddha_Protected_by_Mucalinda._Bangkok_National_Museum%2C_b075.jpg","images/nakprok/35424824_Buddha_Protected_by_Mucalinda._Bangkok_National_Museum,_b075.jpg","09652eee488d96d080546cc277cb84c82e1dfc30","1857","2452","CC BY-SA 4.0","Michael Gunther","batch22/nakprok/35424824_Buddha_Protected_by_Mucalinda._Bangkok_National_Museum,_b075.jpg"
"50818446","nakprok","unresolved:nakprok:9783c63b8111","text_search","Mucalinda Thailand Buddha","File:089 Mucalinda protects Buddha (9192156398).jpg","https://commons.wikimedia.org/wiki/File:089_Mucalinda_protects_Buddha_(9192156398).jpg","https://upload.wikimedia.org/wikipedia/commons/thumb/1/1a/089_Mucalinda_protects_Buddha_%289192156398%29.jpg/1920px-089_Mucalinda_protects_Buddha_%289192156398%29.jpg","images/nakprok/50818446_089_Mucalinda_protects_Buddha_(9192156398).jpg","a4fa8ef12cbf83c7837b749d2dbe959b84ae395d","4320","3240","CC BY 2.0","Photo Dharma from Sadao, Thailand","batch22/nakprok/50818446_089_Mucalinda_protects_Buddha_(9192156398).jpg"
"50818452","nakprok","unresolved:nakprok:133c8c16d253","text_search","Mucalinda Thailand Buddha","File:090 Mucalinda protects Buddha (detail) (9192151900).jpg","https://commons.wikimedia.org/wiki/File:090_Mucalinda_protects_Buddha_(detail)_(9192151900).jpg","https://upload.wikimedia.org/wikipedia/commons/thumb/8/8e/090_Mucalinda_protects_Buddha_%28detail%29_%289192151900%29.jpg/1920px-090_Mucalinda_protects_Buddha_%28detail%29_%289192151900%29.jpg","images/nakprok/50818452_090_Mucalinda_protects_Buddha_(detail)_(9192151900).jpg","d9a3d2111438fcbeb68255f9b5ae55b209a6d4c4","3240","4320","CC BY 2.0","Photo Dharma from Sadao, Thailand","batch22/nakprok/50818452_090_Mucalinda_protects_Buddha_(detail)_(9192151900).jpg"
"58274423","nakprok","unresolved:nakprok:a16e00a43d68","text_search","Mucalinda Thailand Buddha","File:Bangkok National Museum - 2017-04-22 (051).jpg","https://commons.wikimedia.org/wiki/File:Bangkok_National_Museum_-_2017-04-22_(051).jpg","https://upload.wikimedia.org/wikipedia/commons/thumb/0/0d/Bangkok_National_Museum_-_2017-04-22_%28051%29.jpg/1920px-Bangkok_National_Museum_-_2017-04-22_%28051%29.jpg","images/nakprok/58274423_Bangkok_National_Museum_-_2017-04-22_(051).jpg","328a6433f2f53596d782587435d2f77fae8c6afd","3024","4032","CC0","Iudexvivorum","batch22/nakprok/58274423_Bangkok_National_Museum_-_2017-04-22_(051).jpg"
"58274424","nakprok","unresolved:nakprok:4a2bfc493d79","text_search","Mucalinda Thailand Buddha","File:Bangkok National Museum - 2017-04-22 (052).jpg","https://commons.wikimedia.org/wiki/File:Bangkok_National_Museum_-_2017-04-22_(052).jpg","https://upload.wikimedia.org/wikipedia/commons/thumb/2/25/Bangkok_National_Museum_-_2017-04-22_%28052%29.jpg/1920px-Bangkok_National_Museum_-_2017-04-22_%28052%29.jpg","images/nakprok/58274424_Bangkok_National_Museum_-_2017-04-22_(052).jpg","1a2f8c153cec9ff12bc93442ad03c9dd245e4481","3024","4032","CC0","Iudexvivorum","batch22/nakprok/58274424_Bangkok_National_Museum_-_2017-04-22_(052).jpg"
"58274426","nakprok","unresolved:nakprok:5fe085cd6475","text_search","Mucalinda Thailand Buddha","File:Bangkok National Museum - 2017-04-22 (055).jpg","https://commons.wikimedia.org/wiki/File:Bangkok_National_Museum_-_2017-04-22_(055).jpg","https://upload.wikimedia.org/wikipedia/commons/thumb/5/57/Bangkok_National_Museum_-_2017-04-22_%28055%29.jpg/1920px-Bangkok_National_Museum_-_2017-04-22_%28055%29.jpg","images/nakprok/58274426_Bangkok_National_Museum_-_2017-04-22_(055).jpg","59e1e97b7b7ed4ec8af2bc6ce47ddc0afca9b147","3024","4032","CC0","Iudexvivorum","batch22/nakprok/58274426_Bangkok_National_Museum_-_2017-04-22_(055).jpg"
"59879630","nakprok","unresolved:nakprok:77730e9d4810","text_search","Mucalinda Thailand Buddha","File:011 Buddha under Mucilinda, 8c, Dwaravati (35087031512).jpg","https://commons.wikimedia.org/wiki/File:011_Buddha_under_Mucilinda,_8c,_Dwaravati_(35087031512).jpg","https://upload.wikimedia.org/wikipedia/commons/thumb/2/2d/011_Buddha_under_Mucilinda%2C_8c%2C_Dwaravati_%2835087031512%29.jpg/1920px-011_Buddha_under_Mucilinda%2C_8c%2C_Dwaravati_%2835087031512%29.jpg","images/nakprok/59879630_011_Buddha_under_Mucilinda,_8c,_Dwaravati_(35087031512).jpg","805e4bc9bb758835a259e26e7b7ccf088e578198","3526","5289","CC BY 2.0","Photo Dharma from Sadao, Thailand","batch22/nakprok/59879630_011_Buddha_under_Mucilinda,_8c,_Dwaravati_(35087031512).jpg"
"59879657","nakprok","unresolved:nakprok:2409ca1c5d12","text_search","Mucalinda Thailand Buddha","File:031 Mucilinda, 13c, Lopburi (34865467030).jpg","https://commons.wikimedia.org/wiki/File:031_Mucilinda,_13c,_Lopburi_(34865467030).jpg","https://upload.wikimedia.org/wikipedia/commons/thumb/a/a9/031_Mucilinda%2C_13c%2C_Lopburi_%2834865467030%29.jpg/1920px-031_Mucilinda%2C_13c%2C_Lopburi_%2834865467030%29.jpg","images/nakprok/59879657_031_Mucilinda,_13c,_Lopburi_(34865467030).jpg","8dc4e2132ded34fc40e8d0991a6c0a05eff42abb","3282","5902","CC BY 2.0","Photo Dharma from Sadao, Thailand","batch22/nakprok/59879657_031_Mucilinda,_13c,_Lopburi_(34865467030).jpg"
"59879665","nakprok","unresolved:nakprok:19e66eae2336","text_search","Mucalinda Thailand Buddha","File:036 Mucilinda, 12c, Lopburi (34865459300).jpg","https://commons.wikimedia.org/wiki/File:036_Mucilinda,_12c,_Lopburi_(34865459300).jpg","https://upload.wikimedia.org/wikipedia/commons/thumb/7/75/036_Mucilinda%2C_12c%2C_Lopburi_%2834865459300%29.jpg/1920px-036_Mucilinda%2C_12c%2C_Lopburi_%2834865459300%29.jpg","images/nakprok/59879665_036_Mucilinda,_12c,_Lopburi_(34865459300).jpg","ac428d94e19dfa38041824c4ef214a07a5ac0b78","2740","4529","CC BY 2.0","Photo Dharma from Sadao, Thailand","batch22/nakprok/59879665_036_Mucilinda,_12c,_Lopburi_(34865459300).jpg"
"158098833","nakprok","unresolved:nakprok:1656008c579b","text_search","Mucalinda Thailand Buddha","File:Temple Wat Pho 4.jpg","https://commons.wikimedia.org/wiki/File:Temple_Wat_Pho_4.jpg","https://upload.wikimedia.org/wikipedia/commons/thumb/7/72/Temple_Wat_Pho_4.jpg/1920px-Temple_Wat_Pho_4.jpg","images/nakprok/158098833_Temple_Wat_Pho_4.jpg","00aa973d161c4d2a380386f0e5b6f05730e74d19","3024","4032","CC0","Welcome to Thailand","batch22/nakprok/158098833_Temple_Wat_Pho_4.jpg"
"158098918","nakprok","unresolved:nakprok:2e9bba009d47","text_search","Mucalinda Thailand Buddha","File:Temple Wat Pho 5.jpg","https://commons.wikimedia.org/wiki/File:Temple_Wat_Pho_5.jpg","https://upload.wikimedia.org/wikipedia/commons/thumb/d/db/Temple_Wat_Pho_5.jpg/1920px-Temple_Wat_Pho_5.jpg","images/nakprok/158098918_Temple_Wat_Pho_5.jpg","ad915504224aeac41967e1f61fedb9f2e8c59153","3648","5472","CC0","Welcome to Thailand","batch22/nakprok/158098918_Temple_Wat_Pho_5.jpg"
"167315333","nakprok","unresolved:nakprok:c6314f850f0f","text_search","Mucalinda Thailand Buddha","File:Mucalinda Sheltering Buddha. Bangkok National Museum, b092 (cropped inscription).jpg","https://commons.wikimedia.org/wiki/File:Mucalinda_Sheltering_Buddha._Bangkok_National_Museum,_b092_(cropped_inscription).jpg","https://upload.wikimedia.org/wikipedia/commons/1/14/Mucalinda_Sheltering_Buddha._Bangkok_National_Museum%2C_b092_%28cropped_inscription%29.jpg","images/nakprok/167315333_Mucalinda_Sheltering_Buddha._Bangkok_National_Museum,_b092_(cropped_inscription).jpg","28346516ac339ce53a13773166800e9c6d21ef65","842","127","CC BY-SA 4.0","Michael Gunther","batch22/nakprok/167315333_Mucalinda_Sheltering_Buddha._Bangkok_National_Museum,_b092_(cropped_inscription).jpg"
"167453628","nakprok","unresolved:nakprok:1607063eb470","text_search","Mucalinda Thailand Buddha","File:Buddha under protection of Mucalinda inside Wat Prayurawongsawat.jpg","https://commons.wikimedia.org/wiki/File:Buddha_under_protection_of_Mucalinda_inside_Wat_Prayurawongsawat.jpg","https://upload.wikimedia.org/wikipedia/commons/thumb/4/4c/Buddha_under_protection_of_Mucalinda_inside_Wat_Prayurawongsawat.jpg/1920px-Buddha_under_protection_of_Mucalinda_inside_Wat_Prayurawongsawat.jpg","images/nakprok/167453628_Buddha_under_protection_of_Mucalinda_inside_Wat_Prayurawongsawat.jpg","77ecbbd8c38be513cb7b885ef46156454afd6bbe","3072","4096","CC0","Deepak-nsk","batch22/nakprok/167453628_Buddha_under_protection_of_Mucalinda_inside_Wat_Prayurawongsawat.jpg"
"89740","prathanphon","unresolved:prathanphon:e4cd34360e52","text_search","ปางประทานพร พระพุทธรูป","File:Gandhara Buddha (tnm).jpeg","https://commons.wikimedia.org/wiki/File:Gandhara_Buddha_(tnm).jpeg","https://upload.wikimedia.org/wikipedia/commons/b/b8/Gandhara_Buddha_%28tnm%29.jpeg","images/prathanphon/89740_Gandhara_Buddha_(tnm).jpg","c13ef558f9d1a909bc539099a40bcf5cf299175e","1746","2894","Public domain","World Imaging","batch22/prathanphon/89740_Gandhara_Buddha_(tnm).jpg"
"352215","prathanphon","unresolved:prathanphon:7f7b88dc0bea","text_search","ปางประทานพร พระพุทธรูป","File:Standing Buddha 2.jpg","https://commons.wikimedia.org/wiki/File:Standing_Buddha_2.jpg","https://upload.wikimedia.org/wikipedia/commons/e/ee/Standing_Buddha_2.jpg","images/prathanphon/352215_Standing_Buddha_2.jpg","87692aa4d3a68cc7fc30c114a230db432632c5c1","480","640","CC BY 2.0","Ernie &amp; Katy Newton Lawley from Bowie, MD, USA","batch22/prathanphon/352215_Standing_Buddha_2.jpg"
"951713","prathanphon","unresolved:prathanphon:7bb75befc9f0","text_search","ปางประทานพร พระพุทธรูป","File:TNMStandingBuddha.jpg","https://commons.wikimedia.org/wiki/File:TNMStandingBuddha.jpg","https://upload.wikimedia.org/wikipedia/commons/9/91/TNMStandingBuddha.jpg","images/prathanphon/951713_TNMStandingBuddha.jpg","7306e47913d3f9047db064cce6857a2f51773432","885","1466","Public domain","World Imaging","batch22/prathanphon/951713_TNMStandingBuddha.jpg"
"951728","prathanphon","unresolved:prathanphon:bf3fc64fc5de","text_search","ปางประทานพร พระพุทธรูป","File:TNMStandingBuddhaFace.jpg","https://commons.wikimedia.org/wiki/File:TNMStandingBuddhaFace.jpg","https://upload.wikimedia.org/wikipedia/commons/4/45/TNMStandingBuddhaFace.jpg","images/prathanphon/951728_TNMStandingBuddhaFace.jpg","c756162414435e3cb3bffb5251317f193e8b63fa","1769","784","CC BY-SA 3.0","No machine-readable author provided. World Imaging assumed (based on copyright claims).","batch22/prathanphon/951728_TNMStandingBuddhaFace.jpg"
"951732","prathanphon","unresolved:prathanphon:2829a37e6a91","text_search","ปางประทานพร พระพุทธรูป","File:TNMStandingBuddhaBase.jpg","https://commons.wikimedia.org/wiki/File:TNMStandingBuddhaBase.jpg","https://upload.wikimedia.org/wikipedia/commons/5/53/TNMStandingBuddhaBase.jpg","images/prathanphon/951732_TNMStandingBuddhaBase.jpg","6310494c16e85deb2e2c35284dcb0873892cf411","1765","400","CC BY-SA 3.0","No machine-readable author provided. World Imaging assumed (based on copyright claims).","batch22/prathanphon/951732_TNMStandingBuddhaBase.jpg"
"951736","prathanphon","unresolved:prathanphon:54f0efa02212","text_search","ปางประทานพร พระพุทธรูป","File:TNMStandingBuddhaHand.jpg","https://commons.wikimedia.org/wiki/File:TNMStandingBuddhaHand.jpg","https://upload.wikimedia.org/wikipedia/commons/1/1b/TNMStandingBuddhaHand.jpg","images/prathanphon/951736_TNMStandingBuddhaHand.jpg","81f4c178160b56a3760ca52e24f5747e5b780b70","1000","1427","CC BY-SA 3.0","No machine-readable author provided. World Imaging assumed (based on copyright claims).","batch22/prathanphon/951736_TNMStandingBuddhaHand.jpg"
"951742","prathanphon","unresolved:prathanphon:722b1e3f454f","text_search","ปางประทานพร พระพุทธรูป","File:TNMStandingBuddhaThreeQuarter.jpg","https://commons.wikimedia.org/wiki/File:TNMStandingBuddhaThreeQuarter.jpg","https://upload.wikimedia.org/wikipedia/commons/e/e7/TNMStandingBuddhaThreeQuarter.jpg","images/prathanphon/951742_TNMStandingBuddhaThreeQuarter.jpg","1f21fca2a8d41bfc67e2722ac4fe9818b7f2756f","600","800","CC BY-SA 3.0","No machine-readable author provided. World Imaging assumed (based on copyright claims).","batch22/prathanphon/951742_TNMStandingBuddhaThreeQuarter.jpg"
"5239151","prathanphon","unresolved:prathanphon:3b4947789401","text_search","ปางประทานพร พระพุทธรูป","File:Standing Buddha (DahlemBerlin).jpg","https://commons.wikimedia.org/wiki/File:Standing_Buddha_(DahlemBerlin).jpg","https://upload.wikimedia.org/wikipedia/commons/e/e5/Standing_Buddha_%28DahlemBerlin%29.jpg","images/prathanphon/5239151_Standing_Buddha_(DahlemBerlin).jpg","587af92c0814ae79e143f12c8dc0bf0f38ab83bc","900","1200","CC BY 2.0","Jean-Pierre Dalbéra","batch22/prathanphon/5239151_Standing_Buddha_(DahlemBerlin).jpg"
"22420273","prathanphon","unresolved:prathanphon:2ab660c83200","text_search","ปางประทานพร พระพุทธรูป","File:Flickr - DVIDSHUB - Giant standing Buddhas of Bamiyan still cast shadows (Image 2 of 8).jpg","https://commons.wikimedia.org/wiki/File:Flickr_-_DVIDSHUB_-_Giant_standing_Buddhas_of_Bamiyan_still_cast_shadows_(Image_2_of_8).jpg","https://upload.wikimedia.org/wikipedia/commons/thumb/c/c0/Flickr_-_DVIDSHUB_-_Giant_standing_Buddhas_of_Bamiyan_still_cast_shadows_%28Image_2_of_8%29.jpg/1920px-Flickr_-_DVIDSHUB_-_Giant_standing_Buddhas_of_Bamiyan_still_cast_shadows_%28Image_2_of_8%29.jpg","images/prathanphon/22420273_Flickr_-_DVIDSHUB_-_Giant_standing_Buddhas_of_Bamiyan_still_cast_shadows_(Image_2_of_8).jpg","4f0bce15f95bbf9126bb9652424c8f513167bde0","2700","1793","Public domain","Sgt. Ken Scar","batch22/prathanphon/22420273_Flickr_-_DVIDSHUB_-_Giant_standing_Buddhas_of_Bamiyan_still_cast_shadows_(Image_2_of_8).jpg"
"32962608","prathanphon","unresolved:prathanphon:3c1623afc384","text_search","ปางประทานพร พระพุทธรูป","File:Standing Buddha Statue Buduruwagala.jpg","https://commons.wikimedia.org/wiki/File:Standing_Buddha_Statue_Buduruwagala.jpg","https://upload.wikimedia.org/wikipedia/commons/2/28/Standing_Buddha_Statue_Buduruwagala.jpg","images/prathanphon/32962608_Standing_Buddha_Statue_Buduruwagala.jpg","a208d1a1204622a68fddbe548430cf1112f7b2d9","1600","1483","CC BY-SA 3.0","S.G.Seyone","batch22/prathanphon/32962608_Standing_Buddha_Statue_Buduruwagala.jpg"
"32962610","prathanphon","unresolved:prathanphon:a4d9fafee46f","text_search","ปางประทานพร พระพุทธรูป","File:Standing Buddha Statue Maligawila.jpg","https://commons.wikimedia.org/wiki/File:Standing_Buddha_Statue_Maligawila.jpg","https://upload.wikimedia.org/wikipedia/commons/6/6e/Standing_Buddha_Statue_Maligawila.jpg","images/prathanphon/32962610_Standing_Buddha_Statue_Maligawila.jpg","923c1437047fb0a1ad7bb10efc3f7e90f738b1c1","712","1024","CC BY-SA 3.0","S.G.Seyone","batch22/prathanphon/32962610_Standing_Buddha_Statue_Maligawila.jpg"
"35104576","prathanphon","unresolved:prathanphon:25157b71abca","text_search","ปางประทานพร พระพุทธรูป","File:Shwezigon, Standing Buddha, Pagan 0208.jpg","https://commons.wikimedia.org/wiki/File:Shwezigon,_Standing_Buddha,_Pagan_0208.jpg","https://upload.wikimedia.org/wikipedia/commons/thumb/d/d8/Shwezigon%2C_Standing_Buddha%2C_Pagan_0208.jpg/1920px-Shwezigon%2C_Standing_Buddha%2C_Pagan_0208.jpg","images/prathanphon/35104576_Shwezigon,_Standing_Buddha,_Pagan_0208.jpg","75b51e6a5b8ca556bb704f3c72fcf2f0c862d05f","1944","2592","CC BY-SA 4.0","Michael Gunther","batch22/prathanphon/35104576_Shwezigon,_Standing_Buddha,_Pagan_0208.jpg"
"35105239","prathanphon","unresolved:prathanphon:ec6d30be6dff","text_search","ปางประทานพร พระพุทธรูป","File:Shwezigon, Standing Buddha, Pagan 0212.jpg","https://commons.wikimedia.org/wiki/File:Shwezigon,_Standing_Buddha,_Pagan_0212.jpg","https://upload.wikimedia.org/wikipedia/commons/3/3d/Shwezigon%2C_Standing_Buddha%2C_Pagan_0212.jpg","images/prathanphon/35105239_Shwezigon,_Standing_Buddha,_Pagan_0212.jpg","e01fab0bd1ec7582fb1d133e1cf3d538a4f2dd61","1172","1556","CC BY-SA 4.0","Michael Gunther","batch22/prathanphon/35105239_Shwezigon,_Standing_Buddha,_Pagan_0212.jpg"
"35426074","prathanphon","unresolved:prathanphon:a01265ccc22f","text_search","ปางประทานพร พระพุทธรูป","File:Standing Buddha b107.jpg","https://commons.wikimedia.org/wiki/File:Standing_Buddha_b107.jpg","https://upload.wikimedia.org/wikipedia/commons/thumb/a/af/Standing_Buddha_b107.jpg/1920px-Standing_Buddha_b107.jpg","images/prathanphon/35426074_Standing_Buddha_b107.jpg","148bc472e024bda22031e139d4a04953d1d685fb","1944","2592","CC BY-SA 4.0","Michael Gunther","batch22/prathanphon/35426074_Standing_Buddha_b107.jpg"
"35426212","prathanphon","unresolved:prathanphon:8980252394e3","text_search","ปางประทานพร พระพุทธรูป","File:Standing Buddha, Bangkok Museum b105.jpg","https://commons.wikimedia.org/wiki/File:Standing_Buddha,_Bangkok_Museum_b105.jpg","https://upload.wikimedia.org/wikipedia/commons/9/95/Standing_Buddha%2C_Bangkok_Museum_b105.jpg","images/prathanphon/35426212_Standing_Buddha,_Bangkok_Museum_b105.jpg","e9893bf659011b49cdc5626db3a585627e898fe2","893","1929","CC BY-SA 4.0","Michael Gunther","batch22/prathanphon/35426212_Standing_Buddha,_Bangkok_Museum_b105.jpg"
"50125949","prathanphon","unresolved:prathanphon:6896b5709186","text_search","ปางประทานพร พระพุทธรูป","File:พระพิมพ์ปางประธานพร.jpg","https://commons.wikimedia.org/wiki/File:%E0%B8%9E%E0%B8%A3%E0%B8%B0%E0%B8%9E%E0%B8%B4%E0%B8%A1%E0%B8%9E%E0%B9%8C%E0%B8%9B%E0%B8%B2%E0%B8%87%E0%B8%9B%E0%B8%A3%E0%B8%B0%E0%B8%98%E0%B8%B2%E0%B8%99%E0%B8%9E%E0%B8%A3.jpg","https://upload.wikimedia.org/wikipedia/commons/0/0e/%E0%B8%9E%E0%B8%A3%E0%B8%B0%E0%B8%9E%E0%B8%B4%E0%B8%A1%E0%B8%9E%E0%B9%8C%E0%B8%9B%E0%B8%B2%E0%B8%87%E0%B8%9B%E0%B8%A3%E0%B8%B0%E0%B8%98%E0%B8%B2%E0%B8%99%E0%B8%9E%E0%B8%A3.jpg","images/prathanphon/50125949_พระพิมพ์ปางประธานพร.jpg","f18ca798acb443766c77166466c460865d1d80f0","1200","900","CC BY-SA 4.0","Tombrembo","batch22/prathanphon/50125949_พระพิมพ์ปางประธานพร.jpg"
"53402938","prathanphon","unresolved:prathanphon:6bff568da24d","text_search","ปางประทานพร พระพุทธรูป","File:GandharaBuddha(Trimmed).JPG","https://commons.wikimedia.org/wiki/File:GandharaBuddha(Trimmed).JPG","https://upload.wikimedia.org/wikipedia/commons/3/33/GandharaBuddha%28Trimmed%29.JPG","images/prathanphon/53402938_GandharaBuddha(Trimmed).jpg","295f0c3d3969de389d6ac2cca4fddda35a1fc361","627","1600","Public domain","User:Per Honor et Gloria","batch22/prathanphon/53402938_GandharaBuddha(Trimmed).jpg"
"59879672","prathanphon","unresolved:prathanphon:07ddb87a4e2a","text_search","ปางประทานพร พระพุทธรูป","File:043 Standing Buddha 2, 13c, Lopburi (35212707356).jpg","https://commons.wikimedia.org/wiki/File:043_Standing_Buddha_2,_13c,_Lopburi_(35212707356).jpg","https://upload.wikimedia.org/wikipedia/commons/thumb/0/0c/043_Standing_Buddha_2%2C_13c%2C_Lopburi_%2835212707356%29.jpg/1920px-043_Standing_Buddha_2%2C_13c%2C_Lopburi_%2835212707356%29.jpg","images/prathanphon/59879672_043_Standing_Buddha_2,_13c,_Lopburi_(35212707356).jpg","335f1595341d4c09994cb271fe251d7a7e59520c","2281","5806","CC BY 2.0","Photo Dharma from Sadao, Thailand","batch22/prathanphon/59879672_043_Standing_Buddha_2,_13c,_Lopburi_(35212707356).jpg"
"61391949","prathanphon","unresolved:prathanphon:f98cde39045f","text_search","ปางประทานพร พระพุทธรูป","File:พระพุทธรูป ปางประทานพร ( ยืน).jpg","https://commons.wikimedia.org/wiki/File:%E0%B8%9E%E0%B8%A3%E0%B8%B0%E0%B8%9E%E0%B8%B8%E0%B8%97%E0%B8%98%E0%B8%A3%E0%B8%B9%E0%B8%9B_%E0%B8%9B%E0%B8%B2%E0%B8%87%E0%B8%9B%E0%B8%A3%E0%B8%B0%E0%B8%97%E0%B8%B2%E0%B8%99%E0%B8%9E%E0%B8%A3_(_%E0%B8%A2%E0%B8%B7%E0%B8%99).jpg","https://upload.wikimedia.org/wikipedia/commons/thumb/1/1b/%E0%B8%9E%E0%B8%A3%E0%B8%B0%E0%B8%9E%E0%B8%B8%E0%B8%97%E0%B8%98%E0%B8%A3%E0%B8%B9%E0%B8%9B_%E0%B8%9B%E0%B8%B2%E0%B8%87%E0%B8%9B%E0%B8%A3%E0%B8%B0%E0%B8%97%E0%B8%B2%E0%B8%99%E0%B8%9E%E0%B8%A3_%28_%E0%B8%A2%E0%B8%B7%E0%B8%99%29.jpg/1920px-%E0%B8%9E%E0%B8%A3%E0%B8%B0%E0%B8%9E%E0%B8%B8%E0%B8%97%E0%B8%98%E0%B8%A3%E0%B8%B9%E0%B8%9B_%E0%B8%9B%E0%B8%B2%E0%B8%87%E0%B8%9B%E0%B8%A3%E0%B8%B0%E0%B8%97%E0%B8%B2%E0%B8%99%E0%B8%9E%E0%B8%A3_%28_%E0%B8%A2%E0%B8%B7%E0%B8%99%29.jpg","images/prathanphon/61391949_พระพุทธรูป_ปางประทานพร_(_ยืน).jpg","89945148db4365602a46e1f699b0b665d37e981c","3174","5159","CC BY-SA 4.0","Dektonk","batch22/prathanphon/61391949_พระพุทธรูป_ปางประทานพร_(_ยืน).jpg"
"65810344","prathanphon","unresolved:prathanphon:356f92f68f00","text_search","ปางประทานพร พระพุทธรูป","File:Standing Buddha (3013666430).jpg","https://commons.wikimedia.org/wiki/File:Standing_Buddha_(3013666430).jpg","https://upload.wikimedia.org/wikipedia/commons/6/62/Standing_Buddha_%283013666430%29.jpg","images/prathanphon/65810344_Standing_Buddha_(3013666430).jpg","b38e7168c490fa3a674f8602bcd4bda00d1128e6","1407","1963","CC BY 2.0","Akuppa John Wigham from Newcastle upon Tyne, England","batch22/prathanphon/65810344_Standing_Buddha_(3013666430).jpg"
"68239204","prathanphon","unresolved:prathanphon:3bf754c1f115","text_search","ปางประทานพร พระพุทธรูป","File:Gorgeous standing Buddha (12290577444).jpg","https://commons.wikimedia.org/wiki/File:Gorgeous_standing_Buddha_(12290577444).jpg","https://upload.wikimedia.org/wikipedia/commons/thumb/f/fc/Gorgeous_standing_Buddha_%2812290577444%29.jpg/1920px-Gorgeous_standing_Buddha_%2812290577444%29.jpg","images/prathanphon/68239204_Gorgeous_standing_Buddha_(12290577444).jpg","f9414ac009d557f13ff68a8b3bcd09db9498aad1","2848","4288","CC BY 2.0","shankar s. from Dubai, united arab emirates","batch22/prathanphon/68239204_Gorgeous_standing_Buddha_(12290577444).jpg"
"70054522","prathanphon","unresolved:prathanphon:35ceef3d4a70","text_search","ปางประทานพร พระพุทธรูป","File:Standing Buddha, near Peshawar, Pakistan, Kushan dynasty, 100s-200s AD, schist - Tokyo National Museum - Tokyo, Japan - DSC08671.jpg","https://commons.wikimedia.org/wiki/File:Standing_Buddha,_near_Peshawar,_Pakistan,_Kushan_dynasty,_100s-200s_AD,_schist_-_Tokyo_National_Museum_-_Tokyo,_Japan_-_DSC08671.jpg","https://upload.wikimedia.org/wikipedia/commons/thumb/7/70/Standing_Buddha%2C_near_Peshawar%2C_Pakistan%2C_Kushan_dynasty%2C_100s-200s_AD%2C_schist_-_Tokyo_National_Museum_-_Tokyo%2C_Japan_-_DSC08671.jpg/1920px-Standing_Buddha%2C_near_Peshawar%2C_Pakistan%2C_Kushan_dynasty%2C_100s-200s_AD%2C_schist_-_Tokyo_National_Museum_-_Tokyo%2C_Japan_-_DSC08671.jpg","images/prathanphon/70054522_Standing_Buddha,_near_Peshawar,_Pakistan,_Kushan_dynasty,_100s-200s_AD,_schist_-_Tokyo_National_Muse.jpg","6837127788895a12ba3e013191f2f62cb4aa196c","3396","5358","Public domain","Daderot","batch22/prathanphon/70054522_Standing_Buddha,_near_Peshawar,_Pakistan,_Kushan_dynasty,_100s-200s_AD,_schist_-_Tokyo_National_Muse.jpg"
"71501192","prathanphon","unresolved:prathanphon:3d6709904756","text_search","ปางประทานพร พระพุทธรูป","File:Standing Buddha (43416427681).jpg","https://commons.wikimedia.org/wiki/File:Standing_Buddha_(43416427681).jpg","https://upload.wikimedia.org/wikipedia/commons/7/7f/Standing_Buddha_%2843416427681%29.jpg","images/prathanphon/71501192_Standing_Buddha_(43416427681).jpg","dc8fa464bb077cedf04b9ec71714cdd6f13cf224","768","1024","CC BY 2.0","David Stanley from Nanaimo, Canada","batch22/prathanphon/71501192_Standing_Buddha_(43416427681).jpg"
"71501211","prathanphon","unresolved:prathanphon:167d8d8ee41c","text_search","ปางประทานพร พระพุทธรูป","File:Teak Standing Buddha (28602222647).jpg","https://commons.wikimedia.org/wiki/File:Teak_Standing_Buddha_(28602222647).jpg","https://upload.wikimedia.org/wikipedia/commons/b/b3/Teak_Standing_Buddha_%2828602222647%29.jpg","images/prathanphon/71501211_Teak_Standing_Buddha_(28602222647).jpg","cc5a0edc9ae94315df31dbf7c1625d8d45d8cde6","1024","768","CC BY 2.0","David Stanley from Nanaimo, Canada","batch22/prathanphon/71501211_Teak_Standing_Buddha_(28602222647).jpg"
"74555817","prathanphon","unresolved:prathanphon:836330aa2067","text_search","ปางประทานพร พระพุทธรูป","File:Standing Buddha at the entrance of the Kuan Im Tng Temple.jpg","https://commons.wikimedia.org/wiki/File:Standing_Buddha_at_the_entrance_of_the_Kuan_Im_Tng_Temple.jpg","https://upload.wikimedia.org/wikipedia/commons/thumb/f/f3/Standing_Buddha_at_the_entrance_of_the_Kuan_Im_Tng_Temple.jpg/1920px-Standing_Buddha_at_the_entrance_of_the_Kuan_Im_Tng_Temple.jpg","images/prathanphon/74555817_Standing_Buddha_at_the_entrance_of_the_Kuan_Im_Tng_Temple.jpg","9ac49c59814e5b3a2f1678f2ee68f953ed3499e0","4276","4276","CC BY-SA 4.0","Basile Morin","batch22/prathanphon/74555817_Standing_Buddha_at_the_entrance_of_the_Kuan_Im_Tng_Temple.jpg"
"83184989","prathanphon","unresolved:prathanphon:3565d22cfeed","text_search","ปางประทานพร พระพุทธรูป","File:Bouddha, art du Gandhara (Musée national de Tokyo, Japon) (43048033550).jpg","https://commons.wikimedia.org/wiki/File:Bouddha,_art_du_Gandhara_(Mus%C3%A9e_national_de_Tokyo,_Japon)_(43048033550).jpg","https://upload.wikimedia.org/wikipedia/commons/thumb/7/7d/Bouddha%2C_art_du_Gandhara_%28Mus%C3%A9e_national_de_Tokyo%2C_Japon%29_%2843048033550%29.jpg/1920px-Bouddha%2C_art_du_Gandhara_%28Mus%C3%A9e_national_de_Tokyo%2C_Japon%29_%2843048033550%29.jpg","images/prathanphon/83184989_Bouddha,_art_du_Gandhara_(Musée_national_de_Tokyo,_Japon)_(43048033550).jpg","bdb38a28431e5e28d4c040f1009892dc66df5362","2620","3930","CC BY 2.0","Jean-Pierre Dalbéra from Paris, France","batch22/prathanphon/83184989_Bouddha,_art_du_Gandhara_(Musée_national_de_Tokyo,_Japon)_(43048033550).jpg"
"89009100","prathanphon","unresolved:prathanphon:171b74ee6cfd","text_search","ปางประทานพร พระพุทธรูป","File:Standing Buddha of Wat Xieng Thong.jpg","https://commons.wikimedia.org/wiki/File:Standing_Buddha_of_Wat_Xieng_Thong.jpg","https://upload.wikimedia.org/wikipedia/commons/thumb/6/69/Standing_Buddha_of_Wat_Xieng_Thong.jpg/1920px-Standing_Buddha_of_Wat_Xieng_Thong.jpg","images/prathanphon/89009100_Standing_Buddha_of_Wat_Xieng_Thong.jpg","71f81c81e842a8ead82c6adb59d3dce9d60bb9e1","3024","4032","CC BY-SA 4.0","Christophe95","batch22/prathanphon/89009100_Standing_Buddha_of_Wat_Xieng_Thong.jpg"
"90937559","prathanphon","unresolved:prathanphon:34d444b6d8b2","text_search","ปางประทานพร พระพุทธรูป","File:Stone standing Buddha image Sarnath BM.jpg","https://commons.wikimedia.org/wiki/File:Stone_standing_Buddha_image_Sarnath_BM.jpg","https://upload.wikimedia.org/wikipedia/commons/thumb/2/22/Stone_standing_Buddha_image_Sarnath_BM.jpg/1920px-Stone_standing_Buddha_image_Sarnath_BM.jpg","images/prathanphon/90937559_Stone_standing_Buddha_image_Sarnath_BM.jpg","0a2b48d106a2b8454343c46e3d60f6e23c472dbb","2715","5418","CC BY-SA 4.0","Zunkir","batch22/prathanphon/90937559_Stone_standing_Buddha_image_Sarnath_BM.jpg"
"129990401","prathanphon","unresolved:prathanphon:adde03bdea6f","text_search","ปางประทานพร พระพุทธรูป","File:Standing Buddha Sri Lankan Buddhist Temple Chennai.jpg","https://commons.wikimedia.org/wiki/File:Standing_Buddha_Sri_Lankan_Buddhist_Temple_Chennai.jpg","https://upload.wikimedia.org/wikipedia/commons/thumb/4/49/Standing_Buddha_Sri_Lankan_Buddhist_Temple_Chennai.jpg/1280px-Standing_Buddha_Sri_Lankan_Buddhist_Temple_Chennai.jpg","images/prathanphon/129990401_Standing_Buddha_Sri_Lankan_Buddhist_Temple_Chennai.jpg","7586c32ee82683d1c2e6f2307812c00aac4f3f00","1908","4128","CC BY-SA 4.0","Buddhamitra","batch22/prathanphon/129990401_Standing_Buddha_Sri_Lankan_Buddhist_Temple_Chennai.jpg"
"149502772","prathanphon","unresolved:prathanphon:5bf604de97c7","text_search","ปางประทานพร พระพุทธรูป","File:พระพุทธรูปปางประทานพร วัดพระปฐมเจดีย์ราชวรมหาวิหาร.jpg","https://commons.wikimedia.org/wiki/File:%E0%B8%9E%E0%B8%A3%E0%B8%B0%E0%B8%9E%E0%B8%B8%E0%B8%97%E0%B8%98%E0%B8%A3%E0%B8%B9%E0%B8%9B%E0%B8%9B%E0%B8%B2%E0%B8%87%E0%B8%9B%E0%B8%A3%E0%B8%B0%E0%B8%97%E0%B8%B2%E0%B8%99%E0%B8%9E%E0%B8%A3_%E0%B8%A7%E0%B8%B1%E0%B8%94%E0%B8%9E%E0%B8%A3%E0%B8%B0%E0%B8%9B%E0%B8%90%E0%B8%A1%E0%B9%80%E0%B8%88%E0%B8%94%E0%B8%B5%E0%B8%A2%E0%B9%8C%E0%B8%A3%E0%B8%B2%E0%B8%8A%E0%B8%A7%E0%B8%A3%E0%B8%A1%E0%B8%AB%E0%B8%B2%E0%B8%A7%E0%B8%B4%E0%B8%AB%E0%B8%B2%E0%B8%A3.jpg","https://upload.wikimedia.org/wikipedia/commons/thumb/3/31/%E0%B8%9E%E0%B8%A3%E0%B8%B0%E0%B8%9E%E0%B8%B8%E0%B8%97%E0%B8%98%E0%B8%A3%E0%B8%B9%E0%B8%9B%E0%B8%9B%E0%B8%B2%E0%B8%87%E0%B8%9B%E0%B8%A3%E0%B8%B0%E0%B8%97%E0%B8%B2%E0%B8%99%E0%B8%9E%E0%B8%A3_%E0%B8%A7%E0%B8%B1%E0%B8%94%E0%B8%9E%E0%B8%A3%E0%B8%B0%E0%B8%9B%E0%B8%90%E0%B8%A1%E0%B9%80%E0%B8%88%E0%B8%94%E0%B8%B5%E0%B8%A2%E0%B9%8C%E0%B8%A3%E0%B8%B2%E0%B8%8A%E0%B8%A7%E0%B8%A3%E0%B8%A1%E0%B8%AB%E0%B8%B2%E0%B8%A7%E0%B8%B4%E0%B8%AB%E0%B8%B2%E0%B8%A3.jpg/1920px-%E0%B8%9E%E0%B8%A3%E0%B8%B0%E0%B8%9E%E0%B8%B8%E0%B8%97%E0%B8%98%E0%B8%A3%E0%B8%B9%E0%B8%9B%E0%B8%9B%E0%B8%B2%E0%B8%87%E0%B8%9B%E0%B8%A3%E0%B8%B0%E0%B8%97%E0%B8%B2%E0%B8%99%E0%B8%9E%E0%B8%A3_%E0%B8%A7%E0%B8%B1%E0%B8%94%E0%B8%9E%E0%B8%A3%E0%B8%B0%E0%B8%9B%E0%B8%90%E0%B8%A1%E0%B9%80%E0%B8%88%E0%B8%94%E0%B8%B5%E0%B8%A2%E0%B9%8C%E0%B8%A3%E0%B8%B2%E0%B8%8A%E0%B8%A7%E0%B8%A3%E0%B8%A1%E0%B8%AB%E0%B8%B2%E0%B8%A7%E0%B8%B4%E0%B8%AB%E0%B8%B2%E0%B8%A3.jpg","images/prathanphon/149502772_พระพุทธรูปปางประทานพร_วัดพระปฐมเจดีย์ราชวรมหาวิหาร.jpg","3ceda5c426a8819fc0ae4bc9f3a422ea7d1b7150","3448","4592","CC BY-SA 4.0","กสิณธร ราชโอรส","batch22/prathanphon/149502772_พระพุทธรูปปางประทานพร_วัดพระปฐมเจดีย์ราชวรมหาวิหาร.jpg"
"58961486","prathanphon","unresolved:prathanphon:d709a5f7567e","text_search","""Luang Pho Chin Prathan Phon""","File:วัดถ้ำเสือ - panoramio (8).jpg","https://commons.wikimedia.org/wiki/File:%E0%B8%A7%E0%B8%B1%E0%B8%94%E0%B8%96%E0%B9%89%E0%B8%B3%E0%B9%80%E0%B8%AA%E0%B8%B7%E0%B8%AD_-_panoramio_(8).jpg","https://upload.wikimedia.org/wikipedia/commons/thumb/3/33/%E0%B8%A7%E0%B8%B1%E0%B8%94%E0%B8%96%E0%B9%89%E0%B8%B3%E0%B9%80%E0%B8%AA%E0%B8%B7%E0%B8%AD_-_panoramio_%288%29.jpg/1920px-%E0%B8%A7%E0%B8%B1%E0%B8%94%E0%B8%96%E0%B9%89%E0%B8%B3%E0%B9%80%E0%B8%AA%E0%B8%B7%E0%B8%AD_-_panoramio_%288%29.jpg","images/prathanphon/58961486_วัดถ้ำเสือ_-_panoramio_(8).jpg","ec68502d98fae7cab57c7855c95a52b8f8729dd3","3056","4592","CC BY 3.0","Charin ninsu","batch22/prathanphon/58961486_วัดถ้ำเสือ_-_panoramio_(8).jpg"
"58961554","prathanphon","unresolved:prathanphon:106b86587088","text_search","""Luang Pho Chin Prathan Phon""","File:วัดถ้ำเสือ - panoramio (13).jpg","https://commons.wikimedia.org/wiki/File:%E0%B8%A7%E0%B8%B1%E0%B8%94%E0%B8%96%E0%B9%89%E0%B8%B3%E0%B9%80%E0%B8%AA%E0%B8%B7%E0%B8%AD_-_panoramio_(13).jpg","https://upload.wikimedia.org/wikipedia/commons/thumb/4/49/%E0%B8%A7%E0%B8%B1%E0%B8%94%E0%B8%96%E0%B9%89%E0%B8%B3%E0%B9%80%E0%B8%AA%E0%B8%B7%E0%B8%AD_-_panoramio_%2813%29.jpg/1920px-%E0%B8%A7%E0%B8%B1%E0%B8%94%E0%B8%96%E0%B9%89%E0%B8%B3%E0%B9%80%E0%B8%AA%E0%B8%B7%E0%B8%AD_-_panoramio_%2813%29.jpg","images/prathanphon/58961554_วัดถ้ำเสือ_-_panoramio_(13).jpg","891a0c9e0d960b212a530b7c201b56ce5b2d7a3d","3056","4592","CC BY 3.0","Charin ninsu","batch22/prathanphon/58961554_วัดถ้ำเสือ_-_panoramio_(13).jpg"
"58961588","prathanphon","unresolved:prathanphon:4bb8ab0e2b12","text_search","""Luang Pho Chin Prathan Phon""","File:วัดถ้ำเสือ - panoramio (17).jpg","https://commons.wikimedia.org/wiki/File:%E0%B8%A7%E0%B8%B1%E0%B8%94%E0%B8%96%E0%B9%89%E0%B8%B3%E0%B9%80%E0%B8%AA%E0%B8%B7%E0%B8%AD_-_panoramio_(17).jpg","https://upload.wikimedia.org/wikipedia/commons/thumb/5/59/%E0%B8%A7%E0%B8%B1%E0%B8%94%E0%B8%96%E0%B9%89%E0%B8%B3%E0%B9%80%E0%B8%AA%E0%B8%B7%E0%B8%AD_-_panoramio_%2817%29.jpg/1920px-%E0%B8%A7%E0%B8%B1%E0%B8%94%E0%B8%96%E0%B9%89%E0%B8%B3%E0%B9%80%E0%B8%AA%E0%B8%B7%E0%B8%AD_-_panoramio_%2817%29.jpg","images/prathanphon/58961588_วัดถ้ำเสือ_-_panoramio_(17).jpg","d17c38a2f5e776c6c0cf363af0f6ba35bb24f185","4592","3056","CC BY 3.0","Charin ninsu","batch22/prathanphon/58961588_วัดถ้ำเสือ_-_panoramio_(17).jpg"
"148680565","prathanphon","unresolved:prathanphon:5a1a1d68b2b3","text_search","""Luang Pho Chin Prathan Phon""","File:Wat Tham Suea,Kanchanaburi (6).jpg","https://commons.wikimedia.org/wiki/File:Wat_Tham_Suea,Kanchanaburi_(6).jpg","https://upload.wikimedia.org/wikipedia/commons/thumb/8/83/Wat_Tham_Suea%2CKanchanaburi_%286%29.jpg/1920px-Wat_Tham_Suea%2CKanchanaburi_%286%29.jpg","images/prathanphon/148680565_Wat_Tham_Suea,Kanchanaburi_(6).jpg","8f20b52f17c32a0123a24330cbaa93bb1b3fced2","3240","4320","CC BY-SA 4.0","กสิณธร ราชโอรส","batch22/prathanphon/148680565_Wat_Tham_Suea,Kanchanaburi_(6).jpg"
"148680566","prathanphon","unresolved:prathanphon:4ee8c12af40b","text_search","""Luang Pho Chin Prathan Phon""","File:Wat Tham Suea,Kanchanaburi (7).jpg","https://commons.wikimedia.org/wiki/File:Wat_Tham_Suea,Kanchanaburi_(7).jpg","https://upload.wikimedia.org/wikipedia/commons/thumb/a/ab/Wat_Tham_Suea%2CKanchanaburi_%287%29.jpg/1920px-Wat_Tham_Suea%2CKanchanaburi_%287%29.jpg","images/prathanphon/148680566_Wat_Tham_Suea,Kanchanaburi_(7).jpg","2ff6ac13121792d8aef6046ea657cbe8eadca236","3240","4320","CC BY-SA 4.0","กสิณธร ราชโอรส","batch22/prathanphon/148680566_Wat_Tham_Suea,Kanchanaburi_(7).jpg"
"148680567","prathanphon","unresolved:prathanphon:dd287e2dd13b","text_search","""Luang Pho Chin Prathan Phon""","File:Wat Tham Suea,Kanchanaburi (8).jpg","https://commons.wikimedia.org/wiki/File:Wat_Tham_Suea,Kanchanaburi_(8).jpg","https://upload.wikimedia.org/wikipedia/commons/thumb/1/12/Wat_Tham_Suea%2CKanchanaburi_%288%29.jpg/1920px-Wat_Tham_Suea%2CKanchanaburi_%288%29.jpg","images/prathanphon/148680567_Wat_Tham_Suea,Kanchanaburi_(8).jpg","788e149e57154c5e25d16a7e55b827df9010305c","3240","4320","CC BY-SA 4.0","กสิณธร ราชโอรส","batch22/prathanphon/148680567_Wat_Tham_Suea,Kanchanaburi_(8).jpg"
"148680576","prathanphon","unresolved:prathanphon:4e75ae09ddcb","text_search","""Luang Pho Chin Prathan Phon""","File:Wat Tham Suea,Kanchanaburi (13).jpg","https://commons.wikimedia.org/wiki/File:Wat_Tham_Suea,Kanchanaburi_(13).jpg","https://upload.wikimedia.org/wikipedia/commons/thumb/5/53/Wat_Tham_Suea%2CKanchanaburi_%2813%29.jpg/1920px-Wat_Tham_Suea%2CKanchanaburi_%2813%29.jpg","images/prathanphon/148680576_Wat_Tham_Suea,Kanchanaburi_(13).jpg","1b0087696236c6a8c4f9ebea4476a7e01758b3f3","4320","3240","CC BY-SA 4.0","กสิณธร ราชโอรส","batch22/prathanphon/148680576_Wat_Tham_Suea,Kanchanaburi_(13).jpg"
"148680577","prathanphon","unresolved:prathanphon:589c745a77b3","text_search","""Luang Pho Chin Prathan Phon""","File:Wat Tham Suea,Kanchanaburi (12).jpg","https://commons.wikimedia.org/wiki/File:Wat_Tham_Suea,Kanchanaburi_(12).jpg","https://upload.wikimedia.org/wikipedia/commons/thumb/4/4e/Wat_Tham_Suea%2CKanchanaburi_%2812%29.jpg/1920px-Wat_Tham_Suea%2CKanchanaburi_%2812%29.jpg","images/prathanphon/148680577_Wat_Tham_Suea,Kanchanaburi_(12).jpg","8698b31806b78aedf39790660ec8d8154dfd23fa","3240","4320","CC BY-SA 4.0","กสิณธร ราชโอรส","batch22/prathanphon/148680577_Wat_Tham_Suea,Kanchanaburi_(12).jpg"
"148680582","prathanphon","unresolved:prathanphon:2e7df28e906f","text_search","""Luang Pho Chin Prathan Phon""","File:Wat Tham Suea,Kanchanaburi (15).jpg","https://commons.wikimedia.org/wiki/File:Wat_Tham_Suea,Kanchanaburi_(15).jpg","https://upload.wikimedia.org/wikipedia/commons/thumb/8/82/Wat_Tham_Suea%2CKanchanaburi_%2815%29.jpg/1920px-Wat_Tham_Suea%2CKanchanaburi_%2815%29.jpg","images/prathanphon/148680582_Wat_Tham_Suea,Kanchanaburi_(15).jpg","644a72e7fe99e2a7fe5a60e08b6f3b0dd74c88dd","3240","4320","CC BY-SA 4.0","กสิณธร ราชโอรส","batch22/prathanphon/148680582_Wat_Tham_Suea,Kanchanaburi_(15).jpg"
"148680742","prathanphon","unresolved:prathanphon:d00f2a2cea15","text_search","""Luang Pho Chin Prathan Phon""","File:Wat Tham Suea,Kanchanaburi (52).jpg","https://commons.wikimedia.org/wiki/File:Wat_Tham_Suea,Kanchanaburi_(52).jpg","https://upload.wikimedia.org/wikipedia/commons/thumb/d/d5/Wat_Tham_Suea%2CKanchanaburi_%2852%29.jpg/1920px-Wat_Tham_Suea%2CKanchanaburi_%2852%29.jpg","images/prathanphon/148680742_Wat_Tham_Suea,Kanchanaburi_(52).jpg","7365d91f2c3f82744a33b7af586b3943ec6fc45e","3240","4320","CC BY-SA 4.0","กสิณธร ราชโอรส","batch22/prathanphon/148680742_Wat_Tham_Suea,Kanchanaburi_(52).jpg"
"148773609","prathanphon","unresolved:prathanphon:ffc3e937f44d","text_search","""Luang Pho Chin Prathan Phon""","File:Wat Tham Suea,Kanchanaburi (54).jpg","https://commons.wikimedia.org/wiki/File:Wat_Tham_Suea,Kanchanaburi_(54).jpg","https://upload.wikimedia.org/wikipedia/commons/thumb/b/b3/Wat_Tham_Suea%2CKanchanaburi_%2854%29.jpg/1920px-Wat_Tham_Suea%2CKanchanaburi_%2854%29.jpg","images/prathanphon/148773609_Wat_Tham_Suea,Kanchanaburi_(54).jpg","96b780581a46d83b417ff28188289b2028f8b1de","3240","4320","CC BY-SA 4.0","กสิณธร ราชโอรส","batch22/prathanphon/148773609_Wat_Tham_Suea,Kanchanaburi_(54).jpg"
"148773610","prathanphon","unresolved:prathanphon:05e4f2070467","text_search","""Luang Pho Chin Prathan Phon""","File:Wat Tham Suea,Kanchanaburi (53).jpg","https://commons.wikimedia.org/wiki/File:Wat_Tham_Suea,Kanchanaburi_(53).jpg","https://upload.wikimedia.org/wikipedia/commons/thumb/2/2d/Wat_Tham_Suea%2CKanchanaburi_%2853%29.jpg/1920px-Wat_Tham_Suea%2CKanchanaburi_%2853%29.jpg","images/prathanphon/148773610_Wat_Tham_Suea,Kanchanaburi_(53).jpg","5d7b5fef6024404a193f42a252bca890c2a8c478","4320","3240","CC BY-SA 4.0","กสิณธร ราชโอรส","batch22/prathanphon/148773610_Wat_Tham_Suea,Kanchanaburi_(53).jpg"
"148773625","prathanphon","unresolved:prathanphon:b5a9c54d10c3","text_search","""Luang Pho Chin Prathan Phon""","File:Wat Tham Suea,Kanchanaburi (64).jpg","https://commons.wikimedia.org/wiki/File:Wat_Tham_Suea,Kanchanaburi_(64).jpg","https://upload.wikimedia.org/wikipedia/commons/thumb/9/9c/Wat_Tham_Suea%2CKanchanaburi_%2864%29.jpg/1920px-Wat_Tham_Suea%2CKanchanaburi_%2864%29.jpg","images/prathanphon/148773625_Wat_Tham_Suea,Kanchanaburi_(64).jpg","f84a18f81e2f19b0c7861ca2972ed56c7aea946a","3448","4592","CC BY-SA 4.0","กสิณธร ราชโอรส","batch22/prathanphon/148773625_Wat_Tham_Suea,Kanchanaburi_(64).jpg"
"148773634","prathanphon","unresolved:prathanphon:e85e8cb65d0a","text_search","""Luang Pho Chin Prathan Phon""","File:Wat Tham Suea,Kanchanaburi (65).jpg","https://commons.wikimedia.org/wiki/File:Wat_Tham_Suea,Kanchanaburi_(65).jpg","https://upload.wikimedia.org/wikipedia/commons/thumb/9/9f/Wat_Tham_Suea%2CKanchanaburi_%2865%29.jpg/1920px-Wat_Tham_Suea%2CKanchanaburi_%2865%29.jpg","images/prathanphon/148773634_Wat_Tham_Suea,Kanchanaburi_(65).jpg","611487cbef58d0f38d313917a90596aa874a4815","4592","3448","CC BY-SA 4.0","กสิณธร ราชโอรส","batch22/prathanphon/148773634_Wat_Tham_Suea,Kanchanaburi_(65).jpg"
"148773635","prathanphon","unresolved:prathanphon:fa15198546a5","text_search","""Luang Pho Chin Prathan Phon""","File:Wat Tham Suea,Kanchanaburi (66).jpg","https://commons.wikimedia.org/wiki/File:Wat_Tham_Suea,Kanchanaburi_(66).jpg","https://upload.wikimedia.org/wikipedia/commons/thumb/a/aa/Wat_Tham_Suea%2CKanchanaburi_%2866%29.jpg/1920px-Wat_Tham_Suea%2CKanchanaburi_%2866%29.jpg","images/prathanphon/148773635_Wat_Tham_Suea,Kanchanaburi_(66).jpg","62818dd654071b9dc5626a592fe62d5bbd1b7fcf","3448","4592","CC BY-SA 4.0","กสิณธร ราชโอรส","batch22/prathanphon/148773635_Wat_Tham_Suea,Kanchanaburi_(66).jpg"
"148773638","prathanphon","unresolved:prathanphon:311b2d1fd7a5","text_search","""Luang Pho Chin Prathan Phon""","File:Wat Tham Suea,Kanchanaburi (67).jpg","https://commons.wikimedia.org/wiki/File:Wat_Tham_Suea,Kanchanaburi_(67).jpg","https://upload.wikimedia.org/wikipedia/commons/thumb/8/84/Wat_Tham_Suea%2CKanchanaburi_%2867%29.jpg/1920px-Wat_Tham_Suea%2CKanchanaburi_%2867%29.jpg","images/prathanphon/148773638_Wat_Tham_Suea,Kanchanaburi_(67).jpg","6abf089ab267afa5dd3f3c8ddad8b1d448f39d7f","4592","3448","CC BY-SA 4.0","กสิณธร ราชโอรส","batch22/prathanphon/148773638_Wat_Tham_Suea,Kanchanaburi_(67).jpg"
"148773648","prathanphon","unresolved:prathanphon:9e5c7516d869","text_search","""Luang Pho Chin Prathan Phon""","File:Wat Tham Suea,Kanchanaburi (68).jpg","https://commons.wikimedia.org/wiki/File:Wat_Tham_Suea,Kanchanaburi_(68).jpg","https://upload.wikimedia.org/wikipedia/commons/thumb/e/e5/Wat_Tham_Suea%2CKanchanaburi_%2868%29.jpg/1920px-Wat_Tham_Suea%2CKanchanaburi_%2868%29.jpg","images/prathanphon/148773648_Wat_Tham_Suea,Kanchanaburi_(68).jpg","fbf2cb29d6c2f889375a5f976a659b2e5571df1e","3448","4592","CC BY-SA 4.0","กสิณธร ราชโอรส","batch22/prathanphon/148773648_Wat_Tham_Suea,Kanchanaburi_(68).jpg"
"148773650","prathanphon","unresolved:prathanphon:915342c2ab2d","text_search","""Luang Pho Chin Prathan Phon""","File:Wat Tham Suea,Kanchanaburi (69).jpg","https://commons.wikimedia.org/wiki/File:Wat_Tham_Suea,Kanchanaburi_(69).jpg","https://upload.wikimedia.org/wikipedia/commons/thumb/0/08/Wat_Tham_Suea%2CKanchanaburi_%2869%29.jpg/1920px-Wat_Tham_Suea%2CKanchanaburi_%2869%29.jpg","images/prathanphon/148773650_Wat_Tham_Suea,Kanchanaburi_(69).jpg","4bbb18df6a88fc7c82d0b700ed5a427d3579d957","3448","4592","CC BY-SA 4.0","กสิณธร ราชโอรส","batch22/prathanphon/148773650_Wat_Tham_Suea,Kanchanaburi_(69).jpg"
"148773654","prathanphon","unresolved:prathanphon:2d78de04cf74","text_search","""Luang Pho Chin Prathan Phon""","File:Wat Tham Suea,Kanchanaburi (70).jpg","https://commons.wikimedia.org/wiki/File:Wat_Tham_Suea,Kanchanaburi_(70).jpg","https://upload.wikimedia.org/wikipedia/commons/thumb/b/b8/Wat_Tham_Suea%2CKanchanaburi_%2870%29.jpg/1920px-Wat_Tham_Suea%2CKanchanaburi_%2870%29.jpg","images/prathanphon/148773654_Wat_Tham_Suea,Kanchanaburi_(70).jpg","5107a77c7277e49c7739ecd31bca971260093466","4592","3448","CC BY-SA 4.0","กสิณธร ราชโอรส","batch22/prathanphon/148773654_Wat_Tham_Suea,Kanchanaburi_(70).jpg"
"148773661","prathanphon","unresolved:prathanphon:f3cb8bea5630","text_search","""Luang Pho Chin Prathan Phon""","File:Wat Tham Suea,Kanchanaburi (71).jpg","https://commons.wikimedia.org/wiki/File:Wat_Tham_Suea,Kanchanaburi_(71).jpg","https://upload.wikimedia.org/wikipedia/commons/thumb/2/2b/Wat_Tham_Suea%2CKanchanaburi_%2871%29.jpg/1920px-Wat_Tham_Suea%2CKanchanaburi_%2871%29.jpg","images/prathanphon/148773661_Wat_Tham_Suea,Kanchanaburi_(71).jpg","d1b2debf232e720283bdb8c81a1cb54855f6b285","4592","3448","CC BY-SA 4.0","กสิณธร ราชโอรส","batch22/prathanphon/148773661_Wat_Tham_Suea,Kanchanaburi_(71).jpg"
"148773664","prathanphon","unresolved:prathanphon:0eb645d3a457","text_search","""Luang Pho Chin Prathan Phon""","File:Wat Tham Suea,Kanchanaburi (73).jpg","https://commons.wikimedia.org/wiki/File:Wat_Tham_Suea,Kanchanaburi_(73).jpg","https://upload.wikimedia.org/wikipedia/commons/thumb/1/1a/Wat_Tham_Suea%2CKanchanaburi_%2873%29.jpg/1920px-Wat_Tham_Suea%2CKanchanaburi_%2873%29.jpg","images/prathanphon/148773664_Wat_Tham_Suea,Kanchanaburi_(73).jpg","8012d8d0ef4902dd02146f1f8ddefff24ac547ea","4592","3448","CC BY-SA 4.0","กสิณธร ราชโอรส","batch22/prathanphon/148773664_Wat_Tham_Suea,Kanchanaburi_(73).jpg"
"148773668","prathanphon","unresolved:prathanphon:f5fabccd8966","text_search","""Luang Pho Chin Prathan Phon""","File:Wat Tham Suea,Kanchanaburi (74).jpg","https://commons.wikimedia.org/wiki/File:Wat_Tham_Suea,Kanchanaburi_(74).jpg","https://upload.wikimedia.org/wikipedia/commons/thumb/8/83/Wat_Tham_Suea%2CKanchanaburi_%2874%29.jpg/1920px-Wat_Tham_Suea%2CKanchanaburi_%2874%29.jpg","images/prathanphon/148773668_Wat_Tham_Suea,Kanchanaburi_(74).jpg","fff42fff195d18aa576430d70581ec366c91ce94","4592","3448","CC BY-SA 4.0","กสิณธร ราชโอรส","batch22/prathanphon/148773668_Wat_Tham_Suea,Kanchanaburi_(74).jpg"
"148773672","prathanphon","unresolved:prathanphon:64cf2e80a0f7","text_search","""Luang Pho Chin Prathan Phon""","File:Wat Tham Suea,Kanchanaburi (72).jpg","https://commons.wikimedia.org/wiki/File:Wat_Tham_Suea,Kanchanaburi_(72).jpg","https://upload.wikimedia.org/wikipedia/commons/thumb/b/b3/Wat_Tham_Suea%2CKanchanaburi_%2872%29.jpg/1920px-Wat_Tham_Suea%2CKanchanaburi_%2872%29.jpg","images/prathanphon/148773672_Wat_Tham_Suea,Kanchanaburi_(72).jpg","9c89b41948e2f68b0c7483710b5bea95aa0f7206","4592","3448","CC BY-SA 4.0","กสิณธร ราชโอรส","batch22/prathanphon/148773672_Wat_Tham_Suea,Kanchanaburi_(72).jpg"
"148773682","prathanphon","unresolved:prathanphon:d765b8b63095","text_search","""Luang Pho Chin Prathan Phon""","File:Wat Tham Suea,Kanchanaburi (80).jpg","https://commons.wikimedia.org/wiki/File:Wat_Tham_Suea,Kanchanaburi_(80).jpg","https://upload.wikimedia.org/wikipedia/commons/thumb/4/48/Wat_Tham_Suea%2CKanchanaburi_%2880%29.jpg/1920px-Wat_Tham_Suea%2CKanchanaburi_%2880%29.jpg","images/prathanphon/148773682_Wat_Tham_Suea,Kanchanaburi_(80).jpg","9e0da73c542bc99017728cbc58bd61fc228f058c","4592","3448","CC BY-SA 4.0","กสิณธร ราชโอรส","batch22/prathanphon/148773682_Wat_Tham_Suea,Kanchanaburi_(80).jpg"
"148773683","prathanphon","unresolved:prathanphon:2d3213f5ff6b","text_search","""Luang Pho Chin Prathan Phon""","File:Wat Tham Suea,Kanchanaburi (81).jpg","https://commons.wikimedia.org/wiki/File:Wat_Tham_Suea,Kanchanaburi_(81).jpg","https://upload.wikimedia.org/wikipedia/commons/thumb/4/4a/Wat_Tham_Suea%2CKanchanaburi_%2881%29.jpg/1920px-Wat_Tham_Suea%2CKanchanaburi_%2881%29.jpg","images/prathanphon/148773683_Wat_Tham_Suea,Kanchanaburi_(81).jpg","ac83a1101a9eb0f8fef55449b4e456cdc70e9db2","3448","4592","CC BY-SA 4.0","กสิณธร ราชโอรส","batch22/prathanphon/148773683_Wat_Tham_Suea,Kanchanaburi_(81).jpg"
"148773684","prathanphon","unresolved:prathanphon:767ba30f9186","text_search","""Luang Pho Chin Prathan Phon""","File:Wat Tham Suea,Kanchanaburi (82).jpg","https://commons.wikimedia.org/wiki/File:Wat_Tham_Suea,Kanchanaburi_(82).jpg","https://upload.wikimedia.org/wikipedia/commons/thumb/d/d9/Wat_Tham_Suea%2CKanchanaburi_%2882%29.jpg/1920px-Wat_Tham_Suea%2CKanchanaburi_%2882%29.jpg","images/prathanphon/148773684_Wat_Tham_Suea,Kanchanaburi_(82).jpg","88ee7aa37e3a3ab085df6a0f4112f3dbeea11ee9","4592","3448","CC BY-SA 4.0","กสิณธร ราชโอรส","batch22/prathanphon/148773684_Wat_Tham_Suea,Kanchanaburi_(82).jpg"
